idx,prompt_len,resp_len,structural_jaccard,ngram_overlap_n4,affirm_prefix,sycophancy_hits,prompt_has_list,resp_has_list
0,1186,2000,0.6000,0.1161,0,0,1,1
1,381,2289,0.0000,0.0409,0,0,0,1
2,149,649,0.0000,0.0000,0,0,0,0
3,317,800,0.0000,0.0000,0,0,0,0
4,130,362,1.0000,0.0000,0,0,0,0
5,987,221,0.2000,0.0000,0,0,1,0
6,102,988,0.0000,0.0366,0,0,0,1
7,270,6113,0.0000,0.0000,0,0,0,0
8,1755,7,0.2500,0.0000,0,0,1,0
9,724,628,1.0000,0.0000,0,0,0,0
10,966,2707,0.5000,0.0186,0,0,1,1
11,89,1057,0.0000,0.0067,1,0,0,0
12,1894,3721,0.2000,0.1967,0,0,1,0
13,2647,1752,0.3333,0.0000,0,0,0,1
14,1449,3661,0.7500,0.0628,0,0,1,1
15,1911,1159,0.5000,0.0634,0,0,1,1
16,751,106,1.0000,0.0000,0,0,0,0
17,492,675,1.0000,0.0000,0,0,0,0
18,53,80,1.0000,0.0000,0,0,0,0
19,872,3004,0.5000,0.1004,0,0,1,1
20,1291,2840,0.5000,0.0905,0,0,1,1
21,161,91,0.5000,0.0000,0,0,0,0
22,981,385,0.3333,0.0000,0,0,1,0
23,197,1393,0.0000,0.0052,0,0,0,0
24,567,163,0.5000,0.0000,0,0,0,0
25,575,1,0.0000,0.0000,0,0,0,0
26,1500,8,0.2500,0.0000,0,0,1,0
27,88,252,1.0000,0.0256,0,0,0,0
28,710,711,0.0000,0.0625,0,0,0,1
29,903,1886,0.5000,0.0066,0,0,1,1
30,77,3547,0.0000,0.0022,0,0,0,0
31,77,789,1.0000,0.0667,0,0,0,0
32,1392,1719,0.6667,0.0611,0,0,1,1
33,20,1228,0.0000,0.0000,0,0,0,0
34,1831,3903,0.7500,0.2429,0,0,1,1
35,1015,2227,0.2000,0.0404,0,0,1,1
36,470,239,1.0000,0.0000,0,0,0,0
37,141,901,0.0000,0.0000,0,0,0,0
38,450,92,0.5000,0.0000,0,0,0,0
39,311,20,1.0000,0.0000,0,0,0,0
40,639,528,0.5000,0.0000,0,0,0,0
41,1936,76,0.3333,0.0714,0,0,1,0
42,366,534,0.0000,0.2621,0,0,0,0
43,2867,4270,0.2500,0.7394,0,0,0,1
44,2480,2,0.0000,0.0000,0,0,1,0
45,174,830,0.0000,0.0397,1,0,0,0
46,696,781,0.5000,0.0000,0,0,0,0
47,406,910,0.0000,0.0932,0,0,0,0
48,1802,12,0.0000,0.0000,0,0,0,0
49,138,2154,0.0000,0.0000,0,0,0,1
50,318,26,1.0000,0.0000,0,0,0,0
51,935,2067,0.6000,0.1408,0,0,1,1
53,119,511,1.0000,0.1000,0,0,0,0
54,1713,7,0.2500,0.0000,0,0,1,0
55,501,1018,0.0000,0.1635,0,0,0,1
56,537,2044,1.0000,0.0372,0,0,0,0
57,434,1338,0.0000,0.0121,0,0,0,1
58,684,1664,0.5000,0.0586,0,0,1,1
59,94,770,0.5000,0.0686,1,0,0,0
60,1421,8,0.0000,0.0000,0,0,0,0
61,107,1681,0.3333,0.0114,0,0,0,1
62,1116,2261,0.5000,0.0979,0,0,1,1
63,93,239,1.0000,0.0000,0,0,0,0
64,387,13,0.0000,0.0000,0,0,0,0
65,465,1105,0.0000,0.0988,0,0,0,1
66,952,4344,0.5000,0.0070,0,0,0,1
67,261,341,0.0000,0.3607,0,0,0,0
68,480,235,1.0000,0.0000,0,0,0,0
69,1153,1578,0.0000,0.1292,0,0,0,1
70,350,1009,0.0000,0.0544,0,0,0,1
71,533,898,0.0000,0.0828,0,0,0,0
72,588,396,0.0000,0.0000,0,0,1,0
73,1725,1633,0.5000,0.0280,0,0,1,1
74,413,1766,0.3333,0.0000,0,0,0,0
75,1071,2635,0.2500,0.0337,0,0,1,0
76,1500,323,0.0000,0.0000,0,0,0,0
77,408,296,0.5000,0.0000,0,0,0,0
78,177,1734,0.3333,0.0244,0,0,0,1
79,551,681,1.0000,0.0818,1,0,0,0
80,765,526,0.0000,0.0000,0,0,0,0
81,1124,1786,0.5000,0.0742,0,0,1,0
82,765,1874,0.3333,0.0795,0,0,0,0
83,64,465,0.0000,0.0000,0,0,0,1
84,519,1785,0.0000,0.0243,0,0,0,1
85,643,628,1.0000,0.0192,0,0,0,0
86,977,1459,1.0000,0.0971,1,0,1,1
87,481,499,0.0000,0.4634,0,0,0,0
88,302,1679,0.0000,0.0166,0,0,0,0
89,308,18,1.0000,0.0000,0,0,0,0
90,293,1600,0.0000,0.0644,0,0,0,1
91,1813,851,0.5000,0.0085,0,0,1,0
92,1390,1928,0.3333,0.0805,0,0,1,0
93,49,31,0.0000,0.0000,0,0,0,0
94,48,1861,0.0000,0.0094,0,0,0,1
95,1579,1753,0.7500,0.0288,0,0,1,1
96,312,21,1.0000,0.0000,0,0,0,0
97,64,450,1.0000,0.0000,0,0,0,0
98,1061,11,0.0000,0.0000,0,0,0,0
99,1050,2121,0.6667,0.1203,0,0,0,0
100,211,84,0.6667,0.0714,0,0,1,0
101,313,938,0.0000,0.1071,0,0,0,1
102,840,1568,0.6667,0.1115,0,0,0,0
103,289,242,1.0000,0.0000,1,0,0,0
104,1231,3914,0.4000,0.0183,0,0,1,1
105,451,964,0.0000,0.1187,0,0,0,1
106,359,1335,0.5000,0.0101,0,0,1,0
107,1276,238,0.4000,0.0000,0,0,1,0
108,259,138,0.5000,0.0000,0,0,0,0
109,50,45,0.0000,0.0769,0,0,0,0
110,564,26,1.0000,0.5000,0,0,0,0
111,361,972,0.0000,0.0701,0,0,0,1
112,223,2390,0.3333,0.0088,0,0,0,1
113,269,81,0.0000,0.0714,0,0,1,0
114,861,1680,0.0000,0.1000,0,0,0,0
115,585,495,0.5000,0.0000,0,0,1,0
116,312,22,1.0000,0.0000,0,0,0,0
117,2367,3324,0.0000,0.0399,0,0,0,0
118,840,2229,0.5000,0.1283,0,0,1,1
119,641,108,0.0000,1.0000,0,0,0,0
120,1229,872,0.5000,0.0000,0,0,1,0
121,1527,1757,0.5000,0.2310,1,0,1,1
122,1600,4752,0.3333,0.0111,0,0,0,1
123,692,658,1.0000,0.0000,0,0,0,0
124,206,371,0.0000,0.0133,0,0,0,0
125,1746,1391,0.7500,0.0539,0,0,1,1
126,142,20,0.0000,0.0000,0,0,0,0
127,317,25,1.0000,0.0000,0,0,0,0
128,37,40,0.0000,0.0000,0,0,0,0
129,139,2810,0.0000,0.0024,0,0,0,0
130,266,431,0.0000,0.2941,0,0,0,0
131,896,548,0.2500,0.0000,0,0,1,0
132,460,1416,0.0000,0.0053,0,0,0,1
133,643,456,0.0000,0.0800,0,0,0,0
134,1007,3428,0.4000,0.0716,0,0,1,1
135,91,1480,0.0000,0.0000,0,0,0,0
136,456,639,0.0000,0.1053,0,0,0,0
137,128,1998,0.0000,0.0033,0,0,0,1
138,577,538,1.0000,0.0000,0,0,0,0
139,1055,4033,0.1667,0.0172,0,0,0,1
140,1643,8,0.2500,0.0000,0,0,1,0
141,823,2216,0.5000,0.0616,0,0,1,1
142,114,829,0.0000,0.0157,0,0,0,0
143,319,455,0.5000,0.1176,0,0,0,1
144,309,19,1.0000,0.0000,0,0,0,0
145,1764,738,0.5000,0.0000,0,0,1,1
146,1765,7,0.2500,0.0000,0,0,1,0
147,31,37,1.0000,0.0000,0,0,0,0
148,333,507,0.0000,0.2188,0,0,0,0
149,1265,2505,0.2000,0.1219,0,0,1,1
150,67,223,1.0000,0.2805,0,0,0,0
151,1757,2752,0.2000,0.0707,0,0,1,0
152,832,763,0.5000,0.0000,0,0,0,0
153,133,819,0.0000,0.0242,0,0,0,0
154,1680,7,0.2500,0.0000,0,0,1,0
155,338,483,1.0000,0.1562,0,0,0,0
156,1474,327,0.2500,0.1731,0,0,1,0
157,1217,2869,0.4000,0.0147,0,0,1,1
158,59,2243,0.0000,0.0000,0,0,0,0
159,1896,4093,0.6667,0.3417,0,0,1,1
160,1680,7,0.2500,0.0000,0,0,1,0
161,163,288,0.0000,0.1020,0,0,0,0
162,1054,478,0.2000,0.0000,0,0,1,0
163,2340,59,0.0000,0.5000,0,0,0,0
164,1165,1874,0.5000,0.0731,0,0,0,1
165,215,2346,0.5000,0.0000,0,0,0,1
166,399,862,0.6667,0.0069,0,0,0,0
167,972,2018,0.2500,0.1605,0,0,1,0
168,458,1421,0.0000,0.1064,0,0,0,1
169,1638,2026,0.6667,0.1481,0,0,1,1
170,1806,230,0.0000,0.0000,0,0,0,0
171,957,592,0.2500,0.0225,0,0,1,0
172,885,1971,0.3333,0.0116,1,0,1,0
173,269,621,1.0000,0.0273,0,0,0,0
174,616,62,0.0000,0.0000,0,0,0,0
175,503,977,0.0000,0.0933,0,0,0,1
176,1916,1666,0.7500,0.0491,0,0,1,1
177,864,813,0.6667,0.1546,0,0,1,0
178,1635,3370,0.2500,0.0318,0,0,0,1
179,148,147,0.5000,0.0000,0,0,0,0
180,1002,2717,0.2000,0.0000,0,0,0,1
181,510,5062,0.0000,0.0000,0,0,0,0
182,1354,1740,0.5000,0.2583,0,0,1,1
183,280,96,0.0000,0.0000,0,0,0,0
184,251,369,0.0000,0.0411,0,0,0,0
185,809,2307,0.2500,0.0326,0,0,0,1
186,1656,1573,0.7500,0.0388,0,0,1,1
187,1645,1438,0.7500,0.0581,0,0,1,1
188,89,2075,0.0000,0.0244,0,0,0,1
189,435,4315,0.0000,0.0159,0,0,0,1
190,872,686,1.0000,1.0000,0,0,0,0
191,1127,454,0.2000,0.0000,0,0,1,0
192,2491,2284,0.2500,0.1072,0,0,0,1
193,659,314,1.0000,0.0000,0,0,0,0
194,317,25,1.0000,0.0000,0,0,0,0
195,565,187,0.5000,0.0000,0,0,0,0
196,300,399,0.0000,0.0000,0,0,0,1
197,503,510,1.0000,0.0000,0,0,0,0
198,848,558,1.0000,0.7260,0,0,0,0
199,1923,7,0.2500,0.0000,0,0,1,0
200,280,17,0.0000,1.0000,0,0,0,0
201,1483,3089,0.5000,0.1078,0,0,1,1
202,1174,1017,0.5000,0.9756,0,0,0,0
203,321,184,1.0000,1.0000,0,0,0,0
204,319,27,1.0000,1.0000,0,0,0,0
205,373,957,0.3333,0.0602,0,0,0,1
206,522,2100,0.3333,0.0028,0,0,0,0
207,822,4,0.0000,0.0000,0,0,0,0
208,1487,3553,0.4000,0.0718,0,0,1,1
209,684,1077,0.5000,0.0000,0,0,1,0
210,1726,2958,0.6667,0.0391,0,0,0,0
211,22,89,1.0000,0.0000,0,0,0,0
212,196,951,0.0000,0.0064,1,0,0,0
213,313,24,1.0000,0.0000,0,0,0,0
214,116,270,1.0000,0.0000,0,0,0,0
215,461,905,1.0000,0.1890,0,0,0,0
216,8241,452,1.0000,0.1067,0,0,0,0
217,1801,1407,0.8000,0.0174,0,0,1,1
218,313,21,1.0000,0.0000,0,0,0,0
219,873,645,0.6667,0.0000,0,0,1,0
220,2080,2145,0.3333,0.0731,0,0,0,1
221,97,215,0.0000,0.0000,0,0,0,1
222,379,568,0.0000,0.0317,0,0,0,0
223,770,98,0.3333,0.1667,0,0,1,0
224,1631,1617,0.6667,0.0678,0,0,1,1
225,1597,7,0.2500,0.0000,0,0,1,0
226,103,324,0.0000,0.1562,0,0,0,0
227,415,1118,0.6667,0.0000,0,0,1,1
228,288,88,0.0000,0.0000,0,0,0,0
229,365,1781,0.5000,0.0373,0,0,0,0
230,310,19,1.0000,0.0000,0,0,0,0
231,37,107,1.0000,0.0000,0,0,0,0
232,3085,3210,0.2500,0.0088,0,0,0,1
233,316,23,1.0000,0.0000,0,0,0,0
234,776,320,0.3333,0.0000,0,0,0,0
235,1244,75,0.0000,0.0000,0,0,0,0
236,582,1360,0.2500,0.1027,0,0,0,1
237,566,936,1.0000,0.0062,0,0,0,0
238,118,1184,0.0000,0.0211,0,0,0,1
239,347,1614,0.0000,0.0040,0,0,0,1
240,654,2303,0.2500,0.0264,1,0,0,1
241,1256,1315,0.4000,0.0000,0,0,1,0
242,672,906,0.2000,0.1385,0,0,0,1
243,408,1666,0.0000,0.0179,0,0,0,1
244,69,538,0.0000,0.0000,1,0,0,1
245,1131,10,0.0000,0.0000,0,0,0,0
246,2134,12,0.0000,0.0000,0,0,1,0
247,320,27,1.0000,0.0000,0,0,0,0
248,496,513,0.0000,0.0580,0,0,0,0
249,321,31,1.0000,0.0000,0,0,0,0
250,315,23,1.0000,0.0000,0,0,0,0
251,54,971,0.0000,0.0000,1,0,0,0
252,1342,2458,0.4000,0.0469,0,0,1,1
253,377,339,0.6667,0.0000,0,0,0,0
254,1375,2678,0.5000,0.2407,0,0,0,1
255,1414,480,0.0000,0.0000,0,0,0,0
256,1745,1654,0.5000,0.0040,0,0,0,1
257,312,20,1.0000,0.0000,0,0,0,0
258,94,528,1.0000,0.0000,0,0,0,0
259,1892,8,0.2500,0.0000,0,0,1,0
260,774,731,0.7500,0.4818,1,0,1,0
261,310,21,1.0000,0.0000,0,0,0,0
262,742,1165,0.5000,0.0000,0,0,0,0
263,350,833,0.6667,0.0348,0,0,1,0
264,86,304,1.0000,0.0204,0,0,0,0
265,365,1916,0.2500,0.0192,0,0,0,1
266,847,2252,0.4000,0.1549,0,0,0,1
267,1076,2407,0.5000,0.0443,0,0,1,1
268,1423,1521,0.2000,0.0898,0,0,1,1
269,1284,14,0.0000,1.0000,0,0,0,0
270,308,19,1.0000,0.0000,0,0,0,0
271,313,23,1.0000,0.0000,0,0,0,0
272,2276,4580,0.2500,0.0000,0,0,0,1
273,140,293,1.0000,0.0000,0,0,0,0
274,2379,3103,0.0000,0.0195,0,0,0,0
275,442,1768,0.0000,0.0082,0,0,0,1
276,1150,11,0.0000,0.0000,0,0,0,0
277,287,1639,0.3333,0.0000,0,0,0,1
278,482,910,0.6667,0.0155,1,0,0,0
279,494,1433,0.0000,0.0319,0,0,0,1
280,1468,2987,0.5000,0.0719,0,0,1,1
281,562,923,1.0000,0.0000,0,0,0,0
282,716,275,0.6667,0.0000,0,0,1,0
283,312,20,1.0000,0.0000,0,0,0,0
284,1472,1564,0.2000,0.2473,0,0,1,1
285,32,14,1.0000,0.0000,0,0,0,0
286,1077,2728,0.3333,0.1268,0,0,1,0
287,591,720,1.0000,0.0000,0,0,0,0
288,385,27,0.0000,0.0000,0,0,0,0
289,1352,4025,0.4000,0.2642,0,0,1,1
290,425,2129,0.0000,0.0318,0,0,0,1
291,391,266,1.0000,0.0000,0,0,0,0
292,1281,3132,0.3333,0.0587,0,0,1,1
293,1452,2745,0.4000,0.0731,0,0,1,1
294,1939,131,0.3333,0.4545,0,0,1,0
295,1721,1430,0.5000,0.0306,0,0,1,1
296,2044,6697,0.2000,0.0163,0,0,0,1
297,757,4679,0.0000,0.0220,0,0,0,1
298,471,333,0.6667,0.0000,0,0,1,0
299,1217,1116,0.2500,0.0000,0,0,1,0
300,2750,33,0.5000,0.0000,0,0,0,0
301,120,1718,0.0000,0.0000,0,0,0,1
302,900,89,0.3333,0.1176,0,0,1,0
303,700,1087,0.0000,0.0118,0,0,0,0
304,2367,11,0.5000,0.0000,0,0,0,0
305,18,131,1.0000,0.0000,0,0,0,0
306,593,896,1.0000,0.0000,0,0,0,0
307,445,1820,0.0000,0.0492,0,0,0,1
308,1260,1727,0.6667,0.0733,0,0,0,0
309,230,1786,0.0000,0.0075,0,0,0,1
310,152,3706,1.0000,0.0000,0,0,0,0
311,130,1072,0.0000,0.0071,0,0,0,1
312,416,1123,0.0000,0.0216,0,0,0,1
313,658,516,0.3333,0.0000,0,0,0,0
314,1397,676,0.5000,0.0342,0,0,1,0
315,622,1583,0.2500,0.0000,0,0,0,1
316,275,1935,0.0000,0.0288,0,0,0,1
317,479,659,1.0000,0.0000,0,0,0,0
318,1152,132,0.6667,0.5909,0,0,1,0
319,400,990,0.5000,0.0467,0,0,0,0
320,968,747,0.6667,0.0000,0,0,1,0
321,1739,8,0.2500,0.0000,0,0,1,0
322,632,546,1.0000,0.0349,0,0,0,0
323,820,2078,0.0000,0.0391,0,0,0,1
324,88,3418,0.0000,0.0069,0,0,0,1
325,1348,1828,0.6667,0.1329,0,0,1,1
326,915,693,0.5000,0.0000,0,0,1,0
327,545,1418,0.5000,0.0049,0,0,0,1
328,596,2794,0.6667,0.0822,0,0,1,1
329,451,1345,0.0000,0.1289,0,0,0,1
330,578,269,0.3333,0.0000,0,0,0,0
331,1526,1320,0.7500,0.0140,0,0,1,1
332,122,1414,0.0000,0.0048,0,0,0,1
333,342,1277,0.0000,0.0312,1,0,0,1
334,102,1123,0.0000,0.0155,1,0,0,0
335,567,975,1.0000,0.0397,0,0,0,0
336,188,88,0.0000,0.0667,0,0,1,0
337,1111,2999,0.5000,0.0327,0,0,1,1
338,968,2439,0.4000,0.0356,0,0,1,1
339,93,545,1.0000,0.0000,0,0,0,0
340,33,67,1.0000,0.0000,0,0,0,0
341,1913,1820,0.0000,0.0287,0,0,0,0
342,1495,5,0.0000,0.0000,0,0,0,0
343,751,1755,0.5000,0.0865,0,0,1,1
344,561,396,1.0000,0.0000,0,0,0,0
345,124,19,1.0000,0.0000,0,0,0,0
346,1248,3680,0.4000,0.0968,1,0,1,1
347,708,1570,0.0000,0.0106,0,0,0,1
348,556,1064,0.0000,0.0703,0,0,0,0
349,108,40,0.0000,0.0000,0,0,0,0
350,1858,268,1.0000,0.5111,0,0,1,1
351,613,477,1.0000,0.0000,0,0,0,0
352,150,975,0.0000,0.0000,0,0,0,1
353,735,2699,0.6667,0.0670,0,0,1,1
354,346,1635,0.0000,0.0685,0,0,0,0
355,162,1444,0.0000,0.0087,0,0,0,0
356,219,545,0.0000,0.0897,0,0,0,0
357,36,166,1.0000,0.0000,0,0,0,0
358,502,1607,0.0000,0.0041,0,0,0,0
359,509,358,1.0000,0.8000,0,0,0,0
360,116,2091,0.0000,0.0000,0,0,0,0
361,720,1063,0.0000,0.0750,0,0,0,1
362,1382,3294,0.4000,0.0329,0,0,1,1
363,1315,2118,0.4000,0.0872,0,0,1,1
364,88,2127,0.0000,0.0199,0,0,0,1
365,217,305,1.0000,0.0217,0,0,0,0
366,712,740,1.0000,0.0000,0,0,0,0
367,632,269,1.0000,0.0800,0,0,0,0
368,206,2428,0.0000,0.0334,1,0,0,0
369,1565,3975,0.6667,0.1144,0,0,1,0
370,49,62,0.0000,0.0000,0,0,0,0
371,240,853,0.0000,0.0070,1,0,0,1
372,498,156,0.0000,0.1786,0,0,0,0
373,1319,1887,0.5000,0.1145,0,0,1,1
374,457,1742,0.0000,0.0047,0,0,0,0
375,14865,379,0.3333,0.1702,0,0,1,0
376,1011,984,0.6667,0.0171,0,0,1,0
377,2943,3645,0.2000,0.0215,0,0,0,1
378,962,3385,0.4000,0.0458,0,0,1,1
379,222,2570,0.0000,0.0148,0,0,0,1
380,667,942,0.5000,0.1825,1,0,0,0
381,1110,4900,0.4000,0.1086,0,0,0,1
382,1503,3244,0.5000,0.0699,0,0,0,1
383,1065,2185,0.2500,0.0122,0,0,0,1
384,316,1350,0.2500,0.0149,0,0,0,1
385,487,1444,0.0000,0.0326,0,0,0,0
386,61,467,1.0000,0.0263,0,0,0,0
387,1116,1322,0.2500,0.1524,0,0,0,0
388,1642,2167,1.0000,0.1718,0,0,0,0
389,702,2226,0.4000,0.0585,0,0,1,1
390,94,1832,0.0000,0.0197,1,0,0,0
391,933,2467,0.2500,0.1057,0,0,1,0
392,1708,3638,0.4000,0.1477,1,0,1,1
393,4099,4705,0.2500,0.0045,0,0,0,1
394,221,334,1.0000,0.0000,0,0,0,0
395,142,1731,0.0000,0.0000,0,0,0,0
396,815,1352,0.3333,0.1472,0,0,0,1
397,1598,226,1.0000,0.0000,0,0,1,1
398,401,1612,0.0000,0.0544,0,0,0,1
399,62,47,0.0000,0.0000,0,0,0,0
400,1606,1465,0.7500,0.0116,0,0,1,1
401,606,725,1.0000,0.0000,0,0,0,0
402,757,735,1.0000,0.0000,0,0,0,0
403,375,1250,0.5000,0.0000,0,0,0,0
404,1907,7,0.2500,0.0000,0,0,1,0
405,318,2009,0.0000,0.0175,0,0,0,1
406,317,25,1.0000,0.0000,0,0,0,0
407,1173,1518,0.3333,0.0772,0,0,1,0
408,594,923,0.6667,0.0000,0,0,0,0
409,838,4396,0.0000,0.0196,0,0,0,1
410,146,834,0.0000,0.0000,1,0,0,0
411,1160,1914,0.4000,0.1048,0,0,1,1
412,294,991,0.0000,0.1437,0,0,0,1
413,307,2386,0.0000,0.0028,0,0,0,1
414,618,3392,0.0000,0.0000,0,0,0,1
415,1481,3363,0.6667,0.0486,0,0,0,0
416,32,34,0.0000,0.0000,0,0,0,0
417,1079,1267,0.6667,0.1429,1,0,1,1
418,187,1674,0.0000,0.1162,0,0,0,1
419,1301,3350,0.2500,0.0020,0,0,0,1
420,1742,5,0.2500,0.0000,0,0,1,0
421,1894,5,0.2500,0.0000,0,0,1,0
422,375,2714,0.0000,0.0133,0,0,0,1
423,864,1235,0.0000,0.0068,0,0,0,0
424,117,486,1.0000,0.0986,0,0,0,0
425,157,1428,0.0000,0.0048,0,0,0,1
426,872,665,1.0000,0.0000,0,0,0,0
427,1277,2386,0.2000,0.1675,0,0,1,1
428,788,1005,0.6667,0.1496,0,0,1,0
429,143,452,0.0000,0.1395,0,0,0,0
430,1462,1564,0.6667,0.0750,0,0,1,0
431,964,497,0.6667,0.0000,0,0,1,0
432,253,220,0.0000,0.0000,0,0,0,0
433,783,148,0.3333,0.3333,0,0,1,0
434,1425,2541,0.5000,0.0958,0,0,0,1
435,425,859,0.0000,0.1856,0,0,0,0
436,61,59,0.0000,0.2500,0,0,0,0
437,615,572,1.0000,0.0000,0,0,0,0
438,85,2743,0.0000,0.0000,0,0,0,1
439,710,3006,0.3333,0.0197,0,0,0,1
440,73,1646,0.0000,0.0000,0,0,0,0
441,53,148,1.0000,0.0000,0,0,0,0
442,62,462,1.0000,0.0556,0,0,0,0
443,2004,83,0.3333,0.0000,0,0,1,0
444,77,95,1.0000,0.5000,0,0,0,0
445,76,36,1.0000,0.0000,0,0,0,0
446,315,752,0.0000,0.1429,0,0,0,0
447,1269,1276,0.5000,0.0000,0,0,1,0
448,472,1211,0.0000,0.1243,0,0,0,1
449,130,2043,0.0000,0.0000,0,0,0,1
450,281,944,0.6667,0.0185,0,0,0,0
451,926,1110,0.7500,0.0671,1,0,0,0
452,309,19,1.0000,0.0000,0,0,0,0
453,177,2,1.0000,0.0000,0,0,0,0
454,915,1986,0.5000,0.0371,0,0,1,1
455,74,18,1.0000,0.0000,0,0,0,0
456,71,38,1.0000,0.0000,0,0,0,0
457,354,835,0.0000,0.0083,0,0,0,0
458,962,1079,0.2500,0.0082,0,0,1,0
459,269,470,0.0000,0.0690,0,0,0,0
460,549,1864,0.0000,0.0432,0,0,0,1
461,1925,7,0.2500,0.0000,0,0,1,0
462,315,23,1.0000,0.0000,0,0,0,0
463,1606,965,0.6000,0.0000,0,0,1,0
464,46,1692,0.0000,0.0000,0,0,0,1
465,1352,1928,0.6667,0.1429,0,0,1,1
466,2980,294,0.5000,0.7656,0,0,0,0
467,97,27,0.0000,0.0000,0,0,0,0
468,200,1162,0.0000,0.0667,0,0,0,1
469,309,18,1.0000,0.0000,0,0,0,0
470,107,102,0.0000,0.2857,0,0,0,0
471,48,36,1.0000,0.0000,0,0,0,0
472,1745,5,0.2500,0.0000,0,0,1,0
473,1300,5074,0.4000,0.0578,0,0,1,1
474,121,294,0.0000,0.0000,0,0,0,1
475,482,995,0.0000,0.0753,0,0,0,0
476,1600,7,0.2500,0.0000,0,0,1,0
477,332,106,0.0000,0.0000,0,0,0,0
478,436,552,0.0000,0.1538,0,0,0,0
479,370,1038,0.0000,0.0000,1,0,0,0
480,320,27,1.0000,0.0000,0,0,0,0
481,552,798,0.0000,0.1688,0,0,0,0
482,242,350,0.0000,0.0923,0,0,0,0
483,5,7,1.0000,0.0000,0,0,0,0
484,1047,934,0.6667,0.0000,0,0,1,0
485,952,2497,0.4000,0.1449,1,0,1,1
486,1270,2340,0.2000,0.1625,0,0,1,1
487,310,19,1.0000,0.0000,0,0,0,0
488,972,2813,0.5000,0.0903,0,0,1,1
489,289,323,1.0000,0.0000,0,0,0,0
490,1703,3296,0.0000,0.0169,0,0,0,0
491,190,68,1.0000,0.0000,0,0,0,0
492,923,794,1.0000,0.0000,0,0,0,0
493,832,2057,0.4000,0.1313,1,0,1,1
494,1464,2798,0.6000,0.0506,0,0,0,1
495,784,1935,0.2500,0.0073,0,0,0,1
496,267,1105,0.0000,0.0058,1,0,0,1
497,313,21,1.0000,0.0000,0,0,0,0
498,308,1010,0.3333,0.0560,1,0,0,0
499,84,178,0.5000,0.1111,0,0,0,0
500,1422,292,0.0000,0.0000,0,0,1,0
501,1582,1027,0.5000,0.0000,0,0,1,1
502,3630,1322,0.5000,0.0952,0,0,0,0
503,1822,7,0.2500,0.0000,0,0,1,0
504,692,533,1.0000,0.0000,0,0,0,0
505,1050,388,0.3333,0.0000,0,0,1,0
506,911,1401,0.6000,0.1805,1,0,0,1
507,45,19,1.0000,0.0000,0,0,0,0
508,593,870,0.0000,0.0547,0,0,0,0
509,768,407,0.5000,0.2692,0,0,0,0
510,720,350,0.6667,0.0000,0,0,1,0
511,65,2649,0.0000,0.0000,0,0,0,1
512,3347,1740,0.5000,0.4677,0,0,0,0
513,1224,1587,0.3333,0.0993,0,0,1,0
514,192,414,0.0000,0.1548,0,0,0,0
515,77,346,1.0000,0.0500,0,0,0,0
516,1136,3014,0.5000,0.0954,0,0,0,1
517,113,104,0.0000,0.0000,0,0,0,0
518,709,510,1.0000,0.0132,0,0,0,0
519,981,3010,0.6667,0.0095,0,0,1,0
520,12534,502,0.0000,0.0000,0,0,0,0
521,311,19,1.0000,0.0000,0,0,0,0
522,647,213,1.0000,0.0000,0,0,0,0
523,685,2230,0.5000,0.0057,0,0,0,0
524,834,1649,0.5000,0.1993,0,0,1,1
525,981,215,0.4000,0.0000,0,0,1,0
526,201,517,0.0000,0.0543,0,0,0,0
527,113,74,0.0000,0.9091,0,0,0,0
528,310,18,1.0000,0.0000,0,0,0,0
529,313,21,1.0000,0.0000,0,0,0,0
530,100,628,0.0000,0.0000,0,0,0,0
531,545,2873,0.0000,0.0458,0,0,0,1
532,1365,2479,0.2500,0.1281,0,0,1,0
533,2565,1636,1.0000,0.1188,0,0,0,0
534,1536,3007,0.4000,0.1077,0,0,1,1
535,414,752,0.0000,0.0783,0,0,0,1
536,216,855,0.0000,0.0154,0,0,0,0
537,153,2872,0.0000,0.0181,0,0,0,0
538,30,42,0.0000,0.0000,0,0,0,0
539,812,2,0.0000,0.0000,0,0,0,0
540,190,938,0.0000,0.0217,0,0,0,1
541,278,194,0.0000,0.0000,0,0,0,0
542,846,1896,0.0000,0.0201,0,0,0,0
543,575,5524,0.2000,0.0000,0,0,0,1
544,223,1861,0.0000,0.0000,0,0,0,1
545,68,2462,0.0000,0.0024,0,0,0,0
546,976,2402,0.4000,0.0434,0,0,1,1
547,1302,1933,0.6667,0.1012,0,0,1,1
548,92,435,1.0000,0.0000,0,0,0,0
549,520,1622,0.0000,0.0308,0,0,0,1
550,1817,73,0.3333,0.0833,0,0,1,0
551,885,1501,0.3333,0.0976,0,0,1,0
552,146,233,0.0000,0.1136,0,0,0,0
553,918,2637,0.2500,0.0635,0,0,1,0
554,1040,1916,0.4000,0.0817,0,0,1,1
555,1806,1554,0.6000,0.0222,0,0,1,1
556,386,1009,0.0000,0.0727,0,0,0,0
557,308,1110,0.0000,0.0963,0,0,0,0
558,318,26,1.0000,0.0000,0,0,0,0
559,411,72,1.0000,0.0000,0,0,0,0
560,14962,1856,0.5000,0.3863,0,0,0,0
561,1110,717,1.0000,0.0000,0,0,0,0
562,422,1122,1.0000,0.0000,0,0,0,0
563,809,391,0.5000,0.2449,0,0,0,0
564,64,331,1.0000,0.0364,0,0,0,0
565,312,21,1.0000,0.0000,0,0,0,0
566,59,162,1.0000,0.0000,0,0,0,0
567,640,986,0.0000,0.1273,0,0,0,1
568,355,992,0.0000,0.0806,0,0,0,0
569,1956,4281,0.4000,0.0364,0,0,0,1
570,550,1001,0.4000,0.1689,0,0,1,1
571,654,1344,0.0000,0.0559,0,0,0,0
572,40,127,0.0000,0.0714,0,0,0,1
573,1514,2064,0.5000,0.0060,0,0,1,1
574,234,437,1.0000,0.0571,0,0,0,0
575,174,305,1.0000,0.0000,0,0,0,0
576,420,844,0.0000,0.1829,0,0,0,0
577,1001,373,1.0000,0.6167,0,0,0,0
578,91,3154,0.0000,0.0000,0,0,0,1
579,581,670,0.6667,0.0000,0,0,1,0
580,34,299,1.0000,0.0323,0,0,0,0
581,513,870,0.0000,0.0323,0,0,0,0
582,829,524,0.0000,0.1538,0,0,0,0
583,364,694,0.0000,0.0250,0,0,0,0
584,211,1366,0.0000,0.0000,0,0,0,0
585,101,511,0.0000,0.0581,1,0,0,0
586,74,970,0.0000,0.0050,0,0,0,0
587,936,132,0.0000,0.0000,0,0,0,0
588,197,65,1.0000,0.0000,0,0,0,0
589,561,1563,1.0000,0.0000,0,0,0,0
590,259,611,0.0000,0.0000,0,0,0,0
591,67,277,1.0000,0.0000,0,0,0,0
592,459,1865,0.0000,0.0040,0,0,0,1
593,720,2458,0.3333,0.0000,0,0,0,0
594,1626,1806,0.7500,0.0074,0,0,1,1
595,2951,2479,0.5000,0.0969,0,0,0,1
596,664,1418,0.0000,0.0547,0,0,0,1
597,1273,1790,0.4000,0.0708,0,0,1,1
598,2767,5064,0.2000,0.0158,0,0,0,1
599,361,1169,0.0000,0.0050,1,0,0,0
600,897,810,0.6000,0.2353,1,0,1,0
601,855,1172,0.5000,0.0357,0,0,0,1
602,539,935,0.2500,0.0533,0,0,0,1
603,88,522,1.0000,0.0000,0,0,0,0
604,308,2289,0.0000,0.0000,0,0,0,1
605,1287,2427,0.4000,0.1090,0,0,1,1
606,1563,848,0.5000,0.0476,0,0,1,1
607,1269,125,0.0000,0.3913,0,0,1,0
608,92,1499,0.0000,0.0173,1,0,0,1
609,319,27,1.0000,0.0000,0,0,0,0
610,1629,8,0.2500,0.0000,0,0,1,0
611,384,1231,0.0000,0.0765,0,0,0,1
612,514,3251,0.1667,0.0465,0,0,0,1
613,545,342,0.3333,0.0000,0,0,0,0
614,342,721,0.0000,0.0000,0,0,0,1
615,163,1697,0.0000,0.0000,0,0,0,0
616,596,1379,0.0000,0.1574,0,0,0,1
617,1237,830,0.6667,0.0000,0,0,1,0
618,529,522,1.0000,0.0000,0,0,0,0
619,159,191,0.0000,0.0000,0,0,0,0
620,636,1764,1.0000,0.0548,0,0,0,0
621,112,44,1.0000,0.0000,0,0,0,0
622,1586,1334,0.6000,0.0176,0,0,1,1
623,121,3231,0.0000,0.0000,0,0,0,1
624,874,1319,0.0000,0.1677,0,0,0,1
625,456,825,0.0000,0.1150,0,0,0,0
626,1990,2196,0.5000,0.0825,1,0,0,1
627,52,875,0.0000,0.0000,0,0,0,0
628,153,1294,0.0000,0.0437,0,0,0,1
629,938,3030,0.5000,0.0800,0,0,0,1
630,173,2223,0.0000,0.0000,0,0,0,0
631,474,1337,0.0000,0.0909,0,0,0,1
632,667,1630,0.0000,0.0243,0,0,0,0
633,282,622,0.0000,0.1966,0,0,0,0
634,373,239,1.0000,0.0000,0,0,0,0
635,283,2261,0.0000,0.0000,0,0,0,0
636,255,642,0.0000,0.0556,0,0,0,0
637,1205,350,0.5000,0.0000,0,0,0,0
638,421,1074,1.0000,0.0196,0,0,0,0
639,891,1011,0.5000,0.0144,0,0,1,1
640,406,1891,0.0000,0.0000,0,0,0,1
641,60,239,1.0000,0.0833,0,0,0,0
642,1142,2085,0.2000,0.0698,0,0,0,1
643,601,427,0.0000,0.0200,0,0,0,0
644,2153,1968,0.5000,0.0596,1,0,1,1
645,1458,3478,0.5000,0.0307,0,0,1,1
646,1119,2312,0.5000,0.0536,0,0,1,1
647,1545,5,0.2500,0.0000,0,0,1,0
648,371,124,1.0000,0.1304,0,0,0,0
649,102,80,1.0000,0.0000,0,0,0,0
650,140,77,1.0000,0.0000,0,0,0,0
651,85,249,1.0000,0.0000,0,0,0,0
652,2186,3987,0.4000,0.0061,0,0,0,1
653,311,113,0.6667,0.1579,0,0,1,0
654,217,1126,0.0000,0.0000,0,0,0,0
655,1615,1408,0.6667,0.0000,0,0,0,0
656,739,38,0.0000,0.0000,0,0,0,0
657,1665,487,0.0000,0.0000,0,0,1,0
658,328,397,0.0000,0.0270,0,0,0,0
659,244,815,0.0000,0.0438,0,0,0,1
660,596,1182,1.0000,0.0000,0,0,0,0
661,276,489,0.0000,0.1414,0,0,0,0
662,1746,1673,0.7500,0.0000,0,0,1,1
663,950,530,0.6667,0.1698,0,0,1,0
664,1077,2172,0.2500,0.0326,0,0,1,0
665,1323,1976,0.2500,0.2202,0,0,1,0
666,312,21,1.0000,0.0000,0,0,0,0
667,1021,26,0.0000,0.0000,0,0,0,0
668,3996,2930,0.2000,0.0129,0,0,0,1
669,1791,1620,0.6000,0.0423,0,0,1,1
670,382,544,0.0000,0.0000,0,0,0,0
671,809,249,0.6667,0.0000,0,0,1,0
672,1919,8,0.2500,0.0000,0,0,1,0
673,307,1863,0.0000,0.0400,0,0,0,1
674,1748,5,0.2500,0.0000,0,0,1,0
675,135,3165,0.0000,0.0000,0,0,0,0
676,226,84,0.3333,0.0000,0,0,1,0
677,607,430,0.0000,0.0274,0,0,0,0
678,316,24,1.0000,0.0000,0,0,0,0
679,164,1521,0.0000,0.0342,0,0,0,0
680,1282,2682,0.5000,0.0800,0,0,1,1
681,1546,2430,0.2000,0.1845,0,0,1,1
682,135,325,0.0000,0.0339,0,0,0,0
683,104,2143,0.0000,0.0300,0,0,0,1
684,1121,4485,0.3333,0.0000,0,0,0,1
685,973,2883,0.2000,0.1579,0,0,1,1
686,967,626,0.6667,0.0000,0,0,1,0
687,1765,3490,0.0000,0.0082,0,0,0,0
688,374,710,1.0000,0.0000,0,0,0,0
689,698,1835,0.0000,0.4198,0,0,0,1
690,312,20,1.0000,0.0000,0,0,0,0
691,393,1972,0.0000,0.0279,0,0,0,0
692,158,3214,0.0000,0.0091,0,0,0,1
693,156,101,0.0000,0.0000,0,0,0,0
694,181,1265,0.0000,0.1266,0,0,0,1
695,551,99,0.6667,0.4500,0,0,1,0
696,893,1715,0.0000,0.0155,0,0,0,0
697,52,40,1.0000,0.0000,0,0,0,0
698,973,189,0.2000,0.0000,0,0,1,0
699,109,1312,0.0000,0.0000,0,0,0,1
700,1123,384,0.4000,0.0000,0,0,1,0
701,317,24,1.0000,0.0000,0,0,0,0
702,81,1833,0.0000,0.0153,0,0,0,1
703,42,18,1.0000,0.0000,0,0,0,0
704,1114,1198,0.2000,0.1444,0,0,1,1
705,1181,424,0.5000,0.0149,0,0,0,0
706,1642,7,0.2500,0.0000,0,0,1,0
707,312,21,1.0000,0.0000,0,0,0,0
708,1107,3267,0.4000,0.0725,0,0,1,1
709,166,894,0.0000,0.1613,0,0,0,0
710,862,7,0.5000,0.0000,0,0,0,0
711,422,247,0.0000,0.0270,0,0,0,0
712,1705,7,0.2500,0.0000,0,0,1,0
713,413,581,0.0000,0.0000,0,0,0,0
714,71,644,1.0000,0.0995,0,0,0,0
715,321,5952,0.0000,0.0000,0,0,0,1
716,316,24,1.0000,0.0000,0,0,0,0
717,1568,3559,0.0000,0.0339,0,0,0,0
718,1292,2621,0.4000,0.2128,0,0,1,1
719,38,638,1.0000,0.0000,0,0,0,0
720,1132,1433,0.6667,0.0338,0,0,1,1
721,315,23,1.0000,0.0000,0,0,0,0
722,1735,5,0.2500,0.0000,0,0,1,0
723,57,240,1.0000,0.0698,0,0,0,0
724,316,24,1.0000,0.0000,0,0,0,0
725,192,184,1.0000,0.0000,0,0,0,0
726,636,944,0.2500,0.0000,0,0,0,1
727,1727,1342,0.7500,0.0100,0,0,1,1
728,1412,2863,0.5000,0.1425,0,0,1,0
729,1128,7729,0.5000,0.0308,0,0,1,1
730,329,273,0.0000,0.0952,0,0,0,0
731,463,8,0.0000,0.0000,0,0,0,0
732,2182,2813,0.6000,0.1041,0,0,1,1
733,42,323,1.0000,0.0192,0,0,0,0
734,2703,3184,0.2500,0.3504,0,0,0,1
735,1441,2860,0.4000,0.0595,0,0,1,1
736,1588,1694,0.6000,0.0271,0,0,1,1
737,561,943,0.3333,0.1613,0,0,0,0
738,1417,2952,0.5000,0.0308,0,0,1,1
739,97,1987,0.0000,0.0129,0,0,0,1
740,1417,2572,0.6667,0.0668,0,0,0,1
741,671,315,0.6667,0.0000,0,0,1,0
742,398,447,0.0000,0.1772,0,0,0,0
743,500,844,0.3333,0.1481,0,0,1,0
744,309,17,1.0000,0.0000,0,0,0,0
745,1341,3190,0.6667,0.0000,0,0,1,0
746,1032,1415,0.0000,0.2000,0,0,0,0
747,1265,2737,0.4000,0.0810,0,0,1,1
748,501,1254,0.0000,0.0164,0,0,0,0
749,92,239,0.3333,0.1429,1,0,0,0
750,2344,1449,0.3333,0.0040,0,0,0,1
751,841,630,0.5000,0.0000,0,0,1,0
752,1888,7,0.2500,0.0000,0,0,1,0
753,851,2269,0.2500,0.1033,0,0,1,0
754,495,13,0.5000,0.0000,0,0,0,0
755,705,1100,0.0000,0.0071,0,0,0,1
756,53,552,1.0000,0.0000,0,0,0,0
757,148,257,1.0000,0.0000,0,0,0,0
758,611,976,1.0000,0.0892,1,0,0,0
759,540,1162,0.0000,0.1705,0,0,0,1
760,17,6,1.0000,0.0000,0,0,0,0
761,887,2565,0.2000,0.0482,0,0,1,1
762,68,536,1.0000,0.0000,0,0,0,0
763,982,1873,0.2500,0.1019,0,0,1,1
764,4272,3745,0.8000,0.0489,0,0,0,1
765,1167,1495,0.4000,0.0988,0,0,1,0
766,1676,7,0.2500,0.0000,0,0,1,0
767,1278,156,0.0000,0.0000,0,0,1,0
768,862,405,0.6667,0.0196,0,0,1,0
769,182,848,0.0000,0.0000,0,0,0,1
770,37,107,1.0000,0.0000,0,0,0,0
771,1691,7,0.2500,0.0000,0,0,1,0
772,1285,2310,0.2000,0.0333,0,0,1,1
773,105,542,0.3333,0.0133,1,0,0,0
774,307,16,1.0000,0.0000,0,0,0,0
775,419,9,0.0000,0.0000,0,0,0,0
776,1016,2822,0.5000,0.0754,0,0,1,1
777,619,824,0.0000,0.1736,0,0,0,1
778,33,417,0.0000,0.0000,0,0,0,0
779,1723,2632,0.4000,0.1422,0,0,1,1
780,1802,1044,0.5000,0.0000,0,0,1,1
781,92,821,0.0000,0.0000,0,0,0,1
782,87,407,1.0000,0.1955,0,0,0,0
783,612,4101,0.3333,0.0071,0,0,0,1
784,1785,1399,0.7500,0.0417,0,0,1,1
785,277,161,1.0000,0.0000,0,0,0,0
786,685,331,1.0000,0.0000,0,0,0,0
787,343,463,0.0000,0.0989,0,0,0,0
788,983,2209,0.2000,0.1148,0,0,1,1
789,130,26,0.5000,0.0000,0,0,0,0
790,1095,2515,0.5000,0.0605,0,0,0,1
791,1043,2175,0.3333,0.1542,0,0,1,0
792,458,222,1.0000,0.0000,0,0,0,0
793,177,1628,0.0000,0.0084,0,0,0,0
794,609,1218,0.6667,0.0000,0,0,1,0
795,359,637,0.0000,0.0854,0,0,0,0
796,634,2350,0.0000,0.0306,0,0,0,1
797,274,19,0.0000,1.0000,0,0,0,0
798,2784,43,0.0000,0.0000,0,0,0,0
799,316,27,1.0000,0.0000,0,0,0,0
800,244,168,0.0000,0.0000,0,0,1,0
801,142,1315,0.0000,0.0000,1,0,0,0
802,309,17,1.0000,0.0000,1,0,0,0
803,175,513,1.0000,0.0000,0,0,0,0
804,214,1613,0.0000,0.0270,0,0,0,1
805,1098,3106,0.4000,0.0874,0,0,1,1
806,440,751,0.0000,0.1290,0,0,0,0
807,463,1389,0.0000,0.1288,0,0,0,1
808,1174,1189,0.5000,0.0905,0,0,1,0
809,312,21,1.0000,0.0000,0,0,0,0
810,1043,1418,0.0000,0.0312,0,0,0,0
811,659,1,0.0000,0.0000,0,0,0,0
812,1491,75,0.3333,0.1667,0,0,1,0
813,241,426,0.3333,0.0000,0,0,0,0
814,1524,3353,0.4000,0.0839,0,0,1,1
815,227,130,0.3333,0.0000,0,0,1,0
816,1193,2942,0.4000,0.0389,0,0,1,1
817,1312,3127,0.4000,0.0315,0,0,1,1
818,1687,2181,0.5000,0.1072,0,0,1,1
819,1163,1936,0.6000,0.1290,0,0,1,1
820,246,1133,0.0000,0.0547,0,0,0,1
821,496,135,0.5000,0.0000,0,0,0,0
822,1767,7,0.2500,0.0000,0,0,1,0
823,937,1404,0.4000,0.0506,0,0,1,0
824,865,2933,0.5000,0.0832,0,0,1,1
825,146,196,0.5000,0.0000,0,0,0,0
826,14,17,1.0000,0.0000,0,0,0,0
827,506,629,0.0000,0.0316,0,0,0,0
828,408,1194,0.3333,0.0299,1,0,0,0
829,142,522,1.0000,0.0000,0,0,0,0
830,1784,8,0.2500,0.0000,0,0,1,0
831,1015,1678,0.4000,0.0651,0,0,1,1
832,1163,4092,0.4000,0.0200,0,0,1,1
833,155,390,1.0000,0.0000,0,0,0,0
834,179,2937,0.0000,0.0095,0,0,0,1
835,430,242,1.0000,0.0000,0,0,0,0
836,308,17,1.0000,0.0000,0,0,0,0
837,316,24,1.0000,0.0000,0,0,0,0
838,740,2450,0.5000,0.1239,0,0,1,1
839,71,37,1.0000,0.3333,0,0,0,0
840,1017,2355,0.2000,0.0204,0,0,0,1
841,381,9,0.0000,0.0000,0,0,0,0
842,1407,6455,0.2500,0.0497,0,0,1,0
843,184,1399,0.5000,0.0000,0,0,0,1
844,1031,1372,0.6667,0.0260,0,0,1,0
845,1032,4435,0.2500,0.1708,0,0,1,0
846,1012,4604,0.3333,0.0081,0,0,0,1
847,356,618,0.0000,0.1453,0,0,0,0
848,940,1709,0.3333,0.1116,0,0,0,0
849,75,10,0.0000,1.0000,0,0,0,0
850,8317,1931,0.8000,0.0308,0,0,1,0
851,208,179,0.5000,0.3548,0,0,0,0
852,1495,7,0.2500,0.0000,0,0,1,0
853,361,977,0.0000,0.0065,0,0,0,0
854,184,424,0.0000,0.1923,0,0,0,0
855,277,469,0.5000,0.1528,0,0,0,0
856,671,1666,0.2500,0.1667,0,0,1,0
857,1248,1498,0.5000,0.0909,0,0,0,1
858,1131,2132,0.5000,0.0942,0,0,1,0
859,691,49,0.5000,0.0000,0,0,0,0
860,311,1989,0.3333,0.0308,0,0,0,1
861,1386,2606,0.2000,0.0998,0,0,1,1
862,497,408,1.0000,0.0000,0,0,0,0
863,3878,2823,0.2000,0.0830,0,0,0,1
864,1113,2651,0.5000,0.0800,0,0,1,1
865,1516,1901,0.6667,0.0103,0,0,0,0
866,1024,3069,0.2000,0.0548,0,0,1,1
867,71,375,1.0000,0.0000,0,0,0,0
868,551,2676,0.0000,0.0790,0,1,0,0
869,596,319,1.0000,0.0000,0,0,0,0
870,197,1135,0.6667,0.0000,0,0,0,0
871,1758,1356,0.7500,0.0457,0,0,1,1
872,372,643,0.0000,0.0789,0,0,0,0
873,1000,1705,0.5000,0.0727,0,0,1,1
874,615,520,0.6667,0.0000,0,0,1,0
875,37,14,1.0000,0.0000,0,0,0,0
876,656,1252,0.5000,0.0000,0,0,0,1
877,488,184,1.0000,0.0000,0,0,0,0
878,456,1313,0.0000,0.0435,0,0,0,1
879,144,39,1.0000,0.8182,0,0,0,0
880,144,1610,0.0000,0.0000,1,0,0,1
881,244,2532,0.0000,0.0365,0,0,0,1
882,456,333,0.6667,0.0233,0,0,1,0
883,269,696,0.0000,0.1379,0,0,0,1
884,825,618,1.0000,0.0000,0,0,0,0
885,1607,7,0.2500,0.0000,0,0,1,0
886,1787,7,0.2500,0.0000,0,0,1,0
887,1684,87,0.2500,0.5385,0,0,1,0
888,314,21,1.0000,0.0000,0,0,0,0
889,319,26,1.0000,0.0000,0,0,0,0
890,1345,2490,0.5000,0.0104,0,0,0,1
891,1228,2582,0.5000,0.0971,0,0,0,1
892,784,4,0.0000,0.0000,0,0,0,0
893,406,1620,0.5000,0.0402,0,0,0,0
894,175,25,1.0000,0.0000,0,0,0,0
895,666,1536,1.0000,0.0356,0,0,0,0
896,560,730,1.0000,0.0000,0,0,0,0
897,1652,5,0.2500,0.0000,0,0,1,0
898,168,2513,0.0000,0.0057,0,0,0,1
899,238,926,0.0000,0.1118,0,0,0,0
900,310,18,1.0000,0.0000,0,0,0,0
901,1690,2807,0.2500,0.1432,0,0,1,1
902,84,742,0.0000,0.0000,0,0,0,0
903,1157,2860,0.6000,0.0354,0,0,1,1
904,85,451,1.0000,0.0000,0,0,0,0
905,134,373,1.0000,0.0000,0,0,0,0
906,812,884,0.0000,0.0246,0,0,0,0
907,316,24,1.0000,0.0000,0,0,0,0
908,422,1197,0.0000,0.0670,0,0,0,1
909,840,2246,0.6667,0.1259,0,0,0,0
910,1604,3654,0.4000,0.1276,0,0,1,1
911,109,1911,0.0000,0.0000,0,0,0,1
912,1024,2765,0.2500,0.0727,0,0,1,0
913,1360,3209,0.2000,0.1501,0,0,1,1
914,634,1489,0.0000,0.0960,0,0,0,1
915,3461,3,0.0000,0.0000,0,0,1,0
916,1052,3979,0.6667,0.0488,0,0,1,1
917,73,609,0.0000,0.0000,1,0,0,1
918,1187,473,0.5000,0.0000,0,0,1,0
919,478,2557,0.4000,0.0073,0,0,0,1
920,959,2609,0.3333,0.0373,0,0,0,1
921,140,1300,0.0000,0.0000,0,0,0,0
922,664,1674,0.0000,0.0599,0,0,0,1
923,69,45,1.0000,0.0000,0,0,0,0
924,835,1112,1.0000,0.0773,0,0,0,0
925,414,74,0.0000,0.1111,0,0,0,0
926,693,2756,0.5000,0.0750,0,0,1,1
927,101,366,0.0000,0.0000,0,0,0,1
928,391,3624,0.5000,0.0404,0,0,0,1
929,666,591,0.0000,0.1379,0,0,0,0
930,270,1678,0.0000,0.0089,1,0,0,0
931,1395,1950,0.2000,0.0965,0,0,1,1
932,202,575,0.0000,0.0125,1,0,0,0
933,1194,1975,0.2500,0.1771,1,0,1,0
934,950,1849,0.5000,0.1715,0,0,1,1
935,599,2516,0.2500,0.0233,1,0,1,0
936,979,1111,0.5000,0.0000,0,0,1,0
937,112,307,1.0000,0.0000,0,0,0,0
938,1473,714,0.5000,0.0000,0,0,1,0
939,319,1886,0.0000,0.0000,0,0,0,1
940,191,136,0.3333,0.0000,0,0,1,0
941,322,29,1.0000,0.0000,0,0,0,0
942,216,332,0.0000,0.0167,0,0,0,0
943,191,2202,0.0000,0.0000,1,0,0,1
944,1250,2246,0.4000,0.0784,0,0,1,1
945,131,2845,0.0000,0.0096,0,0,0,1
946,994,2402,0.6667,0.0883,0,0,1,1
947,205,134,1.0000,0.0000,0,0,0,0
948,567,526,1.0000,0.0506,0,0,0,0
949,805,5211,0.2500,0.0095,0,0,0,1
950,1584,2729,0.2000,0.0630,0,0,1,1
951,821,1370,0.5000,0.0091,0,0,1,1
952,869,109,0.0000,0.0000,0,0,0,0
953,575,1979,0.5000,0.0201,0,0,1,1
954,766,319,0.6667,0.0000,0,0,1,0
955,2519,1739,0.2000,0.0595,0,0,0,1
956,1692,8,0.2500,0.0000,0,0,1,0
957,315,2265,0.0000,0.0000,0,0,0,0
958,545,135,1.0000,0.0000,0,0,0,0
959,1377,3416,0.4000,0.1223,0,0,1,1
960,37,308,1.0000,0.0000,0,0,0,0
961,1723,428,1.0000,0.0000,0,0,0,0
962,198,1803,0.0000,0.0000,0,0,0,0
963,1285,3171,0.2000,0.1096,0,0,1,1
964,272,1716,0.0000,0.0766,0,0,0,0
965,192,1425,0.0000,0.0426,0,0,0,1
966,1121,2758,0.4000,0.1202,0,0,1,1
967,498,1008,0.0000,0.1081,0,0,0,1
968,185,16,0.0000,0.0000,0,0,0,0
969,553,555,0.0000,0.0645,0,0,0,0
970,475,465,0.0000,0.0962,0,0,0,0
971,330,1375,0.6667,0.0096,0,0,0,0
972,659,458,1.0000,0.0000,0,0,0,0
973,531,206,1.0000,0.0000,0,0,0,0
974,33,52,0.0000,0.4118,0,0,0,0
975,654,8,0.0000,0.0000,0,0,0,0
976,310,20,1.0000,0.0000,0,0,0,0
977,1047,493,1.0000,0.0000,0,0,0,0
978,1245,2853,0.5000,0.1270,0,0,1,1
979,332,895,0.0000,0.0000,0,0,0,1
980,1757,991,0.5000,0.0178,0,0,1,1
981,1025,309,0.3333,0.0000,0,0,0,0
982,527,591,0.0000,0.1029,0,0,0,0
983,242,1043,1.0000,0.0898,0,0,0,0
984,122,1860,0.0000,0.0000,0,0,0,0
985,1910,3254,0.4000,0.1254,0,0,1,1
986,396,1124,0.0000,0.0000,0,0,0,0
987,1420,1933,0.5000,0.0520,0,0,1,1
988,608,136,0.6667,0.0000,0,0,0,0
989,226,134,0.0000,0.2400,0,0,1,0
990,69,120,1.0000,0.0833,0,0,0,0
991,290,371,0.0000,0.1449,0,0,0,0
992,2961,85,0.0000,0.0000,0,0,0,0
993,310,19,1.0000,0.0000,0,0,0,0
994,156,99,1.0000,0.0000,0,0,0,0
995,255,597,0.0000,0.1262,0,0,0,1
996,314,21,1.0000,0.0000,0,0,0,0
997,456,154,1.0000,0.0000,0,0,0,0
998,1687,7,0.2500,0.0000,0,0,1,0
999,53,564,1.0000,0.0000,0,0,0,0
1000,54,2104,0.0000,0.0000,0,0,0,0
1001,652,2671,0.2000,0.0687,0,0,1,1
1002,709,193,0.3333,0.0000,0,0,1,0
1003,1401,118,1.0000,0.5000,0,0,0,0
1004,1172,2835,0.6667,0.0550,0,0,1,1
1005,250,450,0.0000,0.2045,0,0,0,0
1006,497,849,0.2500,0.0602,0,0,0,1
1007,915,2837,0.4000,0.1132,1,0,0,1
1008,1657,68,0.5000,0.0909,0,0,0,0
1009,87,275,1.0000,0.0000,0,0,0,0
1010,4341,1027,0.2000,0.0500,0,0,0,1
1011,2629,5714,0.2500,0.0239,0,0,0,1
1012,513,1343,0.0000,0.1741,0,0,0,1
1013,38,50,0.0000,0.2000,0,0,0,0
1014,2270,3946,0.2500,0.0574,0,0,0,1
1015,439,314,0.0000,0.1220,0,0,0,0
1016,224,947,1.0000,0.0000,1,0,0,0
1017,369,270,0.5000,0.0000,0,0,0,0
1018,1667,2534,0.6667,0.0000,0,0,1,0
1019,1739,3169,0.6667,0.0733,0,0,0,0
1020,1302,1980,0.2500,0.2878,0,0,1,0
1021,254,410,0.0000,0.0132,0,0,0,0
1022,51,2087,0.0000,0.0065,0,0,0,0
1023,635,1812,0.0000,0.0294,0,0,0,1
1024,753,375,1.0000,0.0000,0,0,0,0
1025,309,17,1.0000,0.0000,0,0,0,0
1026,55,186,1.0000,0.0000,0,0,0,0
1027,1109,2348,0.2000,0.0803,0,0,1,1
1028,1769,7,0.2500,0.0000,0,0,1,0
1029,1123,1801,1.0000,0.9888,0,0,1,1
1030,573,291,1.0000,0.0000,0,0,0,0
1031,1048,2176,0.4000,0.0955,0,0,1,1
1032,514,1492,0.3333,0.0218,0,0,0,0
1033,147,287,0.0000,0.2000,0,0,0,0
1034,308,16,1.0000,0.0000,0,0,0,0
1035,1106,1560,0.3333,0.1848,0,0,1,0
1036,798,720,1.0000,0.0000,0,0,0,0
1037,53,4651,0.0000,0.0006,0,0,0,0
1038,315,23,1.0000,0.0000,0,0,0,0
1039,1138,1677,0.6000,0.0171,1,0,0,1
1040,238,897,0.0000,0.0000,0,0,0,0
1041,845,526,1.0000,0.0000,0,0,0,0
1042,2194,2846,0.2500,0.0338,0,0,0,0
1043,420,338,0.0000,0.0000,0,0,0,1
1044,90,239,1.0000,0.0000,0,0,0,0
1045,1485,1897,0.3333,0.0521,0,0,1,0
1046,180,698,0.0000,0.0084,0,0,0,0
1047,402,2696,0.5000,0.1773,1,0,1,1
1048,319,26,1.0000,0.0000,0,0,0,0
1049,1015,408,1.0000,0.0000,0,0,0,0
1050,1617,5,0.2500,0.0000,0,0,1,0
1051,294,1106,0.0000,0.0811,0,0,0,1
1052,50,176,0.0000,0.0333,0,0,0,0
1053,58,1480,0.0000,0.0000,0,0,0,1
1054,740,472,1.0000,0.0441,0,0,0,0
1055,1878,8,0.2500,0.0000,0,0,1,0
1056,309,18,1.0000,0.0000,0,0,0,0
1057,229,54,0.0000,0.0000,0,0,0,0
1058,38,3639,0.0000,0.0000,0,0,0,1
1059,1299,1749,0.6667,0.0157,1,0,0,0
1060,1214,67,0.3333,0.0769,0,0,1,0
1061,1044,342,0.4000,0.0000,0,0,1,0
1062,298,587,0.0000,0.4123,0,0,0,1
1063,425,44,0.0000,0.0000,0,0,0,0
1064,1268,2073,0.7500,0.1514,0,0,1,1
1065,314,22,1.0000,0.0000,0,0,0,0
1066,1142,3427,0.5000,0.1042,0,0,1,1
1067,69,2466,0.0000,0.0000,1,0,0,1
1068,240,1341,0.5000,0.0233,1,0,0,1
1069,621,2678,0.2500,0.1584,0,0,0,1
1070,2136,2498,0.3333,0.0296,0,0,0,1
1071,333,1285,0.0000,0.0000,0,0,0,0
1072,1859,2307,0.7500,0.0512,0,0,1,1
1073,316,768,0.0000,0.0000,0,0,0,0
1074,759,332,1.0000,0.7115,0,0,0,0
1075,469,1558,0.0000,0.1787,0,0,0,0
1076,725,719,0.6667,0.0000,0,0,1,0
1077,96,367,1.0000,0.0615,0,0,0,0
1078,162,3304,0.0000,0.0057,0,0,0,0
1079,585,138,1.0000,0.0000,0,0,0,0
1080,254,1020,0.3333,0.1119,0,0,0,0
1081,829,772,0.6667,0.0000,0,0,1,0
1082,1329,405,0.3333,0.0000,0,0,0,0
1083,131,1704,0.0000,0.0000,0,0,0,1
1084,561,723,0.0000,0.0000,0,0,0,0
1085,960,1694,0.0000,0.0087,0,0,0,1
1086,626,1299,0.0000,0.0688,0,0,0,1
1087,434,2926,0.0000,0.0000,0,0,0,1
1088,470,718,0.0000,0.2522,0,0,0,1
1089,109,1334,0.0000,0.0653,0,0,0,0
1090,1201,5479,0.5000,0.0212,0,0,1,1
1091,554,17,1.0000,1.0000,0,0,0,0
1092,431,3687,0.5000,0.0110,0,0,0,0
1093,1315,3205,0.4000,0.0704,0,0,1,1
1094,1576,8,0.2500,0.0000,0,0,1,0
1095,1916,933,0.2000,0.0000,0,0,1,0
1096,214,5,0.0000,0.0000,0,0,0,0
1097,442,250,1.0000,0.1778,0,0,0,0
1098,311,19,1.0000,0.0000,0,0,0,0
1099,1282,2990,0.4000,0.0192,0,0,1,1
1100,203,2384,0.0000,0.0123,0,0,0,1
1101,1193,1747,0.2000,0.0846,0,0,1,1
1102,979,2060,0.5000,0.1625,0,0,1,1
1103,169,414,0.0000,0.2564,0,0,0,0
1104,316,23,1.0000,0.0000,0,0,0,0
1105,1708,8,0.2500,0.0000,0,0,1,0
1106,1008,5720,0.2500,0.0000,0,0,0,1
1107,277,371,0.5000,0.0500,0,0,0,0
1108,1649,8,0.2500,0.0000,0,0,1,0
1109,315,25,1.0000,0.0000,0,0,0,0
1110,30,267,1.0000,0.0000,0,0,0,0
1111,744,8,0.5000,0.0000,0,0,0,0
1112,773,1417,0.3333,0.1404,1,0,0,0
1113,493,1260,0.2500,0.0355,0,0,0,1
1114,77,450,0.0000,0.0000,0,0,0,0
1115,350,1517,0.0000,0.0370,0,0,0,1
1116,996,1702,0.8000,0.1101,1,0,1,1
1117,312,20,1.0000,0.0000,0,0,0,0
1118,1033,2374,0.5000,0.0923,0,0,1,1
1119,1665,7,0.2500,0.0000,0,0,1,0
1120,1679,82,0.3333,0.0769,0,0,1,0
1121,2700,548,0.0000,0.1389,0,0,0,0
1122,230,2174,1.0000,0.0033,0,0,0,0
1123,192,490,0.0000,0.0000,0,0,0,0
1124,778,2365,0.2500,0.0550,0,0,1,1
1125,337,523,1.0000,0.2556,0,0,0,0
1126,75,1930,0.0000,0.0000,0,0,0,1
1127,569,252,1.0000,0.0250,0,0,0,0
1128,1309,1918,0.2000,0.0200,0,0,1,1
1129,260,954,0.0000,0.0067,1,0,0,1
1130,568,744,0.3333,0.0000,0,0,0,0
1131,584,569,1.0000,0.3793,0,0,0,0
1132,37,91,1.0000,0.3043,0,0,0,0
1133,312,20,1.0000,0.0000,0,0,0,0
1134,834,25,0.5000,0.0000,0,0,0,0
1135,28,913,0.0000,0.0000,0,0,0,0
1136,404,758,0.0000,0.0505,0,0,0,1
1137,4928,861,0.5000,0.9510,0,0,0,0
1138,250,1356,0.0000,0.0000,0,0,0,0
1139,1260,3034,0.4000,0.1036,1,0,1,1
1140,893,757,0.0000,0.0157,0,0,0,0
1141,515,1901,0.2500,0.0000,1,1,0,1
1142,122,565,0.0000,0.0211,0,0,0,0
1143,327,100,1.0000,1.0000,0,0,0,0
1144,10,274,1.0000,0.0000,0,0,0,0
1145,1621,7,0.2500,0.0000,0,0,1,0
1146,1299,929,0.6000,0.2222,0,0,1,0
1147,827,1374,0.7500,0.1805,0,0,0,0
1148,490,641,0.0000,0.3511,0,0,0,0
1149,90,222,1.0000,0.1250,0,0,0,0
1150,193,388,0.5000,0.0444,0,0,0,0
1151,989,1269,0.0000,0.0637,0,0,0,0
1152,365,171,1.0000,0.0000,0,0,0,0
1153,1081,710,0.0000,0.1441,0,0,0,0
1154,1165,632,0.2000,0.0000,0,0,1,0
1155,11,118,1.0000,0.0000,0,0,0,0
1156,2904,4722,0.2000,0.0017,0,0,0,1
1157,314,76,0.0000,0.2500,0,0,0,0
1158,775,368,0.0000,0.0000,0,0,0,0
1159,76,384,1.0000,0.0000,0,0,0,0
1160,1244,2370,0.5000,0.0416,0,0,1,1
1161,487,1268,0.5000,0.0000,0,0,0,0
1162,844,1169,0.6667,0.0000,0,0,0,0
1163,473,4870,0.0000,0.0014,0,0,0,0
1164,1824,7,0.2500,0.0000,0,0,1,0
1165,8,116,1.0000,0.0000,0,0,0,0
1166,451,1209,0.0000,0.0118,0,0,0,1
1167,488,2004,0.0000,0.0097,0,0,0,1
1168,1050,665,1.0000,0.1622,0,0,1,1
1169,321,28,1.0000,1.0000,0,0,0,0
1170,1065,2540,0.7500,0.1054,0,0,1,1
1171,763,2449,0.5000,0.0477,0,0,1,1
1172,859,169,0.2000,0.0000,0,0,1,0
1173,96,38,1.0000,0.0000,0,0,0,0
1174,311,22,1.0000,0.0000,0,0,0,0
1175,42,74,1.0000,0.0000,0,0,0,0
1176,1350,2563,0.5000,0.0758,0,0,1,1
1177,924,2681,0.5000,0.0556,0,0,1,1
1178,1291,2669,0.6000,0.0501,0,0,1,1
1179,62,137,1.0000,0.0000,0,0,0,0
1180,1236,2769,0.3333,0.0000,0,0,1,0
1181,1574,72,0.3333,0.1538,0,0,1,0
1182,1285,1804,0.2500,0.1049,0,0,1,0
1183,167,868,0.0000,0.0000,0,0,0,0
1184,600,386,1.0000,0.0000,0,0,0,0
1185,458,1200,0.0000,0.1006,0,0,0,1
1186,1497,1129,0.7500,0.0052,0,0,1,1
1187,542,719,1.0000,0.0000,0,0,0,0
1188,310,18,1.0000,0.0000,0,0,0,0
1189,24,137,0.0000,0.0000,0,0,0,0
1190,34,10,1.0000,0.0000,0,0,0,0
1191,1795,7,0.2500,0.0000,0,0,1,0
1192,707,801,0.5000,0.0449,0,0,0,0
1193,1465,2321,0.4000,0.0323,0,0,1,1
1194,190,44,1.0000,0.0000,0,0,0,0
1195,2136,2241,0.2500,0.0767,0,0,0,1
1196,159,954,0.0000,0.1130,0,0,0,0
1197,870,636,1.0000,0.0000,0,0,0,0
1198,1000,143,0.6667,0.0000,0,0,1,0
1199,1028,613,1.0000,0.0000,0,0,0,0
1200,170,899,0.0000,0.0000,0,0,0,1
1201,713,1864,0.6667,0.0505,0,0,1,1
1202,833,1717,0.3333,0.0363,1,0,1,1
1203,490,679,1.0000,0.0805,0,0,0,0
1204,51,2750,0.0000,0.0000,0,0,0,0
1205,1493,2784,0.8000,0.1670,0,0,1,1
1206,308,4,0.0000,0.0000,0,0,0,0
1207,1739,8,0.2500,0.0000,0,0,1,0
1208,736,844,0.0000,0.0392,0,0,0,1
1209,81,988,0.0000,0.0000,0,0,0,0
1210,26,7,1.0000,0.0000,0,0,0,0
1211,1371,3343,0.5000,0.0962,0,0,1,1
1212,741,2864,0.6667,0.0104,0,0,1,0
1213,1108,3551,0.5000,0.1138,0,0,1,1
1214,106,2,1.0000,0.0000,0,0,0,0
1215,1040,2801,0.5000,0.0608,0,0,1,1
1216,1620,309,0.4000,0.0000,0,0,1,1
1217,653,1977,0.3333,0.0183,0,0,0,0
1218,373,86,1.0000,0.0000,0,0,0,0
1219,154,404,1.0000,0.0000,0,0,0,0
1220,183,2025,0.0000,0.0137,0,0,0,1
1221,99,2626,0.0000,0.0000,0,0,0,1
1222,170,482,0.0000,0.2816,0,0,0,0
1223,686,894,1.0000,0.0000,0,0,0,0
1224,539,506,0.5000,0.0000,0,0,1,0
1225,1646,4357,0.2000,0.0000,0,0,1,0
1226,728,738,1.0000,0.0000,0,0,0,0
1227,529,45,0.5000,0.1667,0,0,0,0
1228,1456,1293,0.3333,0.0000,0,0,0,0
1229,129,29,0.0000,0.0000,0,0,0,0
1230,371,3025,0.2500,0.0144,0,0,0,1
1231,693,10,0.5000,0.0000,0,0,0,0
1232,187,545,0.0000,0.0485,0,0,0,0
1233,552,1225,0.3333,0.0754,0,0,0,1
1234,1607,1883,0.7500,0.0402,0,0,1,1
1235,124,722,0.0000,0.0000,0,0,0,0
1236,1675,1836,0.6000,0.0375,0,0,1,1
1237,947,1349,1.0000,0.0748,0,0,0,0
1238,246,419,0.0000,0.0000,0,0,0,0
1239,318,29,1.0000,0.0000,0,0,0,0
1240,139,372,1.0000,0.0000,0,0,0,0
1241,161,340,0.0000,0.0845,0,0,0,0
1242,38,2009,0.0000,0.0035,0,0,0,0
1243,694,1919,0.5000,0.0157,0,0,1,0
1244,349,2243,0.5000,0.0000,1,0,0,1
1245,66,317,0.0000,0.0385,0,0,0,0
1246,350,115,0.0000,0.0000,0,0,0,0
1247,103,2779,0.0000,0.0000,1,0,0,1
1248,9,404,0.0000,0.0000,0,0,0,0
1249,1153,1731,0.6000,0.1679,0,0,1,1
1250,2383,2918,0.0000,0.0152,0,0,0,1
1251,370,167,1.0000,0.0000,0,0,0,0
1252,1057,2438,0.5000,0.1040,0,0,1,1
1253,322,180,0.0000,0.0345,0,0,0,0
1254,1649,2943,0.4000,0.0826,0,0,1,1
1255,208,527,0.0000,0.1333,0,0,0,0
1256,155,1151,0.0000,0.0111,0,0,0,0
1257,1664,1410,0.5000,0.0243,0,0,1,1
1258,753,873,0.6667,0.0435,0,0,1,1
1259,776,150,0.3333,0.2692,0,0,1,0
1260,1344,3894,0.5000,0.1032,0,0,0,1
1261,50,367,1.0000,0.0000,0,0,0,0
1262,142,726,1.0000,0.0180,0,0,0,0
1263,883,1267,0.0000,0.0588,0,0,0,0
1264,300,1519,0.5000,0.0588,1,0,0,0
1265,5712,131,0.0000,0.0000,0,0,0,0
1266,354,831,0.6667,0.0000,0,0,0,0
1267,298,361,0.0000,0.0656,0,0,0,0
1268,804,77,1.0000,0.5556,0,0,0,0
1269,749,283,0.5000,0.0000,0,0,1,0
1270,219,3015,0.0000,0.0000,0,0,0,1
1271,79,1016,0.0000,0.0000,0,0,0,1
1272,189,436,0.0000,0.1579,0,0,0,0
1273,421,2046,0.2500,0.0034,0,0,0,1
1274,3876,8,0.0000,0.0000,0,0,0,0
1275,935,1720,0.0000,0.0291,0,0,0,1
1276,570,1716,0.0000,0.0142,0,0,0,1
1277,371,1150,0.0000,0.1574,0,0,0,0
1278,112,239,1.0000,0.0000,0,0,0,0
1279,988,2947,0.3333,0.0293,0,0,0,1
1280,506,876,0.0000,0.0463,0,0,0,0
1281,466,1087,0.0000,0.0722,0,0,0,1
1282,971,1092,0.6000,0.1557,1,0,1,0
1283,1359,1657,0.6667,0.0204,1,0,0,0
1284,181,1519,0.5000,0.0085,0,0,0,0
1285,1740,331,0.3333,0.0000,0,0,0,0
1286,484,851,0.0000,0.0292,0,0,0,1
1287,662,1546,0.2500,0.1009,0,0,0,1
1288,987,240,0.6667,0.0000,0,0,1,0
1289,81,3497,0.0000,0.0000,0,0,0,0
1290,156,328,0.0000,0.0000,0,0,0,0
1291,500,674,0.0000,0.0930,0,0,0,0
1292,310,19,1.0000,0.0000,0,0,0,0
1293,281,1387,0.0000,0.0580,0,0,0,1
1294,87,1443,0.0000,0.0000,0,0,0,0
1295,83,482,1.0000,0.0000,0,0,0,0
1296,164,477,0.0000,0.0482,0,0,0,0
1297,519,2711,0.1667,0.0181,0,0,0,1
1298,979,2419,0.4000,0.0951,0,0,1,1
1299,1039,2079,0.4000,0.0185,0,0,0,1
1300,733,222,0.5000,0.0000,0,0,0,0
1301,770,246,0.0000,0.6429,0,0,1,0
1302,580,5376,0.2000,0.0013,0,0,0,1
1303,6117,4701,0.4000,0.0787,0,0,0,1
1304,185,61,1.0000,0.0000,0,0,0,0
1305,685,938,0.5000,0.0585,0,0,0,0
1306,445,1179,0.0000,0.0976,0,0,0,1
1307,921,2303,0.5000,0.0669,0,0,0,1
1308,162,83,0.6667,0.0000,0,0,1,0
1309,913,1467,0.0000,0.0701,0,0,0,1
1310,527,18,1.0000,0.0000,0,0,0,0
1311,1150,2881,0.3333,0.1409,0,0,0,1
1312,1631,503,0.2000,0.0000,0,0,1,0
1313,310,19,1.0000,0.0000,0,0,0,0
1314,1423,2238,0.5000,0.0607,0,0,1,1
1315,1924,1373,0.6000,0.0211,0,0,1,1
1316,308,19,1.0000,0.0000,0,0,0,0
1317,782,1647,0.3333,0.0436,1,0,0,0
1318,117,11,1.0000,0.0000,0,0,0,0
1319,7089,72,0.5000,0.0000,0,0,0,0
1320,275,89,1.0000,1.0000,0,0,0,0
1321,409,266,1.0000,0.0000,0,0,0,0
1322,272,659,1.0000,0.0721,0,0,0,0
1323,921,531,0.5000,0.2121,0,0,0,0
1324,776,1078,1.0000,0.0491,0,0,0,0
1325,631,623,1.0000,0.0000,0,0,0,0
1326,587,477,0.5000,0.9067,0,0,0,0
1327,1834,8,0.2500,0.0000,0,0,1,0
1328,1470,1056,0.5000,0.0305,0,0,1,1
1329,195,87,0.0000,0.0000,0,0,0,0
1330,651,1885,0.0000,0.0413,0,0,0,0
1331,1542,1234,0.7500,0.0102,0,0,1,1
1332,24,103,1.0000,0.0606,0,0,0,0
1333,1242,760,0.6667,0.0000,0,0,1,0
1334,135,78,0.0000,0.2500,0,0,0,0
1336,1071,2070,0.5000,0.0934,0,0,1,1
1337,1674,3052,0.0000,0.0230,0,0,0,0
1338,614,900,1.0000,0.0000,0,0,0,0
1339,149,71,0.0000,0.0769,0,0,0,0
1340,1294,3047,0.6000,0.0178,0,0,1,1
1341,327,581,0.5000,0.0935,0,0,0,0
1342,481,625,0.0000,0.0306,0,0,0,0
1343,71,1534,0.0000,0.0039,0,0,0,0
1344,203,809,0.0000,0.0345,1,0,0,0
1345,699,1728,0.4000,0.1068,0,0,1,1
1346,1391,2881,0.5000,0.0560,0,0,1,1
1347,520,1159,0.0000,0.0279,0,0,0,0
1348,799,95,0.3333,0.1176,0,0,1,0
1349,1357,3059,0.5000,0.0000,0,0,1,0
1350,46,2121,0.0000,0.0000,1,0,0,1
1351,352,1588,0.2500,0.0678,1,0,0,1
1352,2277,8,0.0000,0.0000,0,0,0,0
1353,780,1476,0.5000,0.1873,0,0,1,1
1354,168,383,0.0000,0.2000,0,0,0,0
1355,455,1222,0.0000,0.0847,0,0,0,1
1356,1059,650,0.2500,0.0495,0,0,1,0
1357,1225,2869,0.5000,0.1975,0,0,1,0
1358,349,2111,0.2500,0.0227,0,0,0,1
1359,1640,1513,0.5000,0.0511,0,0,1,1
1360,346,1639,0.0000,0.0151,0,0,0,1
1361,990,434,0.3333,0.1216,0,0,1,0
1362,291,1860,0.2500,0.0115,0,0,0,1
1363,1954,7,0.2500,0.0000,0,0,1,0
1364,550,2787,0.0000,0.0000,0,0,0,1
1365,79,100,0.0000,0.3846,0,0,0,0
1366,105,40,1.0000,0.0000,0,0,0,0
1367,940,3142,0.2500,0.0421,0,0,0,1
1368,1781,7,0.2500,0.0000,0,0,1,0
1369,175,269,0.0000,0.0000,0,0,0,0
1370,823,1026,0.0000,0.0169,0,0,0,0
1371,833,2161,0.3333,0.4407,0,0,0,0
1372,262,790,0.7500,0.0450,0,0,0,0
1373,392,1543,0.6667,0.0292,1,0,0,0
1374,999,1347,0.6667,0.0176,0,0,0,0
1375,1544,1498,0.4000,0.0000,0,0,1,0
1376,1203,2149,0.5000,0.1213,0,0,0,1
1377,101,2098,0.0000,0.0000,0,0,0,1
1378,1748,93,0.3333,0.3684,0,0,1,0
1379,1324,1754,0.6667,0.0625,0,0,0,0
1380,1139,3023,0.5000,0.0845,0,0,1,1
1381,1089,2386,0.5000,0.0933,0,0,1,1
1382,918,2895,0.2500,0.0000,0,0,0,1
1383,518,438,0.0000,0.1667,0,0,0,0
1384,400,1865,0.5000,0.0074,0,0,0,0
1385,29,37,1.0000,0.0000,0,0,0,0
1386,73,97,1.0000,0.5385,0,0,0,0
1387,731,1217,0.3333,0.0000,0,0,0,0
1388,1630,327,0.3333,0.0000,0,0,1,0
1389,1182,724,0.6667,0.1053,0,0,1,0
1390,164,54,0.0000,0.0000,0,0,0,0
1391,176,130,0.0000,0.0000,0,0,0,0
1392,67,2121,1.0000,0.0160,0,0,0,0
1393,620,193,0.5000,0.0000,0,0,0,0
1394,2212,2615,0.3333,0.2175,0,0,0,1
1395,1080,1840,0.5000,0.1014,0,0,1,1
1396,412,4,0.0000,0.0000,0,0,0,0
1397,96,644,0.0000,0.0000,0,0,0,0
1398,796,1975,0.2500,0.1686,0,0,0,1
1399,47,19,1.0000,0.0000,0,0,0,0
1400,5301,144,0.0000,0.0000,0,0,0,0
1401,106,379,1.0000,0.0847,0,0,0,0
1402,352,1596,0.0000,0.0000,0,0,0,1
1403,927,2316,0.3333,0.2000,0,0,0,1
1404,378,186,0.5000,0.0000,0,0,0,0
1405,1046,548,0.4000,0.0120,0,0,1,0
1406,378,1240,0.0000,0.0780,0,0,0,1
1407,1737,7,0.2500,0.0000,0,0,1,0
1408,308,19,1.0000,0.0000,0,0,0,0
1409,1154,902,0.5000,0.2430,0,0,1,0
1410,1640,2830,0.4000,0.0948,0,0,1,1
1411,407,36,0.0000,0.0000,0,0,0,0
1412,28,4,1.0000,0.0000,0,0,0,0
1413,952,1460,0.5000,0.0038,0,0,0,0
1414,317,293,1.0000,0.0000,0,0,0,0
1415,1407,1595,0.5000,0.1154,0,0,1,1
1416,76,1013,0.0000,0.0000,0,0,0,0
1417,394,29,1.0000,0.0000,0,0,0,0
1418,1430,3069,0.5000,0.0992,0,0,0,1
1419,1682,229,1.0000,0.3571,0,0,1,1
1420,487,1305,0.3333,0.0000,0,0,0,1
1421,307,18,1.0000,0.0000,0,0,0,0
1422,202,81,0.0000,0.0000,0,0,0,0
1423,3105,318,0.0000,0.1587,0,0,0,0
1424,506,490,0.3333,0.0000,0,0,0,0
1425,13986,145,0.0000,1.0000,0,0,0,0
1426,1839,7,0.2500,0.0000,0,0,1,0
1427,590,1658,0.2500,0.0000,0,0,1,0
1428,209,2653,0.0000,0.0026,0,0,0,1
1429,1137,1676,0.6667,0.0892,0,0,1,0
1430,687,674,0.5000,0.0000,0,0,1,0
1431,1853,5,0.2500,0.0000,0,0,1,0
1432,673,351,1.0000,0.0000,0,0,0,0
1433,2852,413,0.0000,0.0123,0,0,0,0
1434,3030,3630,0.2000,0.0308,0,0,0,1
1435,1397,3286,0.7500,0.0844,0,0,1,1
1436,1693,5,0.2500,0.0000,0,0,1,0
1437,1467,3942,0.4000,0.1346,0,0,1,1
1438,717,1876,0.3333,0.0000,0,0,0,0
1439,341,1191,0.5000,0.0000,0,0,0,0
1440,318,29,1.0000,0.0000,0,0,0,0
1441,316,23,1.0000,0.0000,0,0,0,0
1442,1095,1012,0.5000,0.0000,0,0,0,0
1443,1539,2772,0.4000,0.1559,0,0,1,1
1444,995,3929,0.4000,0.0502,0,0,0,1
1445,1770,342,0.2500,0.0196,0,0,1,0
1446,935,1519,0.6667,0.0661,0,0,0,1
1447,3622,4040,0.2500,0.0285,0,0,0,1
1448,1491,1501,0.5000,0.0087,0,0,1,1
1449,430,360,0.5000,0.0000,0,0,0,0
1450,318,1408,0.0000,0.0682,0,0,0,1
1451,170,427,0.0000,0.2410,0,0,0,0
1452,1385,36,0.0000,0.0000,0,0,0,0
1453,764,836,1.0000,0.0063,0,0,0,0
1454,1415,5306,0.4000,0.0570,0,0,1,1
1455,816,2575,0.5000,0.0588,0,0,1,1
1456,2148,2683,0.3333,0.0277,0,0,0,1
1457,59,17,1.0000,0.0000,0,0,0,0
1458,146,85,0.0000,0.0000,0,0,1,0
1459,940,1241,0.0000,0.0259,0,0,0,0
1460,51,1527,0.0000,0.0000,1,0,0,0
1461,310,21,1.0000,0.0000,0,0,0,0
1462,552,334,0.6667,0.0000,0,0,1,0
1463,761,781,1.0000,0.0000,0,0,0,0
1464,1038,2877,0.4000,0.0348,0,0,0,1
1465,68,1597,0.0000,0.0169,0,0,0,0
1466,169,491,0.0000,0.0737,0,0,0,0
1467,342,1434,0.0000,0.0479,0,0,0,0
1468,1018,2918,0.2000,0.0361,0,0,1,1
1469,1535,1247,0.5000,0.0225,0,0,1,1
1470,956,257,0.3333,0.0000,0,0,0,0
1471,98,1986,1.0000,0.0054,0,0,1,1
1472,163,602,0.0000,0.0565,0,0,0,0
1473,578,262,0.3333,0.0000,0,0,0,0
1474,29,2042,0.0000,0.0000,0,0,0,0
1475,1067,654,0.5000,0.0000,0,0,1,0
1476,2055,2,0.0000,0.0000,0,0,0,0
1477,171,279,1.0000,0.0000,0,0,0,0
1478,45,389,1.0000,0.0753,0,0,0,0
1479,235,1967,0.0000,0.0067,0,0,0,0
1480,162,1809,0.0000,0.1225,0,0,0,1
1481,227,96,0.0000,0.1765,0,0,1,0
1482,170,347,0.0000,0.3594,0,0,0,0
1483,576,3818,0.0000,0.0019,0,0,0,1
1484,640,2209,0.2500,0.0399,0,0,0,1
1485,1353,1395,0.2000,0.1897,0,0,1,1
1486,288,35,1.0000,0.2500,0,0,0,0
1487,1673,8,0.2500,0.0000,0,0,1,0
1488,2328,2839,0.2000,0.0046,0,0,0,1
1489,308,17,1.0000,0.0000,0,0,0,0
1490,1134,202,0.4000,0.0000,0,0,1,0
1491,313,23,1.0000,0.0000,0,0,0,0
1492,1271,2999,0.5000,0.0945,0,0,1,1
1493,890,3623,0.5000,0.2074,0,0,1,0
1494,181,475,0.0000,0.0000,0,0,1,0
1495,494,479,0.0000,0.1311,0,0,0,0
1496,310,19,1.0000,0.0000,0,0,0,0
1497,162,762,0.5000,0.0847,0,0,0,0
1498,1178,1082,0.6667,0.0000,0,0,0,0
1499,596,1111,0.2500,0.1565,0,0,0,0
1500,1526,8,0.2500,0.0000,0,0,1,0
1501,1835,75,0.5000,0.0000,0,0,0,0
1502,1770,7,0.2500,0.0000,0,0,1,0
1503,1254,134,0.6667,0.0000,0,0,0,0
1504,498,445,1.0000,0.0000,0,0,0,0
1505,1274,911,0.5000,0.0435,0,0,1,0
1506,1226,1733,0.2500,0.0000,0,0,1,0
1507,1728,7,0.2500,0.0000,0,0,1,0
1508,415,1288,0.0000,0.2562,0,0,0,1
1509,1102,1856,0.6667,0.1570,0,0,1,1
1510,1330,2855,0.2500,0.0745,0,0,0,1
1511,37,180,0.0000,0.0000,0,0,0,0
1512,4318,1313,0.0000,0.1232,0,0,0,1
1513,173,446,1.0000,0.0000,0,0,0,0
1514,526,343,1.0000,0.0278,0,0,0,0
1515,116,82,1.0000,0.0000,0,0,0,0
1516,1246,433,0.3333,0.0000,0,0,1,0
1517,35,14,1.0000,0.0000,0,0,0,0
1518,725,3020,0.2500,0.0164,0,0,0,1
1519,249,102,0.0000,0.0000,0,0,0,0
1520,611,899,0.6667,0.0114,0,0,0,0
1521,434,276,1.0000,0.0000,0,0,0,0
1522,1341,569,0.2000,0.0000,0,0,1,0
1523,980,1631,0.6667,0.1449,0,0,1,1
1524,642,1562,0.3333,0.0947,0,0,0,0
1525,316,23,1.0000,0.0000,0,0,0,0
1526,247,439,0.0000,0.3523,0,0,0,1
1527,240,2319,0.0000,0.0000,0,0,0,1
1528,1086,3174,0.6667,0.0941,0,0,1,1
1529,249,970,0.0000,0.1622,0,0,0,1
1530,573,1786,0.2500,0.0000,1,0,0,1
1531,590,2330,0.0000,0.0143,0,0,0,1
1532,223,132,0.5000,0.0000,0,0,0,0
1533,316,23,1.0000,0.0000,0,0,0,0
1534,1077,2788,0.4000,0.2655,0,0,0,1
1535,309,17,1.0000,0.0000,0,0,0,0
1536,48,370,1.0000,0.0526,0,0,0,0
1537,1072,2278,0.4000,0.0326,0,0,1,1
1538,135,578,0.0000,0.0000,0,0,0,0
1539,4267,34,0.0000,0.0000,0,0,0,0
1540,1038,3972,0.4000,0.2304,0,0,1,1
1541,23,95,1.0000,0.0000,0,0,0,0
1542,1043,2507,0.2500,0.0705,0,0,1,0
1543,2321,12,0.0000,0.0000,0,0,0,0
1544,157,136,0.0000,0.0000,0,0,0,0
1545,564,4488,0.2500,0.0046,0,0,0,1
1546,986,2482,0.2500,0.1287,0,0,1,0
1547,88,40,1.0000,0.0000,0,0,0,0
1548,985,1590,0.8000,0.1157,1,0,1,1
1549,315,415,0.0000,0.0746,0,0,0,0
1550,319,1256,0.0000,0.0410,0,0,0,1
1551,472,30,0.0000,0.0000,0,0,0,0
1552,213,662,0.0000,0.1269,0,0,0,0
1553,77,543,0.0000,0.0000,0,0,0,0
1554,1040,56,0.0000,0.0000,0,0,0,0
1555,885,1772,0.2000,0.1369,0,0,1,1
1556,1269,2355,0.5000,0.0876,0,0,1,1
1557,1687,200,0.0000,0.0250,0,0,0,0
1558,359,2649,0.0000,0.0056,0,0,0,0
1559,826,1638,0.5000,0.0938,0,0,1,1
1560,145,250,0.0000,0.1364,0,0,0,0
1561,1221,3009,0.2000,0.0390,0,0,1,1
1562,55,2315,0.0000,0.0000,0,0,0,0
1563,549,204,0.6667,0.0000,0,0,1,0
1564,42,2576,0.0000,0.0144,0,0,0,1
1565,3040,2796,0.3333,0.4786,0,0,0,0
1566,630,439,1.0000,0.0000,0,0,0,0
1567,36,514,0.0000,0.0000,0,0,0,0
1568,610,102,0.5000,0.0000,0,0,0,0
1569,1980,2818,0.2000,0.2226,0,0,1,1
1570,9632,116,0.5000,0.0000,0,0,0,0
1571,614,944,0.5000,0.0336,0,0,0,1
1572,360,1578,0.3333,0.0255,0,0,0,0
1573,892,2184,0.0000,0.0064,0,0,0,1
1574,2601,8,0.0000,0.0000,0,0,0,0
1575,114,1282,0.0000,0.1157,0,0,0,1
1576,111,3540,0.0000,0.0000,0,0,0,1
1577,148,525,0.0000,0.1846,0,0,0,0
1578,502,171,0.6667,0.0000,0,0,1,0
1579,47,1636,0.3333,0.0163,0,0,0,1
1580,310,20,1.0000,0.0000,0,0,0,0
1581,356,920,0.0000,0.1597,0,0,0,1
1582,229,1190,0.0000,0.0157,0,0,0,0
1583,318,26,1.0000,0.0000,0,0,0,0
1584,99,76,0.0000,0.4800,0,0,0,0
1585,355,936,0.0000,0.1026,0,0,0,0
1586,968,1655,0.6667,0.1058,0,0,1,1
1587,1746,8,0.2500,0.0000,0,0,1,0
1588,526,1345,0.2500,0.0888,0,0,0,1
1589,598,3,0.0000,0.0000,0,0,0,0
1590,369,4074,0.0000,0.0084,0,0,0,1
1591,142,1788,0.0000,0.0083,0,0,0,0
1592,1716,1221,0.6000,0.0121,1,0,1,0
1593,308,17,1.0000,0.0000,0,0,0,0
1594,566,133,0.0000,0.1111,0,0,0,0
1595,317,25,1.0000,0.0000,0,0,0,0
1596,649,4024,0.2000,0.0000,0,0,0,1
1597,318,26,1.0000,0.0000,0,0,0,0
1598,54,913,0.0000,0.0000,0,0,0,1
1599,480,1642,0.0000,0.1224,0,0,0,0
1600,2455,1829,0.2500,0.0000,0,0,0,1
1601,4666,493,0.5000,0.9709,0,0,0,0
1602,158,152,0.0000,0.0526,0,0,0,0
1603,421,813,0.0000,0.1068,0,0,0,0
1604,767,1603,0.3333,0.1193,0,0,0,0
1605,692,308,1.0000,0.0000,0,0,0,0
1606,222,258,0.0000,0.1333,0,0,0,0
1607,310,1361,0.3333,0.0000,0,0,0,0
1608,174,3183,0.0000,0.0000,0,0,0,1
1609,179,512,0.0000,0.0575,0,0,0,0
1610,1360,2266,0.4000,0.0590,0,0,1,1
1611,1170,2277,0.5000,0.1071,0,0,1,1
1612,204,351,0.0000,0.1690,0,0,0,0
1613,667,959,0.0000,0.0256,0,0,0,1
1614,1633,3047,0.4000,0.1297,0,0,1,1
1615,6106,430,1.0000,0.0000,0,0,0,0
1616,1095,596,1.0000,0.0112,0,0,0,0
1617,214,1178,0.0000,0.0773,1,0,0,0
1618,319,26,1.0000,0.0000,0,0,0,0
1619,930,421,0.6667,0.0000,0,0,1,0
1620,509,231,1.0000,0.0000,0,0,0,0
1621,907,1519,0.3333,0.0538,0,0,0,1
1622,1395,1765,0.5000,0.0500,0,0,1,1
1623,1347,266,0.5000,0.0278,0,0,1,0
1624,1806,7,0.2500,0.0000,0,0,1,0
1625,116,55,0.0000,0.0000,0,0,0,0
1626,883,946,0.6667,0.0000,0,0,0,0
1627,47,1320,0.0000,0.0000,0,0,0,1
1628,67,1353,0.0000,0.0000,0,0,0,0
1629,1075,3086,0.5000,0.1501,0,0,1,1
1630,702,400,0.6667,0.0000,0,0,1,0
1631,1797,72,0.3333,0.1429,0,0,1,0
1632,1640,725,0.5000,0.0686,0,0,1,1
1633,644,2886,0.3333,0.0248,0,0,0,1
1634,310,19,1.0000,0.0000,0,0,0,0
1635,1424,233,0.2000,0.0000,0,0,1,0
1636,1555,5,0.2500,0.0000,0,0,1,0
1637,599,1284,0.3333,0.0000,0,0,0,0
1638,1777,3140,0.2500,0.0195,0,0,0,1
1639,220,580,0.0000,0.0472,0,0,0,0
1640,622,241,0.5000,0.0000,0,0,1,0
1641,14,793,0.0000,0.0000,0,0,0,0
1642,157,758,0.3333,0.0403,0,0,0,0
1643,513,167,0.0000,0.0000,0,0,0,0
1644,965,541,1.0000,0.0000,0,0,0,0
1645,322,29,1.0000,0.0000,0,0,0,0
1646,418,1713,0.0000,0.0000,0,0,0,0
1647,3140,8,0.0000,0.0000,0,0,0,0
1648,317,24,1.0000,0.0000,0,0,0,0
1649,72,2035,0.0000,0.0000,1,0,0,1
1650,1215,772,1.0000,0.0787,0,0,1,1
1651,52,202,1.0000,0.0000,0,0,0,0
1652,147,1028,0.0000,0.0844,0,0,0,1
1653,1728,1430,0.7500,0.0094,0,0,1,1
1654,32,5,1.0000,0.0000,0,0,0,0
1655,599,2249,0.2000,0.0256,0,0,0,1
1656,543,1592,0.6667,0.0000,0,0,1,0
1657,229,147,0.0000,0.0000,0,0,0,0
1658,954,2403,0.8333,0.0585,0,0,1,1
1659,573,1254,0.0000,0.0519,0,0,0,0
1660,302,74,0.3333,0.0000,0,0,1,0
1661,12219,1676,1.0000,0.1646,0,0,0,0
1662,417,42,0.0000,0.0000,0,0,0,0
1663,988,819,0.0000,0.0556,0,0,0,0
1664,47,2593,0.0000,0.0148,0,0,0,1
1665,471,1127,0.0000,0.0743,0,0,0,1
1666,394,738,0.0000,0.0265,0,0,0,1
1667,1893,1532,0.4000,0.0047,0,0,1,1
1668,20,147,1.0000,0.0000,0,0,0,0
1669,377,136,1.0000,0.0000,0,0,0,0
1670,158,1995,0.0000,0.0000,0,0,0,1
1671,310,628,0.0000,0.2035,0,0,0,0
1672,1004,4515,0.3333,0.0000,0,0,0,1
1673,359,806,0.2500,0.0882,0,0,0,1
1674,345,841,0.0000,0.0376,0,0,0,0
1675,14655,3397,0.5000,0.0082,0,0,1,0
1676,45,264,0.0000,0.0000,0,0,0,0
1677,9640,132,0.0000,0.0588,0,0,0,0
1678,25,305,1.0000,0.0000,0,0,0,0
1679,2548,216,1.0000,0.0588,0,0,0,0
1680,48,1041,0.0000,0.0000,0,0,0,1
1681,385,490,0.3333,0.0270,0,0,1,0
1682,313,20,1.0000,0.0000,0,0,0,0
1683,897,7,0.5000,0.0000,0,0,0,0
1684,25,33,1.0000,0.0000,0,0,0,0
1685,3244,90,0.0000,0.0833,0,0,0,0
1686,456,622,0.0000,0.0579,0,0,0,0
1687,1007,461,1.0000,0.1268,0,0,0,0
1688,744,485,1.0000,0.0000,0,0,0,0
1689,1496,3159,0.4000,0.0391,0,0,1,1
1690,1307,2612,0.7500,0.0968,0,0,0,0
1691,22,26,1.0000,0.0000,0,0,0,0
1692,1198,1360,0.6667,0.0855,0,0,1,0
1693,317,24,1.0000,0.0000,0,0,0,0
1694,1053,2825,0.4000,0.0640,0,0,1,1
1695,80,48,1.0000,0.0000,0,0,0,0
1696,308,17,1.0000,0.0000,0,0,0,0
1697,739,1971,0.3333,0.0712,1,0,0,0
1698,82,915,1.0000,0.0736,0,0,0,0
1699,1694,5,0.2500,0.0000,0,0,1,0
1700,35,509,1.0000,0.0000,1,0,0,0
1701,31,1175,1.0000,0.0137,0,0,0,0
1702,770,236,1.0000,0.1026,0,0,1,1
1703,126,1606,0.0000,0.0041,0,0,0,0
1704,1815,7,0.2500,0.0000,0,0,1,0
1705,230,127,0.5000,0.0000,0,0,0,0
1706,1371,5045,0.2500,0.0029,0,0,0,1
1707,40,222,1.0000,0.0843,0,0,0,0
1708,1758,1724,0.5000,0.0621,0,0,0,0
1709,1231,3161,0.4000,0.0455,0,0,1,1
1710,421,749,0.0000,0.0291,0,0,0,0
1711,472,97,1.0000,0.0000,0,0,0,0
1712,1077,2243,0.4000,0.0651,0,0,1,1
1713,811,722,1.0000,0.1368,0,0,0,0
1714,1263,2124,0.6667,0.0405,0,0,1,1
1715,572,1,0.0000,0.0000,0,0,0,0
1716,1302,1832,0.5000,0.1021,0,0,0,0
1717,879,2350,0.5000,0.0591,1,0,1,1
1718,696,1949,0.2500,0.0201,0,0,0,1
1719,237,1536,0.0000,0.0046,1,0,0,0
1720,1060,2025,0.2000,0.0293,1,0,1,0
1721,462,2541,0.0000,0.0029,0,0,0,0
1722,19,21,1.0000,0.0000,0,0,0,0
1723,234,473,0.0000,0.0851,0,0,0,0
1724,1009,789,0.6667,0.1042,0,0,1,0
1725,141,382,0.0000,0.0533,0,0,0,0
1726,347,238,0.4000,0.0000,0,0,1,0
1727,1476,3412,0.5000,0.0577,0,0,1,0
1728,69,189,0.0000,0.0000,0,0,0,0
1729,282,768,0.0000,0.1333,0,0,0,0
1730,359,1281,0.0000,0.1117,0,0,0,0
1731,832,507,0.5000,0.0000,0,0,1,0
1732,516,1235,0.2500,0.0375,1,0,0,0
1733,132,1513,0.0000,0.0107,0,0,0,1
1734,652,594,0.0000,0.0135,0,0,0,1
1735,2934,321,1.0000,0.0000,0,0,1,1
1736,318,26,1.0000,0.0000,0,0,0,0
1737,1092,2949,0.5000,0.2151,0,0,1,1
1738,843,467,0.6667,0.0000,0,0,1,0
1739,460,1990,0.0000,0.0520,0,0,0,1
1740,1923,7,0.2500,0.0000,0,0,1,0
1741,878,2353,0.2500,0.0413,0,0,0,1
1742,70,333,0.0000,0.0000,0,0,0,0
1743,1180,4252,0.5000,0.1245,0,0,1,1
1744,232,265,0.0000,0.1818,0,0,0,0
1745,426,2258,0.0000,0.1069,0,0,0,1
1746,1254,2668,0.6000,0.1035,0,0,1,1
1747,25,154,1.0000,0.0000,0,0,0,0
1748,1180,120,0.5000,0.0000,0,0,0,0
1749,639,400,0.5000,0.0000,0,0,0,0
1750,929,583,0.6667,0.0000,0,0,1,0
1751,931,535,0.6667,0.0000,0,0,1,0
1752,610,1451,0.6000,0.1005,1,0,0,1
1753,264,58,1.0000,0.0000,0,0,0,0
1754,427,1072,0.0000,0.0805,0,0,0,1
1755,1917,1212,0.7500,0.0625,0,0,1,1
1756,1608,332,0.0000,0.0000,0,0,0,0
1757,743,779,0.6667,0.0000,0,0,0,0
1758,810,29,0.0000,0.0000,0,0,0,0
1759,1768,1428,0.5000,0.1234,0,0,1,0
1760,59,219,1.0000,0.0417,0,0,0,0
1761,135,385,1.0000,0.0000,0,0,0,0
1762,193,376,0.0000,0.1343,0,0,0,0
1763,70,1755,0.0000,0.0028,0,0,0,0
1764,521,1349,0.0000,0.0940,0,0,0,0
1765,34,1938,0.0000,0.0103,0,0,0,1
1766,327,122,0.0000,0.1500,0,0,1,0
1767,778,1217,0.0000,0.0577,0,0,0,0
1768,82,569,1.0000,0.0118,0,0,0,0
1769,315,22,1.0000,0.0000,0,0,0,0
1770,1374,2700,0.2000,0.0224,0,0,0,1
1771,802,1258,1.0000,0.2386,0,0,0,0
1772,223,1111,0.3333,0.0222,1,0,0,0
1773,945,1858,0.3333,0.0565,0,0,1,1
1774,1340,8,0.0000,0.0000,0,0,0,0
1775,310,20,1.0000,0.0000,0,0,0,0
1776,1753,101,0.3333,0.5625,0,0,1,0
1777,1874,1577,0.5000,0.2490,0,0,0,0
1778,1540,3559,0.3333,0.0000,0,0,1,0
1779,238,1467,0.0000,0.0524,0,0,0,1
1780,2533,3865,0.0000,0.0000,0,0,0,0
1781,278,653,0.0000,0.0283,0,0,0,0
1782,569,184,1.0000,0.0000,0,0,0,0
1783,433,34,1.0000,0.0000,0,0,0,0
1784,147,1534,0.2500,0.1226,1,0,0,0
1785,1072,237,0.4000,0.0000,0,0,1,0
1786,304,546,0.0000,0.2990,0,0,0,0
1787,1802,1597,0.7500,0.0038,0,0,1,1
1788,594,453,0.5000,0.0000,0,0,0,0
1789,830,1953,0.6667,0.1633,0,0,1,1
1790,1369,881,0.6667,0.0000,0,0,1,0
1791,64,174,1.0000,0.0541,0,0,0,0
1792,93,1175,0.0000,0.0051,0,0,0,0
1793,670,2416,0.0000,0.0336,0,0,0,1
1794,1640,7,0.2500,0.0000,0,0,1,0
1795,699,492,0.6667,0.0000,0,0,1,0
1796,904,1785,0.7500,0.0245,0,0,0,0
1797,1627,2934,0.4000,0.2100,0,0,1,0
1798,734,536,0.5000,0.0000,0,0,1,0
1799,1625,2465,0.5000,0.1940,0,0,1,1
1800,254,605,0.0000,0.0169,0,0,0,0
1801,46,302,1.0000,0.0000,0,0,0,0
1802,143,2392,0.0000,0.0563,0,0,0,0
1803,20,8,0.0000,0.0000,0,0,0,0
1804,1494,2428,0.5000,0.1768,0,0,1,1
1805,972,3434,0.1667,0.1295,0,0,1,1
1806,1937,2329,0.2500,0.1273,0,0,1,0
1807,953,2709,0.5000,0.0516,0,0,1,1
1808,338,371,1.0000,0.0000,0,0,0,0
1809,483,1219,1.0000,0.0550,0,0,1,1
1810,48,404,1.0000,0.0000,0,0,0,0
1811,428,161,0.6667,0.0000,0,0,1,0
1812,241,56,0.0000,0.0000,0,0,1,0
1813,4163,1,0.0000,0.0000,0,0,0,0
1814,605,124,0.0000,0.0000,0,0,0,0
1815,1008,1517,0.5000,0.1955,0,0,1,1
1816,1483,7,0.2500,0.0000,0,0,1,0
1817,1686,4890,0.3333,0.0016,0,0,0,1
1818,1965,4967,0.2000,0.0014,0,0,0,1
1819,154,409,0.0000,0.0000,0,0,0,0
1820,430,176,0.5000,0.0000,0,0,0,0
1821,142,2404,0.5000,0.0192,0,0,0,0
1822,311,19,1.0000,0.0000,0,0,0,0
1823,162,212,0.0000,0.1628,0,0,0,0
1824,311,22,1.0000,0.0000,0,0,0,0
1825,313,22,1.0000,0.0000,0,0,0,0
1826,1034,2552,0.4000,0.1015,0,0,1,1
1827,472,1582,0.0000,0.2132,0,0,0,0
1828,1657,1369,0.6667,0.0705,0,0,1,1
1829,1107,1132,0.5000,0.0000,0,0,1,0
1830,1711,7,0.2500,0.0000,0,0,1,0
1831,3347,29,0.0000,0.0000,0,0,0,0
1832,2173,2303,0.0000,0.1756,0,0,0,0
1833,108,814,0.0000,0.0161,0,0,0,0
1834,1230,1591,0.2500,0.0000,0,0,1,0
1835,4501,7,0.5000,0.0000,0,0,0,0
1836,1150,1683,0.2000,0.1286,0,0,1,1
1837,814,205,0.3333,0.0000,0,0,1,0
1838,318,25,1.0000,0.0000,0,0,0,0
1839,1672,1447,0.5000,0.0039,0,0,1,1
1840,1525,7,0.2500,0.0000,0,0,1,0
1841,311,22,1.0000,0.0000,0,0,0,0
1842,1280,3015,0.6667,0.0426,0,0,0,0
1843,6923,45,0.3333,0.6667,0,0,0,0
1844,43,257,1.0000,0.0127,0,0,0,0
1845,379,722,0.0000,0.0741,0,0,0,1
1846,65,1699,0.0000,0.0000,0,0,0,0
1847,281,2654,0.0000,0.0000,0,0,0,1
1848,123,403,1.0000,0.0517,0,0,0,0
1849,955,1494,0.5000,0.1465,0,0,0,0
1850,230,1329,0.3333,0.0809,0,0,0,1
1851,61,97,1.0000,0.0000,0,0,0,0
1852,661,917,0.0000,0.1241,0,0,0,1
1853,2375,72,0.5000,0.0909,0,0,0,0
1854,1169,2846,0.4000,0.1617,0,0,1,1
1855,458,1573,0.3333,0.0677,0,0,0,1
1856,1250,1741,0.0000,0.1518,0,0,0,1
1857,897,580,1.0000,0.2065,0,0,0,0
1858,350,3103,0.0000,0.0206,0,0,0,1
1859,255,543,0.0000,0.1354,0,0,0,0
1860,259,99,1.0000,0.0000,0,0,0,0
1861,190,121,0.0000,0.0000,0,0,0,0
1862,186,109,0.0000,0.0500,0,0,0,0
1863,1126,1909,0.6000,0.0682,0,0,1,1
1864,3172,3841,0.2500,0.0000,0,0,0,1
1865,863,3554,0.4000,0.3101,0,0,1,1
1866,119,27,0.0000,0.0000,0,0,0,0
1867,488,982,0.0000,0.1319,0,0,0,1
1868,500,503,0.5000,0.2407,0,0,0,0
1869,78,41,1.0000,0.0000,0,0,0,0
1870,756,383,1.0000,0.0000,0,0,0,0
1871,28,499,1.0000,0.0279,0,0,0,0
1872,1109,853,0.6667,0.1327,0,0,1,0
1873,119,2793,0.0000,0.0000,1,0,0,1
1874,135,1115,0.5000,0.0419,1,0,0,0
1875,64,3438,0.0000,0.0000,0,0,0,1
1876,35,1955,0.0000,0.0096,0,0,0,1
1877,733,799,0.0000,0.1604,0,0,0,0
1878,1564,3,0.0000,0.0000,0,0,0,0
1879,550,573,0.0000,0.2254,0,0,0,0
1880,280,1642,0.0000,0.0000,0,0,0,1
1881,216,111,0.0000,0.0000,0,0,0,0
1882,309,18,1.0000,0.0000,0,0,0,0
1883,1517,1397,0.5000,0.0632,0,0,1,1
1884,1654,977,0.5000,0.0244,0,0,1,1
1885,171,56,1.0000,0.0000,0,0,0,0
1886,504,1216,0.0000,0.0813,0,0,0,1
1887,3325,8,0.0000,0.0000,0,0,0,0
1888,1312,384,0.0000,0.0000,0,0,0,0
1889,1127,2788,0.2000,0.1525,0,0,1,1
1890,1864,1057,0.5000,0.0266,0,0,1,1
1891,313,187,1.0000,0.0000,0,0,0,0
1892,1088,2559,0.5000,0.1357,0,0,1,1
1893,42,1184,0.0000,0.0404,0,0,0,0
1894,85,2443,0.0000,0.0000,1,0,0,1
1895,379,1563,0.2500,0.0093,0,0,0,1
1896,316,23,1.0000,0.0000,0,0,0,0
1897,1418,2271,0.4000,0.1053,0,0,1,1
1898,182,189,0.0000,0.0000,0,0,0,0
1899,225,441,0.0000,0.2078,0,0,0,0
1900,911,775,0.2000,0.0090,0,0,1,0
1901,60,1990,0.0000,0.0033,1,0,0,1
1902,1211,2906,0.7500,0.0491,0,0,1,1
1903,902,62,0.0000,0.6667,0,0,0,0
1904,167,280,0.0000,0.1961,0,0,0,0
1905,1470,79,0.3333,0.1429,0,0,1,0
1906,498,436,1.0000,0.0000,0,0,0,0
1907,385,1259,0.3333,0.0460,1,0,0,0
1908,1081,2017,0.4000,0.2351,0,0,1,1
1909,1258,2278,0.2000,0.2306,0,0,1,1
1910,574,1084,0.2000,0.0947,0,0,0,1
1911,616,374,0.6667,0.0000,0,0,1,0
1912,295,1679,0.2500,0.0325,0,0,1,1
1913,1289,4115,0.5000,0.1126,0,0,1,1
1914,254,1221,0.0000,0.0158,1,0,0,0
1915,2416,1,0.0000,0.0000,0,0,0,0
1916,1126,1301,0.2500,0.0000,0,0,1,0
1917,755,891,0.5000,0.0000,0,0,1,0
1918,123,985,0.0000,0.0529,0,0,0,1
1919,1368,4170,0.6000,0.1710,0,0,1,1
1920,32,917,0.0000,0.0000,0,0,0,1
1921,1076,1729,0.6667,0.0923,0,0,1,1
1922,893,2047,0.0000,0.0156,0,0,0,1
1923,1782,8,0.2500,0.0000,0,0,1,0
1924,1261,6273,0.2000,0.0047,0,0,0,1
1925,484,440,0.0000,0.1346,0,0,0,0
1926,1125,2068,0.6667,0.0000,0,0,1,0
1927,2477,125,0.0000,0.0000,0,0,0,0
1928,840,670,0.0000,0.9407,0,0,0,0
1929,317,27,1.0000,0.0000,0,0,0,0
1930,265,146,0.3333,0.0000,0,0,1,0
1931,82,239,0.0000,0.0435,0,0,0,0
1932,2320,3208,0.4000,0.2039,1,0,1,1
1933,712,229,1.0000,0.5526,0,0,0,0
1934,364,642,1.0000,0.0900,0,0,0,0
1935,1302,1711,0.2000,0.0331,0,0,1,1
1936,50,67,1.0000,0.5714,0,0,0,0
1937,259,951,0.0000,0.0229,0,0,0,0
1938,556,620,1.0000,0.0000,0,0,0,0
1939,624,2745,0.0000,0.0504,0,0,0,1
1940,959,3826,0.5000,0.0100,0,0,0,0
1941,111,357,0.0000,0.0800,0,0,0,0
1942,42,23,1.0000,0.0000,0,0,0,0
1943,463,747,0.0000,0.0444,0,0,0,0
1944,317,25,1.0000,0.0000,0,0,0,0
1945,446,776,0.5000,0.0323,0,0,0,0
1946,1036,2335,0.5000,0.4828,0,0,0,0
1947,946,403,0.5000,0.0000,0,0,1,0
1948,671,1170,0.0000,0.0566,0,0,0,0
1949,425,919,1.0000,0.0000,0,0,0,0
1950,77,55,0.0000,0.0000,0,0,0,0
1951,586,1638,0.0000,0.0000,0,0,0,1
1952,47,25,1.0000,0.0000,0,0,0,0
1953,1033,774,0.0000,0.0240,0,0,0,0
1954,1110,2953,0.2000,0.1131,0,0,1,1
1955,2173,6467,0.3333,0.0134,0,0,0,1
1956,337,2131,0.0000,0.0072,0,0,0,0
1957,1301,715,0.6000,0.1348,1,0,1,0
1958,427,1069,0.0000,0.0641,0,0,0,1
1959,550,499,0.6667,0.0000,0,0,1,0
1960,842,1039,0.4000,0.2258,1,0,1,1
1961,1147,2451,0.2000,0.1117,0,0,1,1
1962,1476,3875,0.5000,0.0606,0,0,1,1
1963,769,2748,0.2500,0.1445,0,0,1,0
1964,1202,1999,0.2000,0.0065,0,0,0,1
1965,35,377,0.0000,0.0000,0,0,0,0
1966,194,435,0.0000,0.1111,0,0,0,0
1967,649,2182,0.2500,0.1646,0,0,1,0
1968,1895,7,0.2500,0.0000,0,0,1,0
1969,199,1184,0.0000,0.0539,0,0,0,1
1970,1894,56,0.0000,0.0000,0,0,0,0
1971,645,316,1.0000,0.0000,0,0,0,0
1972,947,1969,0.5000,0.0000,0,0,1,0
1973,1871,7,0.2500,0.0000,0,0,1,0
1974,1093,886,0.4000,0.0000,0,0,1,0
1975,308,18,1.0000,0.0000,0,0,0,0
1976,575,1310,0.3333,0.0664,0,0,0,1
1977,317,25,1.0000,0.0000,0,0,0,0
1978,11915,478,0.0000,0.9324,0,0,0,0
1979,216,619,0.3333,0.0000,0,0,0,0
1980,1260,1698,0.8000,0.0909,1,0,1,1
1981,43,3135,0.0000,0.0063,0,0,0,1
1982,1814,2303,0.2500,0.1560,0,0,1,0
1983,183,982,0.0000,0.0000,0,0,0,0
1984,1519,2005,0.4000,0.0980,0,0,1,1
1985,1640,7,0.2500,0.0000,0,0,1,0
1986,192,1840,0.0000,0.0453,0,0,0,1
1987,710,192,1.0000,0.0000,0,0,0,0
1988,304,481,0.6667,0.1250,0,0,0,0
1989,618,1593,0.0000,0.0135,0,0,0,1
1990,1639,867,0.2000,0.0638,0,0,1,0
1991,2043,2696,0.2000,0.0350,0,0,0,1
1992,314,22,1.0000,0.0000,0,0,0,0
1993,469,3340,0.2000,0.0180,0,0,0,1
1994,329,2830,0.0000,0.0112,0,0,0,1
1995,1227,602,0.6667,0.0000,0,0,1,0
1996,1202,3251,0.5000,0.0503,0,0,1,0
1997,1585,7,0.2500,0.0000,0,0,1,0
1998,1688,8,0.2500,0.0000,0,0,1,0
1999,560,192,0.5000,0.0000,0,0,0,0
2000,536,2179,0.2500,0.0370,0,0,0,1
2001,839,858,0.0000,0.0081,0,0,0,0
2002,5680,78,1.0000,0.0000,0,0,0,0
2003,591,2005,0.0000,0.0043,0,0,0,0
2004,317,791,0.0000,0.1282,0,0,0,0
2005,91,122,0.0000,0.0000,0,0,0,0
2006,24,48,1.0000,0.0000,0,0,0,0
2007,985,122,0.6667,0.5714,0,0,1,0
2008,1778,7,0.2500,0.0000,0,0,1,0
2009,319,29,1.0000,0.0000,0,0,0,0
2010,315,23,1.0000,0.0000,0,0,0,0
2011,725,357,1.0000,0.1509,0,0,0,0
2012,622,580,1.0000,0.0000,0,0,0,0
2013,79,1491,0.0000,0.0150,0,0,0,1
2014,38,17,0.0000,0.0000,0,0,0,0
2015,1245,2463,0.2500,0.1267,1,0,0,1
2016,1733,5,0.2500,0.0000,0,0,1,0
2017,589,1170,0.0000,0.0641,0,0,0,0
2018,317,27,1.0000,0.0000,0,0,0,0
2019,3158,222,0.5000,0.5588,0,0,0,0
2020,89,239,1.0000,0.0000,0,0,0,0
2021,1098,297,0.5000,0.0000,0,0,1,0
2022,301,5,0.0000,0.0000,0,0,0,0
2023,552,822,0.5000,0.0000,0,0,0,1
2024,615,1170,0.2500,0.1429,0,0,0,1
2025,1099,2034,0.5000,0.0083,0,0,1,0
2026,205,333,0.3333,0.0000,0,0,0,1
2027,219,368,1.0000,0.0000,0,0,0,0
2028,310,21,1.0000,0.0000,0,0,0,0
2029,318,26,1.0000,0.0000,0,0,0,0
2030,56,1832,0.0000,0.0000,0,0,0,1
2031,1399,1307,0.5000,0.0000,0,0,1,0
2032,4061,82,0.0000,0.0000,0,0,0,0
2033,313,3659,0.0000,0.0135,0,0,0,0
2034,1251,1491,0.2000,0.1467,0,0,1,1
2035,53,366,1.0000,0.0317,0,0,0,0
2036,1757,7,0.2500,0.0000,0,0,1,0
2037,1293,1719,0.3333,0.0149,0,0,1,0
2038,1539,2766,0.4000,0.0720,0,0,1,1
2039,1841,723,0.7500,0.0522,0,0,1,1
2040,317,25,1.0000,0.0000,0,0,0,0
2041,317,24,1.0000,0.0000,0,0,0,0
2042,313,21,1.0000,0.0000,0,0,0,0
2043,554,2550,0.0000,0.0000,0,0,0,0
2044,439,1609,0.0000,0.0039,0,0,0,1
2045,711,1096,1.0000,0.0000,0,0,0,0
2046,245,1313,0.0000,0.0656,0,0,0,1
2047,1114,2437,0.5000,0.1450,0,0,1,1
2048,1794,7,0.2500,0.0000,0,0,1,0
2049,1454,1513,0.4000,0.0000,0,0,1,0
2050,91,1368,0.0000,0.0210,0,0,0,0
2051,68,2055,0.0000,0.0023,0,0,0,0
2052,308,17,1.0000,0.0000,0,0,0,0
2053,1108,2731,0.4000,0.0021,0,0,1,1
2054,310,19,1.0000,0.0000,0,0,0,0
2055,65,2087,0.0000,0.0000,1,0,0,1
2056,651,1562,0.4000,0.0818,0,0,1,1
2057,1155,3336,0.2000,0.1317,0,0,1,1
2058,304,37,0.3333,0.6000,0,0,1,0
2059,556,39,0.5000,0.0000,0,0,0,0
2060,180,2308,0.0000,0.0110,0,0,0,1
2061,308,63,0.0000,0.0000,0,0,1,0
2062,1120,591,0.6667,0.0000,0,0,1,0
2063,975,2259,0.2000,0.0879,0,0,1,1
2064,1424,1234,0.5000,0.0305,0,0,1,0
2065,474,1753,0.0000,0.0868,0,0,0,1
2066,308,17,1.0000,0.0000,0,0,0,0
2067,758,1721,0.0000,0.1673,0,0,0,1
2068,592,61,0.0000,0.4444,0,0,0,0
2069,820,399,0.6667,0.0000,0,0,1,0
2070,319,30,1.0000,0.0000,0,0,0,0
2071,200,348,1.0000,0.0000,0,0,0,0
2072,518,833,0.0000,0.0490,0,0,0,0
2073,326,1911,0.3333,0.0101,0,0,0,1
2074,198,506,1.0000,0.0000,0,0,0,0
2075,1724,8,0.2500,0.0000,0,0,1,0
2076,1355,1227,0.6667,0.0604,0,0,1,0
2077,877,2090,0.5000,0.0509,0,0,1,1
2078,1410,3275,0.5000,0.2021,0,0,1,1
2079,1448,1976,0.2000,0.0000,0,0,1,0
2080,627,758,0.0000,0.1538,0,0,0,1
2081,1878,127,0.3333,0.5833,0,0,1,0
2082,708,266,0.4000,0.0303,0,0,1,0
2083,312,22,1.0000,0.0000,0,0,0,0
2084,310,18,1.0000,0.0000,0,0,0,0
2085,278,1104,0.5000,0.0621,0,0,0,0
2086,1617,2589,0.4000,0.0238,0,0,0,1
2087,61,4,1.0000,0.0000,0,0,0,0
2088,108,1556,0.0000,0.0000,0,0,0,0
2089,562,1895,0.5000,0.0182,1,0,0,0
2090,309,1313,0.0000,0.1050,0,0,0,0
2091,580,834,0.0000,0.0885,0,0,0,0
2092,908,2086,0.8000,0.1683,1,0,1,1
2093,146,1443,0.0000,0.0591,0,0,0,1
2094,350,946,0.0000,0.0920,0,0,0,1
2095,1030,2814,0.4000,0.0414,0,0,0,1
2096,3586,6209,0.2500,0.0075,0,0,0,1
2097,104,2824,0.0000,0.0000,0,0,0,1
2098,864,2521,0.3333,0.0163,0,0,0,0
2099,171,2476,0.0000,0.0060,0,0,0,1
2100,114,25,1.0000,0.0000,0,0,0,0
2101,653,1850,0.6667,0.0793,0,0,1,1
2102,1235,2430,0.5000,0.0401,0,0,1,1
2103,847,904,0.0000,0.0467,0,0,0,0
2104,1086,898,0.5000,0.0258,0,0,1,1
2105,316,24,1.0000,0.0000,0,0,0,0
2106,1662,7,0.2500,0.0000,0,0,1,0
2107,192,371,0.0000,0.0286,0,0,0,0
2108,3326,5217,0.2000,0.0083,0,0,0,1
2109,454,4193,0.2000,0.0000,0,0,0,1
2110,462,4871,0.0000,0.0000,0,0,0,1
2111,602,346,0.6667,0.1481,0,0,0,0
2112,812,987,0.6667,0.0000,0,0,1,0
2113,1512,5,0.2500,0.0000,0,0,1,0
2114,1710,7,0.2500,0.0000,0,0,1,0
2115,428,595,0.0000,0.0286,0,0,0,0
2116,744,2162,0.4000,0.0500,0,0,1,1
2117,187,1172,0.6667,0.0588,1,0,0,0
2118,427,866,0.0000,0.1341,0,0,0,0
2119,58,182,1.0000,0.0000,0,0,0,0
2120,296,70,0.0000,0.0000,0,0,1,0
2121,333,68,0.0000,0.0000,0,0,0,0
2122,1153,1521,0.2000,0.0455,0,0,0,1
2123,399,1934,0.0000,0.0868,0,0,0,1
2124,246,181,0.0000,0.0000,0,0,0,0
2125,65,53,0.0000,0.0000,0,0,0,0
2126,313,21,1.0000,0.0000,0,0,0,0
2127,66,254,1.0000,0.0549,0,0,0,0
2128,321,32,1.0000,0.0000,0,0,0,0
2129,237,1619,0.0000,0.0210,0,0,0,1
2130,241,1663,0.0000,0.0000,0,0,0,0
2131,1983,5,0.2500,0.0000,0,0,1,0
2132,1288,2568,0.5000,0.1211,0,0,0,1
2133,305,14,1.0000,0.0000,0,0,0,0
2134,307,15,1.0000,0.0000,0,0,0,0
2135,19,73,0.0000,0.0000,0,0,0,0
2136,459,2216,0.0000,0.0153,0,0,0,1
2137,2349,2595,0.2500,0.2170,0,0,0,1
2138,449,26,0.0000,0.0000,0,0,0,0
2139,1586,8,0.2500,0.0000,0,0,1,0
2140,534,359,1.0000,0.0000,0,0,0,0
2141,313,21,1.0000,0.0000,0,0,0,0
2142,283,640,0.0000,0.2143,0,0,0,0
2143,213,4573,1.0000,0.0000,0,0,0,0
2144,1088,1258,0.6667,0.0346,0,0,1,1
2145,704,428,1.0000,0.0000,0,0,0,0
2146,892,339,0.6667,0.0000,0,0,1,0
2147,311,20,1.0000,0.0000,0,0,0,0
2148,1106,2717,0.0000,0.0321,0,0,0,1
2149,235,755,0.0000,0.0000,0,0,0,0
2150,389,514,0.0000,0.1455,0,0,0,0
2151,974,333,0.6667,0.0357,0,0,0,0
2152,740,1175,0.6667,0.2021,0,0,1,1
2153,1881,5,0.2500,0.0000,0,0,1,0
2154,893,3094,0.2500,0.1997,0,0,1,0
2155,849,1700,0.4000,0.0593,0,0,1,1
2156,316,23,1.0000,0.0000,0,0,0,0
2157,2593,1400,0.5000,0.0000,0,0,0,1
2158,231,750,0.0000,0.0598,1,0,0,0
2159,1630,8,0.2500,0.0000,0,0,1,0
2160,258,83,0.6667,0.0000,0,0,1,0
2161,2053,2786,0.2000,0.0314,0,0,0,1
2162,1173,204,0.2000,0.0000,0,0,1,0
2163,141,664,0.0000,0.0099,0,0,0,0
2164,1130,3292,0.4000,0.1007,0,0,1,1
2165,289,1009,0.2500,0.2647,1,0,0,0
2166,962,1886,0.3333,0.1487,0,0,1,0
2167,310,19,1.0000,0.0000,0,0,0,0
2168,316,23,1.0000,0.0000,0,0,0,0
2169,718,539,1.0000,0.0000,0,0,0,0
2170,144,697,0.3333,0.1579,1,0,0,0
2171,1099,3092,0.2500,0.0996,0,0,1,0
2172,1560,7,0.2500,0.0000,0,0,1,0
2173,1076,3686,0.6000,0.0358,0,0,1,1
2174,143,525,0.3333,0.0694,0,0,0,1
2175,174,338,1.0000,0.0000,0,0,0,0
2176,47,28,0.5000,0.0000,0,0,0,0
2177,632,227,0.5000,0.7027,0,0,0,0
2178,465,736,0.0000,0.1364,0,0,0,1
2179,1519,870,0.5000,0.0000,0,0,0,1
2180,179,233,0.0000,0.1905,0,0,0,0
2181,1793,8,0.2500,0.0000,0,0,1,0
2182,342,1661,0.0000,0.0000,0,0,0,0
2183,219,545,0.0000,0.1495,0,0,0,0
2184,925,116,0.3333,0.1429,0,0,1,0
2185,117,3797,0.0000,0.0000,0,0,0,1
2186,31,1332,0.0000,0.0128,0,0,0,0
2187,3884,211,0.0000,0.0000,0,0,0,0
2188,401,1386,0.3333,0.0000,0,0,0,0
2189,1070,2485,0.4000,0.0278,0,0,1,1
2190,1496,269,1.0000,0.0000,0,0,0,0
2191,1561,7,0.2500,0.0000,0,0,1,0
2192,507,258,1.0000,0.0000,0,0,0,0
2193,80,1163,0.0000,0.0211,0,0,0,1
2194,254,2063,0.0000,0.1170,0,0,1,1
2195,86,981,0.3333,0.0272,1,0,0,0
2196,289,1578,0.5000,0.0000,1,0,0,1
2197,1799,99,0.3333,0.0000,0,0,1,0
2198,523,101,0.0000,0.0000,0,0,0,0
2199,306,1285,0.0000,0.1033,0,0,0,1
2200,1272,1574,0.4000,0.1693,0,0,1,1
2201,148,1693,0.0000,0.0164,0,0,0,0
2202,633,1092,0.0000,0.0000,0,0,0,0
2203,1571,7,0.2500,0.0000,0,0,1,0
2204,314,21,1.0000,0.0000,0,0,0,0
2205,192,268,0.0000,0.0556,0,0,0,0
2206,1861,2134,0.3333,0.0000,0,0,0,1
2207,62,538,0.0000,0.0000,0,0,0,0
2208,1095,39,0.0000,0.0000,0,0,0,0
2209,309,18,1.0000,0.0000,0,0,0,0
2210,959,412,0.3333,0.0000,0,0,1,0
2211,405,323,1.0000,0.0000,0,0,0,0
2212,121,1420,0.2500,0.0000,1,0,0,1
2213,337,1895,0.0000,0.0243,0,0,0,1
2214,97,1776,0.0000,0.0246,1,0,0,1
2215,1269,355,0.0000,0.0893,0,0,1,0
2216,8,10,1.0000,0.0000,0,0,0,0
2217,716,1174,0.6000,0.0725,1,0,0,1
2218,1047,1690,0.4000,0.0265,0,0,1,1
2219,310,18,1.0000,0.0000,0,0,0,0
2220,425,450,0.6667,0.0000,0,0,1,0
2221,113,1532,0.0000,0.0000,1,0,0,0
2222,615,508,1.0000,0.0000,0,0,0,0
2223,1850,7,0.2500,0.0000,0,0,1,0
2224,51,21,1.0000,0.0000,0,0,0,0
2225,44,1360,0.0000,0.0043,0,0,0,0
2226,714,1206,0.5000,0.0543,0,0,1,0
2227,319,27,1.0000,0.0000,0,0,0,0
2228,309,17,1.0000,0.0000,0,0,0,0
2229,60,11,1.0000,0.0000,0,0,0,0
2230,805,1356,0.6667,0.1745,0,0,1,1
2231,789,217,0.6667,0.0000,0,0,1,0
2232,241,3900,0.0000,0.0000,0,0,0,0
2233,320,27,1.0000,0.0000,0,0,0,0
2234,333,356,0.0000,0.0980,0,0,0,0
2235,852,1842,0.2500,0.0596,0,0,1,0
2236,1118,2034,0.4000,0.0371,0,0,1,1
2237,4682,3825,0.5000,0.0425,0,0,1,1
2238,118,1885,0.5000,0.0035,0,0,0,1
2239,311,1131,0.0000,0.0000,0,0,0,1
2240,310,19,1.0000,0.0000,0,0,0,0
2241,257,185,0.0000,0.1111,0,0,1,0
2242,359,1327,0.5000,0.0917,0,0,0,0
2243,366,3745,0.0000,0.0068,0,0,0,1
2244,132,1501,0.0000,0.0601,0,0,0,0
2245,162,892,1.0000,0.0207,0,0,0,0
2246,199,894,1.0000,0.0000,0,0,0,0
2247,309,18,1.0000,0.0000,0,0,0,0
2248,194,2944,0.0000,0.0134,0,0,0,1
2249,856,1429,0.3333,0.0286,0,0,0,0
2250,188,443,1.0000,0.0000,0,0,0,0
2251,1076,2348,0.4000,0.0460,0,0,1,1
2252,1195,2438,0.4000,0.0424,0,0,1,1
2253,416,2932,0.0000,0.0000,0,0,0,0
2254,1309,2411,0.4000,0.1747,0,0,1,1
2255,1814,8,0.2500,0.0000,0,0,1,0
2256,1524,1461,0.5000,0.1228,0,0,0,0
2257,301,869,0.5000,0.0000,0,0,0,1
2258,1297,3024,0.5000,0.0484,0,0,1,1
2259,474,1620,0.2500,0.0046,0,0,0,1
2260,859,2457,0.2500,0.0606,0,0,1,0
2261,892,560,1.0000,0.0633,0,0,0,0
2262,960,1611,0.0000,0.0962,0,0,0,0
2263,687,294,0.6667,0.0000,0,0,1,0
2264,1395,2757,0.2000,0.1109,0,0,1,1
2265,1575,1418,0.6000,0.1673,0,0,1,1
2266,110,2974,0.0000,0.0045,0,0,0,1
2267,100,405,0.0000,0.0500,0,0,0,0
2268,2307,2511,0.0000,0.0659,0,0,0,1
2269,1121,2812,0.5000,0.0698,0,0,1,1
2270,339,433,0.0000,0.3372,0,0,0,0
2271,904,661,1.0000,0.0185,0,0,0,0
2272,461,1193,0.0000,0.0543,0,0,0,1
2273,113,260,0.0000,0.1087,0,0,0,0
2274,1540,2509,0.2500,0.0903,0,0,1,1
2275,1561,5,0.2500,0.0000,0,0,1,0
2276,673,21,0.0000,0.0000,0,0,0,0
2277,1355,2323,0.4000,0.0938,0,0,1,1
2278,1056,2480,0.2000,0.0496,0,0,1,1
2279,1509,607,0.0000,0.0000,0,0,0,0
2280,247,1007,0.0000,0.0000,0,0,0,0
2281,818,1443,0.0000,0.1523,0,0,0,0
2282,208,2802,0.0000,0.0075,0,0,0,1
2283,2707,88,0.0000,0.3571,0,0,0,0
2284,805,4038,0.6000,0.0531,0,0,1,1
2285,142,15,0.0000,1.0000,0,0,0,0
2286,1192,4186,0.2000,0.0033,0,0,0,1
2287,321,8,1.0000,0.0000,0,0,0,0
2288,417,794,0.0000,0.0385,0,0,0,0
2289,842,575,0.6667,0.0000,0,0,1,0
2290,1168,61,0.3333,0.0000,0,0,1,0
2291,1711,8,0.2500,0.0000,0,0,1,0
2292,317,24,1.0000,0.0000,0,0,0,0
2293,465,1377,0.3333,0.0046,0,0,0,1
2294,1495,2976,0.6000,0.1154,0,0,1,1
2295,1181,3299,0.1667,0.0422,0,0,1,1
2296,550,345,0.5000,0.3276,0,0,0,0
2297,1905,1900,1.0000,0.0162,0,0,1,1
2298,964,738,0.5000,0.0000,0,0,1,0
2299,6117,4176,0.4000,0.0585,0,0,0,1
2300,532,272,0.2500,0.0000,0,0,1,0
2301,252,1956,0.0000,0.0896,1,0,0,0
2302,421,476,0.0000,0.0566,0,0,0,0
2303,371,2092,0.3333,0.0299,0,0,0,1
2304,596,751,0.5000,0.0708,0,0,1,0
2305,244,689,0.0000,0.1694,0,0,0,0
2306,931,455,1.0000,0.0000,0,0,0,0
2307,666,726,0.6667,0.0253,1,1,0,0
2308,708,408,0.5000,0.0000,0,0,0,0
2309,109,68,0.0000,0.0000,0,0,0,0
2310,316,23,1.0000,0.0000,0,0,0,0
2311,504,1152,1.0000,0.0000,0,0,0,0
2312,1129,3081,0.6667,0.0583,0,0,0,0
2313,586,1692,0.2500,0.0850,0,0,0,1
2314,2037,445,0.0000,0.4568,0,0,0,0
2315,859,1390,0.2500,0.0000,0,0,1,0
2316,274,444,0.0000,0.0000,0,0,0,0
2317,1692,7,0.2500,0.0000,0,0,1,0
2318,1510,1307,0.7500,0.0780,0,0,1,1
2319,208,61,1.0000,0.5714,0,0,0,0
2320,496,1202,0.0000,0.0109,0,0,0,0
2321,1884,7,0.2500,0.0000,0,0,1,0
2322,814,851,0.3333,0.0000,0,0,0,0
2323,114,2609,0.0000,0.0029,0,0,0,1
2324,312,544,0.0000,0.0000,0,0,0,0
2325,151,13,0.0000,1.0000,0,0,0,0
2326,738,17,0.0000,1.0000,0,0,0,0
2327,310,21,1.0000,0.0000,0,0,0,0
2328,672,324,0.6667,0.0000,0,0,1,0
2329,590,327,0.0000,0.0000,0,0,0,0
2330,1025,3515,0.5000,0.0432,0,0,0,1
2331,496,1625,0.0000,0.0175,0,0,0,1
2332,1796,5,0.2500,0.0000,0,0,1,0
2333,735,70,0.5000,0.0000,0,0,0,0
2334,68,1334,0.0000,0.0199,0,0,0,0
2335,155,166,0.3333,0.0000,0,0,1,0
2336,382,959,0.0000,0.1257,0,0,0,0
2337,546,291,0.6667,0.0000,0,0,1,0
2338,30,905,0.0000,0.0738,0,0,0,0
2339,229,550,0.0000,0.1263,0,0,0,0
2340,865,2888,0.5000,0.0490,0,0,1,1
2341,2119,5631,0.2000,0.0000,0,0,0,1
2342,285,781,0.0000,0.0423,0,0,0,1
2343,607,530,1.0000,0.0440,0,0,0,0
2344,312,20,1.0000,0.0000,0,0,0,0
2345,189,126,0.0000,0.0000,0,0,0,0
2346,37,1116,0.0000,0.0000,0,0,0,0
2347,891,1412,0.5000,0.1440,0,0,1,1
2348,308,76,0.0000,0.1429,0,0,1,0
2349,1029,2229,0.4000,0.1216,1,0,1,1
2350,18,26,1.0000,0.0000,0,0,0,0
2351,1328,399,0.4000,0.2424,0,0,1,0
2352,1701,494,0.2000,0.0000,0,0,1,0
2353,912,2102,0.2500,0.2252,0,0,0,1
2354,271,1822,1.0000,0.0586,0,0,0,0
2355,479,539,0.0000,0.0333,0,0,0,0
2356,4839,3185,0.2000,0.0188,0,0,0,1
2357,973,1118,0.5000,0.0000,0,0,1,0
2358,1865,67,0.3333,0.4167,0,0,1,0
2359,944,2160,0.2500,0.1923,0,0,1,0
2360,1026,2361,0.4000,0.0118,0,0,1,1
2361,170,1523,0.0000,0.0093,1,0,0,0
2362,938,1245,0.6667,0.0056,0,0,0,0
2363,411,336,1.0000,0.0000,0,0,0,0
2364,38,520,1.0000,0.0000,1,0,0,0
2365,583,1541,0.2500,0.0000,1,0,1,0
2366,367,61,0.0000,0.6000,0,0,0,0
2367,1591,2582,0.6000,0.0521,0,0,1,1
2368,1185,1631,0.0000,0.0182,0,0,0,1
2369,603,942,0.0000,0.0000,0,0,0,0
2370,156,1067,0.2500,0.0245,0,0,0,1
2371,707,903,0.0000,0.2137,0,0,0,1
2372,77,250,0.0000,0.0000,0,0,0,0
2373,964,4625,0.2000,0.0094,0,0,0,1
2374,674,2360,0.5000,0.0262,0,0,1,1
2375,989,4,0.0000,0.0000,0,0,0,0
2376,438,1399,0.0000,0.0092,0,0,0,1
2377,352,237,1.0000,0.0000,0,0,0,0
2378,407,1699,0.0000,0.2230,0,0,0,1
2379,233,82,0.0000,0.0000,0,0,0,0
2380,43,8,1.0000,0.0000,0,0,0,0
2381,688,3236,0.3333,0.0256,0,0,0,1
2382,278,2220,0.5000,0.0000,0,0,0,0
2383,1184,50,0.0000,0.0000,0,0,0,0
2384,1511,652,0.5000,0.0183,0,0,1,0
2385,493,1289,0.0000,0.0755,0,0,0,0
2386,626,1849,0.0000,0.1222,0,0,0,1
2387,51,1413,0.0000,0.0217,0,0,0,0
2388,561,459,1.0000,0.0000,0,0,0,0
2389,311,20,1.0000,0.0000,0,0,0,0
2390,1334,2253,0.6000,0.1025,0,0,1,1
2391,63,2328,0.0000,0.0139,0,0,0,1
2392,632,3074,0.2500,0.0547,0,0,1,0
2393,574,1233,0.0000,0.0635,0,0,0,0
2394,96,966,0.0000,0.0000,0,0,0,0
2395,1006,2664,0.5000,0.0426,0,0,0,1
2396,82,1058,0.0000,0.0065,0,0,0,0
2397,728,445,0.6667,0.0000,0,0,1,0
2398,220,2531,0.0000,0.0000,1,0,0,0
2399,344,529,0.5000,0.0000,0,0,0,1
2400,1598,7,0.2500,0.0000,0,0,1,0
2401,57,77,1.0000,0.0000,0,0,0,0
2402,148,1289,0.0000,0.0043,0,0,0,1
2403,574,1063,0.5000,0.0642,0,0,0,1
2404,1104,4409,0.2000,0.0182,0,0,0,1
2405,967,2470,0.5000,0.1234,0,0,1,1
2406,1025,130,0.6667,0.5238,0,0,1,0
2407,600,3442,0.2500,0.0199,0,0,0,1
2408,1767,3215,0.5000,0.0696,0,0,1,1
2409,309,19,1.0000,0.0000,0,0,0,0
2410,32,501,1.0000,0.0000,0,0,0,0
2411,915,2180,0.4000,0.0194,0,0,1,1
2412,188,293,0.0000,0.0952,0,0,0,0
2413,273,375,0.0000,0.0294,0,0,0,0
2414,1284,624,0.0000,0.0505,0,0,0,1
2415,1720,5,0.2500,0.0000,0,0,1,0
2416,1015,1365,0.3333,0.0000,0,0,0,0
2417,883,1133,0.5000,0.0000,0,0,1,0
2418,1428,2979,0.5000,0.1460,0,0,1,1
2419,463,159,0.5000,0.0000,0,0,0,0
2420,1345,4624,0.2500,0.0395,0,0,0,1
2421,802,612,0.6667,0.0132,0,0,0,0
2422,802,556,1.0000,0.0000,0,0,0,0
2423,3551,4937,0.2500,0.0000,0,0,0,1
2424,366,308,1.0000,0.0000,0,0,0,0
2425,62,2730,0.0000,0.0000,0,0,0,0
2426,1401,212,0.5000,0.0769,0,0,0,0
2427,31,21,1.0000,0.0000,0,0,0,0
2428,1404,1937,0.5000,0.1314,0,0,1,1
2429,259,89,0.6667,0.0000,0,0,1,0
2430,2401,26,0.5000,0.0000,0,0,0,0
2431,301,805,0.0000,0.0943,0,0,0,1
2432,317,1557,0.0000,0.0751,1,0,0,0
2433,1091,2885,0.6667,0.1818,0,0,1,1
2434,176,1783,0.0000,0.0000,1,0,0,0
2435,256,2256,0.0000,0.0033,0,0,0,0
2436,1716,3135,0.6667,0.0805,0,0,1,1
2437,113,744,0.0000,0.0088,0,0,0,0
2438,423,3083,0.0000,0.0619,0,0,0,1
2439,124,2905,0.0000,0.0249,0,0,0,1
2440,1704,7,0.2500,0.0000,0,0,1,0
2441,150,1378,0.3333,0.0467,1,0,0,0
2442,110,1119,0.0000,0.0872,0,0,0,0
2443,1494,2126,0.2000,0.1629,0,0,1,1
2444,479,1218,0.3333,0.1676,1,0,0,0
2445,1802,194,1.0000,0.6970,0,0,1,1
2446,611,166,0.5000,0.0476,0,0,0,0
2447,958,788,0.2500,0.0638,0,0,1,0
2448,26,1078,0.0000,0.0107,0,0,0,0
2449,608,5,0.0000,0.0000,0,0,0,0
2450,2191,445,0.6667,0.0000,0,0,1,0
2451,120,1539,0.0000,0.0048,0,0,0,0
2452,305,13,1.0000,0.0000,0,0,0,0
2453,316,115,0.6667,0.1500,0,0,1,0
2454,242,640,0.0000,0.0500,0,0,0,1
2455,187,722,0.0000,0.0169,1,0,0,0
2456,1144,2519,0.4000,0.0538,0,0,1,1
2457,877,2157,0.2500,0.0928,0,0,1,0
2458,1088,1406,0.6667,0.0000,0,0,1,0
2459,547,826,0.5000,0.0571,0,0,0,0
2460,1898,7,0.2500,0.0000,0,0,1,0
2461,626,250,0.3333,0.0000,0,0,0,0
2462,318,25,1.0000,0.0000,0,0,0,0
2463,870,864,0.6667,0.0000,0,0,0,0
2464,838,625,1.0000,0.0109,0,0,0,0
2465,207,19,0.0000,1.0000,0,0,0,0
2466,1644,1651,0.7500,0.0109,0,0,1,1
2467,321,2457,0.0000,0.0000,0,0,0,0
2468,74,1768,0.0000,0.0000,0,0,0,1
2469,836,3014,0.4000,0.0056,0,0,0,1
2470,246,1675,0.0000,0.0044,0,0,0,0
2471,635,1542,0.0000,0.1148,0,0,0,1
2472,1626,4605,0.2500,0.0148,0,0,0,1
2473,729,902,0.6667,0.0000,0,0,1,0
2474,65,508,1.0000,0.0000,0,0,0,0
2475,387,762,0.0000,0.0652,0,0,0,0
2476,309,17,1.0000,0.0000,0,0,0,0
2477,1624,7,0.2500,0.0000,0,0,1,0
2478,1088,59,0.3333,0.2000,0,0,1,0
2479,969,2522,0.5000,0.0224,0,0,1,1
2480,1156,2492,0.6000,0.1256,0,0,1,1
2481,558,1377,0.0000,0.0982,0,0,0,1
2482,1107,119,0.6667,0.1500,0,0,1,0
2483,1532,476,0.2500,0.1190,0,0,1,0
2484,165,193,1.0000,0.4714,0,0,0,0
2485,448,643,0.2500,0.0294,0,0,0,1
2486,75,48,1.0000,0.0000,0,0,0,0
2487,468,751,0.5000,0.0079,0,0,0,0
2488,101,1762,0.0000,0.0037,0,0,0,1
2489,1449,992,0.7500,0.0563,0,0,1,1
2490,36,156,0.0000,0.0000,0,0,0,0
2491,559,1375,0.0000,0.0471,0,0,0,1
2492,823,870,0.5000,0.0000,0,0,1,0
2493,1318,3680,0.4000,0.1454,0,0,1,1
2494,503,163,0.5000,0.0000,0,0,0,0
2495,1687,2331,0.3333,0.0430,0,0,0,0
2496,368,412,0.0000,0.0638,0,0,0,0
2497,118,397,0.0000,0.0000,0,0,0,1
2498,994,147,0.6667,0.5000,0,0,1,0
2499,1718,7,0.2500,0.0000,0,0,1,0
2500,202,309,0.0000,0.2549,0,0,0,0
2501,1257,1994,0.4000,0.1339,0,0,1,1
2502,186,1,1.0000,0.0000,0,0,0,0
2503,869,2422,0.2000,0.0413,0,0,1,1
2504,1469,2451,0.2000,0.1008,0,0,1,1
2505,58,1503,0.0000,0.0155,1,0,0,1
2506,58,53,1.0000,0.0000,0,0,0,0
2507,1036,1001,0.0000,0.0091,0,0,0,0
2508,745,559,1.0000,1.0000,0,0,0,0
2509,128,2056,1.0000,0.0067,0,0,0,0
2510,451,27,0.0000,0.0000,0,0,0,0
2511,1100,782,0.5000,0.0000,0,0,1,0
2512,483,2727,0.0000,0.0112,0,0,0,0
2513,123,138,1.0000,0.3333,0,0,0,0
2514,1455,2700,0.4000,0.0483,0,0,1,1
2515,25,705,0.0000,0.0000,0,0,0,1
2516,653,415,1.0000,0.0000,0,0,0,0
2517,1796,8,0.2500,0.0000,0,0,1,0
2518,881,1911,0.4000,0.1390,0,0,1,1
2519,705,351,0.6667,0.0000,0,0,1,0
2520,211,467,0.0000,0.0345,0,0,0,0
2521,336,314,0.0000,0.0328,0,0,0,0
2522,62,120,1.0000,0.1176,0,0,0,0
2523,43,16,1.0000,0.0000,0,0,0,0
2524,325,1385,0.0000,0.0568,0,0,0,1
2525,189,214,0.3333,0.0000,0,0,1,0
2526,772,1883,0.3333,0.0362,0,0,0,1
2527,308,17,1.0000,0.0000,0,0,0,0
2528,648,287,1.0000,0.0328,0,0,0,0
2529,735,3445,0.2500,0.0639,0,0,1,0
2530,311,19,1.0000,0.0000,0,0,0,0
2531,881,1329,0.5000,0.0185,1,0,0,1
2532,1807,7,0.2500,0.0000,0,0,1,0
2533,147,2159,0.0000,0.0160,0,0,0,1
2534,758,313,0.6667,0.0000,0,0,1,0
2535,454,2390,0.0000,0.0338,0,0,0,1
2536,355,1171,0.0000,0.0305,0,0,0,0
2537,117,436,1.0000,0.0000,0,0,0,0
2538,503,381,1.0000,0.0811,0,0,0,0
2539,647,143,0.5000,0.0000,0,0,0,0
2540,513,348,0.0000,0.0833,0,0,0,0
2541,1062,2274,0.4000,0.0657,0,0,1,1
2542,1021,3551,0.5000,0.0626,0,0,1,1
2543,582,2228,0.0000,0.0340,0,0,0,0
2544,96,88,0.0000,0.9167,0,0,0,0
2545,1222,2617,0.2500,0.0830,1,0,0,0
2546,61,389,0.0000,0.0000,0,0,0,0
2547,1400,2650,0.4000,0.0693,0,0,1,1
2548,217,1479,0.0000,0.0146,0,0,0,1
2549,388,378,1.0000,0.0000,0,0,0,0
2550,433,1360,0.0000,0.0526,0,0,0,1
2551,3366,6384,0.2500,0.0056,0,0,0,1
2552,319,26,1.0000,0.0000,0,0,0,0
2553,957,2109,0.0000,0.0395,0,0,0,1
2554,1152,2257,0.4000,0.1351,0,0,1,1
2555,378,1650,0.5000,0.0217,0,0,0,1
2556,315,22,1.0000,0.0000,0,0,0,0
2557,893,2277,0.2500,0.1111,0,0,1,0
2558,1705,8,0.2500,0.0000,0,0,1,0
2559,572,164,1.0000,0.0000,0,0,0,0
2560,45,326,1.0000,0.0381,0,0,0,0
2561,65,246,1.0000,0.0000,0,0,0,0
2562,670,839,0.0000,0.0119,0,0,0,1
2563,1023,4220,0.4000,0.1583,0,0,1,1
2564,846,2684,0.2000,0.0907,0,0,1,1
2565,180,1638,0.0000,0.0044,0,0,0,1
2566,911,1220,0.0000,0.1220,0,0,0,0
2567,1681,5,0.2500,0.0000,0,0,1,0
2568,1055,764,1.0000,0.0438,0,0,1,1
2569,612,912,0.2500,0.0811,0,0,0,1
2570,403,1771,0.0000,0.0333,0,0,0,1
2571,1122,3575,0.7500,0.0813,0,0,1,1
2572,659,804,0.0000,0.1163,0,0,0,0
2573,39,14,1.0000,0.0000,0,0,0,0
2574,833,1804,0.2000,0.1622,0,0,1,1
2575,320,27,1.0000,0.0000,0,0,0,0
2576,493,309,1.0000,0.0000,0,0,0,0
2577,1723,7,0.2500,0.0000,0,0,1,0
2578,1986,2959,0.2500,0.0271,0,0,0,0
2579,974,469,0.6667,0.0000,0,0,1,0
2580,1279,3696,0.5000,0.0551,0,0,1,1
2581,455,967,0.0000,0.0063,0,0,0,1
2582,386,2728,0.0000,0.0000,0,0,0,1
2583,1494,593,0.4000,0.0000,0,0,1,1
2584,1103,554,0.6667,0.0000,0,0,1,0
2585,794,164,0.0000,0.3273,0,0,1,0
2586,1954,8,0.2500,0.0000,0,0,1,0
2587,85,84,0.0000,0.0000,0,0,0,0
2588,1341,2541,0.2500,0.0806,0,0,1,1
2589,1698,3711,0.2000,0.0729,0,0,1,1
2590,2932,542,0.0000,0.0116,0,0,0,0
2591,1142,2803,0.4000,0.0460,0,0,0,1
2592,505,1533,0.0000,0.0045,0,0,0,1
2593,278,98,1.0000,0.0000,0,0,0,0
2594,302,373,1.0000,0.0000,0,0,0,0
2595,311,21,1.0000,0.0000,0,0,0,0
2596,45,7430,0.0000,0.0000,0,0,0,1
2597,231,289,0.0000,0.0851,0,0,0,0
2598,1323,1294,0.5000,0.0166,0,0,1,1
2599,1275,834,1.0000,0.0556,0,0,1,1
2600,1504,3796,0.3333,0.0168,0,0,0,1
2601,389,149,0.0000,0.0000,0,0,0,0
2602,1292,336,0.2000,0.0000,0,0,1,0
2603,782,510,0.6667,0.0000,0,0,1,0
2604,180,356,0.0000,0.0455,0,0,0,0
2605,438,1,0.0000,0.0000,0,0,0,0
2606,960,1453,0.5000,0.1299,1,0,0,0
2607,212,775,0.0000,0.0127,0,0,0,0
2608,65,73,1.0000,0.1000,0,0,0,0
2609,585,1416,0.2500,0.0291,0,0,0,1
2610,126,126,1.0000,0.6667,0,0,0,0
2611,116,13,0.5000,0.0000,0,0,0,0
2612,1040,2966,0.2500,0.2349,0,0,1,0
2613,551,897,0.5000,0.3185,0,0,0,1
2614,911,2,0.0000,0.0000,0,0,0,0
2615,138,40,1.0000,0.0000,0,0,0,0
2616,1759,1271,0.5000,0.0437,0,0,1,1
2617,1507,4158,0.2500,0.0403,0,0,0,1
2618,354,822,0.5000,0.1745,0,0,0,0
2619,36,13,1.0000,0.0000,0,0,0,0
2620,737,2706,0.6000,0.1201,0,0,1,1
2621,510,1569,0.0000,0.0201,0,0,0,1
2622,170,710,0.0000,0.0354,1,0,0,0
2623,681,1719,0.2000,0.0072,0,0,0,1
2624,588,3031,0.0000,0.0841,0,0,0,1
2625,1319,2259,0.6000,0.2638,0,0,1,1
2626,1674,8,0.2500,0.0000,0,0,1,0
2627,1219,1852,0.5000,0.2329,0,0,0,0
2628,809,726,0.6667,0.0000,0,0,0,0
2629,57,31,0.0000,0.0000,0,0,0,0
2630,47,16,1.0000,0.0000,0,0,0,0
2631,1799,7,0.2500,0.0000,0,0,1,0
2632,37,357,0.0000,0.0000,0,0,0,0
2633,780,493,1.0000,0.1250,0,0,0,0
2634,310,20,1.0000,0.0000,0,0,0,0
2635,641,167,0.5000,0.0303,0,0,0,0
2636,797,562,1.0000,0.0000,0,0,0,0
2637,1049,2888,0.7500,0.0255,0,0,1,1
2638,339,37,0.5000,0.0000,0,0,0,0
2639,1146,1894,0.5000,0.1046,0,0,1,1
2640,1499,2142,0.5000,0.1733,0,0,1,1
2641,821,807,0.2500,0.0660,0,0,0,1
2642,1045,793,0.6667,0.0123,0,0,1,0
2643,168,494,0.0000,0.0714,0,0,0,0
2644,611,407,1.0000,0.0000,0,0,0,0
2645,127,1136,0.0000,0.0000,0,0,0,0
2646,81,60,0.0000,0.5000,0,0,0,0
2647,49,18,1.0000,0.0000,0,0,0,0
2648,1249,938,1.0000,0.0472,0,0,0,0
2649,723,2530,0.4000,0.0435,0,0,1,1
2650,649,2668,0.2000,0.0050,0,0,0,1
2651,691,266,0.4000,0.0000,0,0,1,0
2652,549,1118,0.0000,0.0754,0,0,0,1
2653,834,1130,0.0000,0.0325,0,0,0,0
2654,1135,2721,0.6667,0.0000,0,0,0,0
2655,1249,2178,0.5000,0.0703,1,0,1,1
2656,711,4360,0.0000,0.0069,0,0,0,1
2657,65,1063,0.0000,0.0000,0,0,0,0
2658,2346,2775,0.0000,0.0165,0,0,0,0
2659,203,1372,0.0000,0.0043,0,0,0,1
2660,956,236,0.3333,0.0000,0,0,1,0
2661,1383,1003,0.5000,0.1292,0,0,0,0
2662,48,168,1.0000,0.0000,0,0,0,0
2663,1633,467,0.5000,0.1125,0,0,1,1
2664,246,1251,0.0000,0.0273,0,0,0,0
2665,213,2774,0.0000,0.0000,0,0,0,1
2666,1768,7,0.2500,0.0000,0,0,1,0
2667,49,19,0.0000,0.0000,0,0,0,0
2668,478,1845,0.0000,0.0255,0,0,0,0
2669,550,1134,0.0000,0.4848,0,0,0,0
2670,621,2050,0.2500,0.0276,0,0,0,1
2671,808,170,0.6667,0.0000,0,0,1,0
2672,667,1743,0.6667,0.0160,1,0,0,0
2673,2073,229,0.0000,0.1087,0,0,0,0
2674,594,922,0.0000,0.1684,0,0,0,0
2675,1793,1461,0.7500,0.0135,0,0,1,1
2676,176,1348,0.0000,0.0960,0,0,0,1
2677,580,305,0.6667,0.0000,0,0,0,0
2678,1219,2036,0.5000,0.0631,0,0,1,1
2679,57,12,1.0000,0.0000,0,0,0,0
2680,623,1626,0.6667,0.1038,0,0,1,1
2681,59,566,1.0000,0.0000,1,0,0,0
2682,480,274,0.6667,0.0000,0,0,1,0
2683,1368,3592,0.5000,0.0310,0,0,1,1
2684,284,940,0.0000,0.0781,0,0,0,0
2685,169,1193,0.0000,0.0619,0,0,0,0
2686,246,1145,0.0000,0.1717,0,0,0,1
2687,770,1816,0.6667,0.0000,0,0,0,0
2688,1123,2248,0.3333,0.0407,0,0,1,0
2689,149,44,0.0000,0.0000,0,0,0,0
2690,107,1737,1.0000,0.0097,0,0,0,0
2691,320,28,1.0000,0.0000,0,0,0,0
2692,136,511,0.2500,0.0000,0,0,0,0
2693,33,216,0.0000,0.0435,0,0,0,0
2694,486,1569,0.0000,0.0453,0,0,0,1
2695,311,19,1.0000,0.0000,0,0,0,0
2696,993,5,0.0000,0.0000,0,0,0,0
2697,1145,349,0.4000,0.0000,0,0,1,0
2698,558,4962,0.0000,0.0000,0,0,0,0
2699,32,436,0.0000,0.0000,0,0,0,0
2700,963,1069,0.6000,0.1325,1,0,0,1
2701,1534,7,0.2500,0.0000,0,0,1,0
2702,695,1153,1.0000,0.0000,0,0,0,0
2703,785,408,1.0000,0.2500,0,0,0,0
2704,320,27,1.0000,0.0000,0,0,0,0
2705,643,342,0.5000,0.0000,0,0,1,0
2706,197,556,0.5000,0.1494,0,0,0,0
2707,1700,7,0.2500,0.0000,0,0,1,0
2708,140,258,1.0000,0.0000,0,0,0,0
2709,471,599,0.3333,0.0429,0,0,0,0
2710,1788,7,0.2500,0.0000,0,0,1,0
2711,1243,325,0.6667,0.0000,0,0,0,0
2712,983,208,0.4000,0.0000,0,0,1,0
2713,317,24,1.0000,0.0000,0,0,0,0
2714,1611,3477,0.4000,0.0103,1,0,1,0
2715,992,1446,0.2000,0.0240,0,0,1,1
2716,274,564,0.5000,0.0000,0,0,0,0
2717,1014,735,0.5000,0.0000,0,0,1,0
2718,1235,2088,0.2500,0.0105,0,0,1,1
2719,1786,7,0.2500,0.0000,0,0,1,0
2720,319,27,1.0000,0.0000,0,0,0,0
2721,469,1210,0.0000,0.0221,0,0,0,0
2722,315,26,1.0000,0.0000,0,0,0,0
2723,102,1233,0.0000,0.0161,0,0,0,0
2724,1160,1853,0.6667,0.2201,0,0,0,0
2725,1856,7,0.2500,0.0000,0,0,1,0
2726,206,419,0.0000,0.1486,0,0,0,0
2727,546,489,0.0000,0.0635,0,0,0,1
2728,490,2023,0.6667,0.0576,0,0,1,1
2729,73,1483,0.0000,0.0000,0,0,0,1
2730,1131,1971,0.2500,0.1217,0,0,1,0
2731,261,676,0.3333,0.1979,1,0,0,0
2732,147,32,0.0000,0.0000,0,0,0,0
2733,44,165,1.0000,0.0000,0,0,0,0
2734,1099,497,0.5000,0.0000,0,0,1,0
2735,312,22,1.0000,0.0000,0,0,0,0
2736,508,336,0.6667,0.0750,0,0,0,0
2737,519,134,0.5000,0.0000,0,0,0,0
2738,308,17,1.0000,0.0000,0,0,0,0
2739,97,336,1.0000,0.0000,0,0,0,0
2740,324,1334,0.5000,0.0000,0,0,0,0
2741,314,21,1.0000,0.0000,0,0,0,0
2742,878,1873,0.3333,0.0901,0,0,1,0
2743,446,615,1.0000,0.0000,0,0,0,0
2744,927,445,0.0000,0.0000,0,0,0,0
2745,1771,8,0.2500,0.0000,0,0,1,0
2746,2049,5992,0.2500,0.0075,0,0,0,1
2747,875,366,0.3333,0.0000,0,0,1,0
2748,132,378,0.3333,0.0784,0,0,0,0
2749,696,282,1.0000,0.0000,0,0,0,0
2750,1028,1407,0.3333,0.0389,0,0,0,0
2751,320,30,1.0000,0.0000,0,0,0,0
2752,71,461,1.0000,0.0588,0,0,0,0
2753,1089,1526,0.2000,0.1434,0,0,1,1
2754,884,729,0.6667,0.0000,0,0,1,0
2755,195,1624,0.0000,0.0049,1,0,0,0
2756,502,436,0.0000,0.0625,0,0,0,0
2757,1318,2599,0.2500,0.1874,0,0,1,0
2758,936,832,1.0000,0.1000,0,0,0,0
2759,71,347,1.0000,0.0000,0,0,0,0
2760,1587,7,0.2500,0.0000,0,0,1,0
2761,948,1746,0.2000,0.1136,0,0,1,1
2762,1082,2505,0.5000,0.1014,0,0,0,1
2763,886,2508,0.5000,0.1574,0,0,1,1
2764,302,798,0.0000,0.0976,0,0,0,0
2765,501,1020,0.0000,0.0292,0,0,0,1
2766,232,3328,0.0000,0.0021,0,0,0,1
2767,1075,1519,0.0000,0.0542,0,0,0,1
2768,30,585,1.0000,0.0102,0,0,0,0
2769,337,125,0.0000,0.2941,0,0,1,0
2770,120,44,1.0000,0.0000,0,0,0,0
2771,1122,2235,0.4000,0.0401,0,0,1,1
2772,168,340,0.0000,0.2778,0,0,0,0
2773,588,36,1.0000,0.0000,0,0,0,0
2774,1776,8,0.2500,0.0000,0,0,1,0
2775,1169,2554,0.2500,0.0668,0,0,1,0
2776,248,1401,0.0000,0.0123,0,0,0,1
2777,246,1431,0.0000,0.0000,1,0,0,0
2778,1295,4042,0.5000,0.0714,0,0,1,1
2779,176,189,0.0000,0.0400,0,0,0,1
2780,50,1702,0.0000,0.0000,0,0,0,1
2781,585,13,0.5000,0.0000,0,0,0,0
2782,901,4272,0.0000,0.0342,0,0,0,0
2783,62,444,1.0000,0.0000,0,0,0,0
2784,396,1162,0.0000,0.0273,0,0,0,1
2785,5082,278,0.0000,0.4130,0,0,0,0
2786,710,2879,0.6667,0.0768,0,0,1,1
2787,3398,360,0.0000,0.0392,0,0,0,0
2788,5147,56,0.5000,0.0000,0,0,0,0
2789,1039,1508,0.6000,0.0541,0,0,1,1
2790,999,261,1.0000,0.0217,0,0,0,0
2791,2341,5255,0.2500,0.0053,0,0,0,1
2792,1371,1456,0.4000,0.0234,0,0,1,1
2793,316,1446,0.0000,0.1023,0,0,0,0
2794,396,55,1.0000,0.0000,0,0,0,0
2795,578,1149,0.5000,0.0581,0,0,0,0
2796,7916,17,0.0000,0.0000,0,0,0,0
2797,54,52,1.0000,0.1875,0,0,0,0
2799,1656,457,0.2500,0.1154,0,0,1,0
2800,1259,1563,0.5000,0.0156,0,0,0,0
2801,1746,1348,0.5000,0.0130,0,0,0,1
2802,175,3044,0.0000,0.0000,0,0,0,1
2803,11,100,1.0000,0.0000,0,0,0,0
2804,1199,2626,0.4000,0.1542,0,0,1,1
2805,649,555,0.2500,0.1494,0,0,0,1
2806,71,513,0.0000,0.0000,0,0,0,0
2807,167,665,0.5000,0.0294,1,0,0,0
2808,247,1248,0.7500,0.0884,0,0,1,1
2809,1952,5,0.2500,0.0000,0,0,1,0
2810,618,1214,0.3333,0.0229,1,0,0,0
2811,1040,173,0.2000,0.0000,0,0,1,0
2812,588,9,0.0000,0.0000,0,0,0,0
2813,1265,868,0.5000,0.0179,0,0,1,1
2814,195,1485,0.5000,0.0000,1,0,0,1
2815,1211,2435,0.4000,0.0850,0,0,1,1
2816,162,3541,0.5000,0.0000,0,0,0,0
2817,198,355,0.0000,0.1194,0,0,0,0
2818,86,44,1.0000,0.0000,0,0,0,0
2819,731,1385,0.5000,0.0000,0,0,1,0
2820,82,38,1.0000,0.0000,0,0,0,0
2821,1666,1366,0.7500,0.0306,0,0,1,1
2822,138,1282,0.0000,0.0246,0,0,0,0
2823,1342,75,0.5000,0.0000,0,0,0,0
2824,2195,2203,0.2000,0.0467,0,0,0,1
2825,1387,2320,1.0000,0.1865,0,0,0,0
2826,1497,13,1.0000,0.0000,0,0,0,0
2827,75,411,1.0000,0.0000,0,0,0,0
2828,7130,193,0.0000,1.0000,0,0,0,0
2829,1676,7,0.2500,0.0000,0,0,1,0
2830,1486,1826,0.6667,0.1397,0,0,1,1
2831,875,1889,0.5000,0.0409,0,0,1,1
2832,681,310,1.0000,0.0000,0,0,0,0
2833,956,1068,1.0000,0.5034,0,0,0,0
2834,1245,890,0.6667,0.1194,0,0,1,1
2835,1512,2568,0.5000,0.1709,0,0,0,1
2836,1013,754,1.0000,0.0339,0,0,0,0
2837,430,1352,0.0000,0.1005,0,0,0,1
2838,2331,2267,0.3333,0.0265,0,0,0,1
2839,756,1158,0.0000,0.0963,0,0,0,1
2840,1580,3,0.0000,0.0000,0,0,0,0
2841,311,20,1.0000,0.0000,0,0,0,0
2842,974,2868,0.5000,0.0164,0,0,1,1
2843,927,492,0.0000,0.0000,0,0,0,0
2844,1395,2223,0.2500,0.0457,0,0,0,1
2845,889,445,0.0000,0.0000,0,0,0,0
2846,577,1358,0.0000,0.0214,0,0,0,1
2847,412,1005,0.0000,0.1575,0,0,0,0
2848,540,1959,0.0000,0.0000,0,0,0,0
2849,555,2854,0.0000,0.0246,0,0,0,1
2850,601,209,1.0000,0.0000,0,0,0,0
2851,862,154,0.2500,0.0000,0,0,0,0
2852,771,75,0.0000,0.5000,0,0,1,0
2853,194,979,0.0000,0.0000,0,0,0,0
2854,241,1104,0.0000,0.2070,0,0,0,1
2855,421,1881,0.0000,0.0324,0,0,0,0
2856,250,863,0.0000,0.0786,0,0,0,1
2857,534,192,1.0000,0.0000,0,0,0,0
2858,26,282,1.0000,0.0476,0,0,0,0
2859,357,573,1.0000,0.0000,0,0,0,0
2860,242,424,0.0000,0.0370,0,0,0,0
2861,315,23,1.0000,0.0000,0,0,0,0
2862,551,959,0.0000,0.1829,0,0,0,1
2863,821,2440,0.5000,0.0610,0,0,1,1
2864,885,2395,0.4000,0.1415,0,0,1,1
2865,1008,1734,0.4000,0.2183,0,0,1,1
2866,279,295,0.0000,0.0000,0,0,0,0
2867,1832,7,0.2500,0.0000,0,0,1,0
2868,240,2058,0.0000,0.0000,0,0,0,0
2869,83,730,0.0000,0.0085,1,0,0,1
2870,422,439,0.0000,0.0732,0,0,0,0
2871,482,447,0.5000,0.0000,0,0,0,0
2872,401,1905,0.0000,0.0115,1,0,0,1
2873,371,1304,0.0000,0.0533,0,0,0,1
2874,1265,17,0.0000,1.0000,0,0,0,0
2875,111,446,1.0000,0.0000,0,0,0,0
2876,1202,626,1.0000,0.2069,0,0,0,0
2877,762,718,1.0000,0.0625,0,0,0,0
2878,1184,3009,0.5000,0.0331,0,0,1,1
2879,90,344,1.0000,0.0000,0,0,0,0
2880,109,484,0.0000,0.0000,0,0,0,0
2881,467,490,1.0000,0.0000,0,0,0,0
2882,320,27,1.0000,0.0000,0,0,0,0
2883,14265,170,0.0000,0.0000,0,0,0,0
2884,632,6066,0.2500,0.0176,0,0,0,1
2885,75,1249,0.0000,0.0000,0,0,0,0
2886,703,9,1.0000,0.0000,0,0,0,0
2887,347,1896,0.2000,0.0174,0,0,0,1
2888,721,3297,0.0000,0.0092,0,0,0,0
2889,60,705,0.0000,0.0673,0,0,0,1
2890,96,167,0.0000,0.0909,0,0,0,0
2891,196,407,0.0000,0.1014,1,0,0,0
2892,621,1805,0.0000,0.2124,0,0,0,1
2893,320,30,1.0000,0.0000,0,0,0,0
2894,50,766,0.0000,0.0000,0,0,0,0
2895,154,2046,1.0000,0.0013,0,0,0,0
2896,319,29,1.0000,0.0000,0,0,0,0
2897,408,86,0.0000,0.0000,0,0,0,0
2898,296,386,0.0000,0.0000,0,0,0,0
2899,1528,8,0.2500,0.0000,0,0,1,0
2900,857,2073,0.4000,0.0613,0,0,1,1
2901,397,52,0.5000,0.0000,0,0,0,0
2902,1162,3849,0.5000,0.0751,0,0,1,1
2903,681,147,0.6667,0.0000,0,0,0,0
2904,78,1748,0.0000,0.0000,0,0,0,0
2905,2056,1918,0.6667,0.0235,1,0,0,0
2906,826,1441,0.2500,0.0847,1,0,1,0
2907,82,109,1.0000,0.0000,0,0,0,0
2908,68,757,0.0000,0.0000,0,0,0,0
2909,62,46,1.0000,0.0000,0,0,0,0
2910,1425,3525,0.2500,0.1035,0,0,1,0
2911,210,2955,0.0000,0.0000,0,0,0,1
2912,312,20,1.0000,0.0000,0,0,0,0
2913,1212,4429,0.7500,0.0862,0,0,1,1
2914,694,935,0.6667,0.0000,1,0,0,0
2915,1153,2195,0.3333,0.1809,0,0,1,0
2916,549,200,0.0000,0.0571,0,0,0,0
2917,78,359,1.0000,0.0000,0,0,0,0
2918,432,645,0.0000,0.1944,0,0,0,0
2919,76,739,1.0000,0.0000,0,0,0,0
2920,316,26,1.0000,0.0000,0,0,0,0
2921,803,3442,0.2500,0.0245,0,0,0,1
2922,572,858,0.0000,0.1880,0,0,0,1
2923,1679,8,0.2500,0.0000,0,0,1,0
2924,320,752,0.0000,0.3597,0,0,0,0
2925,114,2040,0.0000,0.0000,1,0,0,1
2926,173,879,0.0000,0.0580,0,0,0,0
2927,1809,1882,0.7500,0.0623,0,0,1,1
2928,1095,1527,0.6667,0.0000,0,0,0,0
2929,3760,6307,0.2500,0.0043,0,0,0,1
2930,1164,658,0.3333,0.0000,0,0,1,0
2931,1078,2675,0.2500,0.1417,0,0,1,0
2932,221,2067,0.0000,0.0125,0,0,0,1
2933,389,1164,0.0000,0.0976,0,0,0,0
2934,237,957,1.0000,0.0000,0,0,0,0
2935,317,25,1.0000,0.0000,0,0,0,0
2936,1057,2883,0.6000,0.0501,0,0,1,1
2937,458,1016,0.5000,0.0000,0,0,1,0
2938,222,82,1.0000,0.0000,0,0,0,0
2939,318,28,1.0000,0.0000,0,0,0,0
2940,493,1290,0.3333,0.4508,1,0,0,0
2941,58,395,1.0000,0.0470,0,0,0,0
2942,208,17,1.0000,1.0000,0,0,0,0
2943,1789,8,0.2500,0.0000,0,0,1,0
2944,354,2480,0.5000,0.0000,0,0,1,1
2945,1657,5,0.2500,0.0000,0,0,1,0
2946,749,229,0.3333,0.0000,0,0,1,0
2947,1446,605,0.0000,0.0000,0,0,0,0
2948,234,502,0.0000,0.2188,0,0,0,0
2949,1166,533,1.0000,0.0000,0,0,0,0
2950,780,1260,0.5000,0.0417,1,0,0,0
2951,315,23,1.0000,0.0000,0,0,0,0
2952,520,2,0.0000,0.0000,0,0,0,0
2953,76,2350,0.0000,0.0000,0,0,0,1
2954,313,21,1.0000,0.0000,0,0,0,0
2955,109,466,0.0000,0.0769,0,0,0,1
2956,1052,2,0.0000,0.0000,0,0,0,0
2957,291,1180,0.0000,0.0394,0,0,0,1
2958,924,1260,0.7500,0.0000,0,0,0,0
2959,95,441,0.0000,0.0000,0,0,0,0
2960,1010,2275,0.6000,0.1801,0,0,1,1
2961,772,1376,0.3333,0.0697,0,0,0,1
2962,862,2337,0.3333,0.0621,0,0,1,0
2963,312,21,1.0000,0.0000,0,0,0,0
2964,568,574,0.2500,0.0000,0,0,1,0
2965,46,1048,1.0000,0.0000,0,0,0,0
2966,66,405,1.0000,0.0000,0,0,0,0
2967,502,1204,0.0000,0.1526,0,0,0,0
2968,585,2414,0.3333,0.0449,0,0,0,1
2969,393,4311,0.3333,0.0000,0,0,0,1
2970,99,257,1.0000,0.0568,0,0,0,0
2971,114,12,1.0000,0.0000,0,0,0,0
2972,1171,3540,0.6667,0.1268,0,0,0,0
2973,249,2000,0.0000,0.0917,0,0,0,1
2974,65,1616,0.0000,0.0000,0,0,0,1
2975,1755,8,0.2500,0.0000,0,0,1,0
2976,316,23,1.0000,0.0000,0,0,0,0
2977,1330,3357,0.6000,0.0447,0,0,1,1
2978,301,671,0.5000,0.0000,0,0,0,0
2979,307,415,0.0000,0.0690,0,0,0,0
2980,980,2764,0.5000,0.0793,0,0,1,1
2981,363,3297,0.0000,0.0131,0,0,0,1
2982,71,1589,0.0000,0.0000,0,0,0,0
2983,1815,8,0.2500,0.0000,0,0,1,0
2984,5108,5813,1.0000,0.0953,0,0,1,1
2985,583,1,0.0000,0.0000,0,0,0,0
2986,392,1280,0.0000,0.0200,0,0,0,1
2987,353,1872,0.0000,0.0154,0,0,0,1
2988,1355,1310,1.0000,0.0244,0,0,1,1
2989,548,350,0.5000,0.0000,0,0,1,0
2990,1113,3766,0.3333,0.0511,0,0,1,1
2991,2189,11,0.5000,0.0000,0,0,0,0
2992,1116,3058,0.5000,0.1349,0,0,1,1
2993,142,1516,0.0000,0.0702,0,0,0,1
2994,222,1366,0.0000,0.0286,0,0,0,1
2995,353,708,0.0000,0.0471,0,0,0,0
2996,74,45,0.0000,0.0000,0,0,0,0
2997,103,320,1.0000,0.0000,0,0,0,0
2998,167,1467,0.0000,0.0288,0,0,0,1
2999,591,915,1.0000,0.0244,0,0,0,0
3000,975,1232,0.6667,0.2488,0,0,1,1
3001,74,2362,0.0000,0.0142,1,0,0,0
3002,123,408,1.0000,0.0794,0,0,0,0
3003,850,1582,0.6667,0.1396,0,0,1,1
3004,1085,2560,0.5000,0.0957,0,0,1,1
3005,1015,2931,0.4000,0.1500,0,0,1,1
3006,1096,1479,0.0000,0.4941,0,0,0,0
3007,763,558,0.6667,0.0000,0,0,0,0
3008,574,1182,0.0000,0.0884,0,0,0,1
3009,2445,2870,0.0000,0.0321,0,0,0,0
3010,250,524,0.0000,0.2547,0,0,0,0
3011,174,1156,0.2500,0.0444,0,0,0,0
3012,314,3584,0.2500,0.0097,0,0,0,1
3013,2241,745,0.5000,0.4104,0,0,0,1
3014,315,23,1.0000,0.0000,0,0,0,0
3015,3130,240,1.0000,0.0000,0,0,0,0
3016,1629,18,0.0000,0.0000,0,0,0,0
3017,944,3254,0.6000,0.1029,0,0,1,1
3018,527,734,0.0000,0.0787,0,0,0,0
3019,106,1489,0.0000,0.0000,0,0,0,1
3020,631,642,0.5000,0.0000,0,0,0,0
3021,1200,1757,0.5000,0.1304,1,0,0,0
3022,805,358,0.6667,0.0000,0,0,1,0
3023,1711,7,0.2500,0.0000,0,0,1,0
3024,1747,8,0.2500,0.0000,0,0,1,0
3025,307,15,1.0000,0.0000,0,0,0,0
3026,81,989,0.0000,0.0000,0,0,0,0
3027,1088,66,0.3333,0.0833,0,0,1,0
3028,280,79,0.6667,0.2143,0,0,1,0
3029,1360,2023,0.5000,0.1022,0,0,1,1
3030,3369,159,0.0000,0.9500,0,0,0,0
3031,386,2136,0.0000,0.0290,0,0,0,1
3032,316,24,1.0000,0.0000,0,0,0,0
3033,64,67,1.0000,0.7778,0,0,0,0
3034,863,315,0.6667,0.0488,0,0,1,0
3035,674,1796,0.7500,0.0133,0,0,1,1
3036,74,295,0.0000,0.0345,0,0,0,0
3037,556,544,0.6667,0.0147,0,0,0,0
3038,231,611,0.0000,0.0672,0,0,0,0
3039,85,64,0.0000,0.0000,0,0,0,0
3040,1689,1642,0.7500,0.0390,0,0,1,1
3041,195,355,1.0000,0.0182,0,0,0,0
3042,414,710,0.0000,0.1209,0,0,0,0
3043,1765,3083,0.0000,0.0097,0,0,0,0
3044,574,958,0.2500,0.0730,0,0,0,1
3045,940,1078,0.4000,0.0000,0,0,1,0
3046,376,778,0.0000,0.0391,0,0,0,1
3047,219,1693,0.3333,0.0234,0,0,0,0
3048,1041,1303,0.5000,0.1856,1,0,1,1
3049,1311,2492,0.5000,0.0552,0,0,1,1
3050,1032,2371,0.0000,0.1370,0,0,0,1
3051,270,947,0.0000,0.0000,0,0,0,0
3052,313,21,1.0000,0.0000,0,0,0,0
3053,3084,8,0.0000,0.0000,0,0,0,0
3054,84,990,0.0000,0.0000,0,0,0,0
3055,317,24,1.0000,0.0000,0,0,0,0
3056,681,146,0.5000,0.0000,0,0,0,0
3057,2148,118,0.3333,0.3000,0,0,1,0
3058,466,1080,0.0000,0.0575,0,0,0,1
3059,201,26,0.0000,0.0000,0,0,0,0
3060,422,610,1.0000,0.0860,0,0,0,0
3061,1515,2831,0.6000,0.0530,0,0,1,1
3062,123,3365,0.0000,0.0105,0,0,0,1
3063,743,243,0.6667,0.0000,0,0,1,0
3064,943,1991,0.2500,0.0781,0,0,1,0
3065,854,533,1.0000,0.0267,0,0,0,0
3066,1817,7,0.2500,0.0000,0,0,1,0
3067,320,1337,0.0000,0.0106,0,0,0,0
3068,5731,101,0.5000,0.2143,0,0,0,0
3069,1556,2031,0.0000,0.0436,0,0,0,1
3070,543,1146,0.0000,0.0347,0,0,0,1
3071,309,319,1.0000,0.0000,0,0,0,0
3072,558,1297,0.6667,0.0000,0,0,0,0
3073,447,380,0.5000,0.0000,0,0,0,0
3074,1818,1972,0.2500,0.0883,0,0,1,1
3075,1170,2611,0.4000,0.0405,0,0,1,1
3076,320,30,1.0000,0.0000,0,0,0,0
3077,1069,2,0.0000,0.0000,0,0,0,0
3078,180,1095,0.0000,0.0331,1,0,0,0
3079,1746,8,0.2500,0.0000,0,0,1,0
3080,758,450,0.3333,0.1622,0,0,0,0
3081,1688,7,0.2500,0.0000,0,0,1,0
3082,567,4655,0.2000,0.0035,0,0,0,1
3083,317,25,1.0000,0.0000,0,0,0,0
3084,197,426,0.0000,0.0533,0,0,0,0
3085,1296,3400,0.4000,0.2399,0,0,1,1
3086,310,135,0.6667,0.0000,0,0,1,0
3087,131,1006,0.0000,0.0480,0,0,0,0
3088,1024,2679,0.2000,0.0174,0,0,1,1
3089,419,382,0.0000,0.0652,0,0,0,0
3090,66,377,0.0000,0.0000,0,0,0,1
3091,107,423,0.0000,0.0872,0,0,0,0
3092,79,2112,0.0000,0.0130,0,0,0,0
3093,8,368,0.0000,0.0000,0,0,0,0
3094,251,2539,0.0000,0.0027,0,0,0,0
3095,3036,52,0.5000,0.0000,0,0,1,0
3096,972,1982,0.4000,0.1720,0,0,1,1
3097,317,24,1.0000,0.0000,0,0,0,0
3098,64,54,1.0000,0.0000,0,0,0,0
3099,162,112,0.3333,0.3889,0,0,1,0
3100,411,1536,0.2500,0.0000,1,0,0,0
3101,59,33,0.0000,0.0000,0,0,0,1
3102,124,2058,0.0000,0.0065,0,0,0,1
3103,201,398,0.0000,0.1538,0,0,0,0
3104,1162,2386,0.4000,0.0000,0,0,1,0
3105,270,2627,1.0000,0.0026,0,0,0,0
3106,259,311,0.0000,0.0000,0,0,0,1
3107,1821,7,0.2500,0.0000,0,0,1,0
3108,3385,2949,0.4000,0.0719,0,0,0,1
3109,151,977,0.0000,0.0000,0,0,0,0
3110,241,416,0.0000,0.0610,0,0,0,0
3111,1806,2713,0.3333,0.0585,0,0,0,1
3112,1049,53,0.3333,0.0000,0,0,1,0
3113,1230,1337,1.0000,0.0055,0,0,1,1
3114,206,1167,0.0000,0.0301,0,0,0,1
3115,528,910,0.0000,0.0687,0,0,0,1
3116,293,1558,0.3333,0.0565,0,0,0,0
3117,193,190,0.0000,0.3200,0,0,0,0
3118,472,1169,0.3333,0.0043,0,0,0,1
3119,836,131,1.0000,0.0000,0,0,0,0
3120,1796,1766,0.7500,0.0205,0,0,1,1
3121,1288,2509,0.2000,0.1011,0,0,1,1
3122,253,969,0.6667,0.0000,1,0,0,0
3123,1181,1700,0.5000,0.1422,1,0,1,1
3124,1259,2429,0.2500,0.0947,0,0,1,0
3125,1698,8,0.2500,0.0000,0,0,1,0
3126,246,1175,0.0000,0.0896,0,0,0,1
3127,960,1093,0.0000,0.1496,0,0,0,1
3128,322,1171,0.5000,0.0226,1,0,0,0
3129,1132,2939,0.4000,0.0609,0,0,1,1
3130,535,2729,0.2500,0.1586,0,0,0,1
3131,254,497,0.0000,0.2473,0,0,0,0
3132,771,1433,0.5000,0.0428,0,0,1,1
3133,201,1527,0.0000,0.0092,0,0,0,0
3134,3644,6445,0.4000,0.0298,0,0,0,1
3135,1243,629,0.3333,0.1333,0,0,0,0
3136,41,49,1.0000,0.0000,0,0,0,0
3137,762,1186,0.2000,0.1256,0,0,1,1
3138,216,110,0.0000,0.0000,0,0,1,0
3139,59,6967,0.0000,0.0012,0,0,0,0
3140,223,161,1.0000,0.0000,0,0,0,0
3141,531,968,0.3333,0.2129,0,0,0,1
3142,1404,3471,0.5000,0.3126,0,0,1,1
3143,242,335,0.5000,0.1518,0,0,0,1
3144,132,48,1.0000,0.0000,0,0,0,0
3145,2521,102,0.0000,0.0000,0,0,0,0
3146,484,16,0.0000,0.0000,0,0,0,0
3147,376,65,0.0000,0.0000,0,0,0,0
3148,424,3227,0.2500,0.0412,0,0,0,1
3149,121,1434,0.0000,0.0000,0,0,0,0
3150,995,3251,0.4000,0.0140,0,0,1,1
3151,1341,1464,0.0000,0.0704,0,0,0,1
3152,138,146,1.0000,0.0192,0,0,0,0
3153,1698,3436,0.4000,0.2449,0,0,1,1
3154,1422,175,0.5000,0.3333,0,0,0,0
3155,133,363,0.3333,0.0377,1,0,0,0
3156,340,820,0.0000,0.0000,0,0,0,0
3157,309,18,1.0000,0.0000,0,0,0,0
3158,433,72,0.0000,0.2308,0,0,0,0
3159,1938,5,0.2500,0.0000,0,0,1,0
3160,1158,2185,0.2000,0.1919,0,0,1,1
3161,1079,1321,1.0000,0.2625,0,0,0,0
3162,129,515,1.0000,0.0000,0,0,0,0
3163,2211,4282,0.3333,0.0111,0,0,0,1
3164,141,2132,0.0000,0.0122,0,0,0,1
3165,616,2026,0.2000,0.0033,0,0,0,1
3166,598,1530,0.2500,0.0542,0,0,0,0
3167,426,518,0.6667,0.0274,1,0,0,0
3168,144,453,0.0000,0.0988,0,0,0,0
3169,698,553,1.0000,0.0000,0,0,0,0
3170,922,89,0.6667,0.1818,0,0,1,0
3171,218,575,1.0000,0.0000,0,0,0,0
3172,982,2295,0.4000,0.1359,0,0,1,1
3173,459,897,0.3333,0.0071,1,0,0,0
3174,840,1968,0.5000,0.0213,0,0,0,0
3175,1586,1862,0.7500,0.0423,0,0,1,1
3176,450,3271,0.0000,0.0205,0,0,0,1
3177,440,405,0.5000,0.0000,0,0,1,0
3178,903,484,0.0000,0.0476,0,0,0,0
3179,1114,7721,0.2500,0.0124,1,0,1,0
3180,58,2467,0.0000,0.0000,1,0,0,0
3181,926,1154,0.0000,0.0156,0,0,0,1
3182,580,1656,1.0000,0.0154,1,0,1,1
3183,497,1129,0.0000,0.1762,0,0,0,0
3184,29,34,1.0000,0.0000,0,0,0,0
3185,74,1262,0.0000,0.0152,0,0,0,0
3186,1068,2320,0.4000,0.1022,0,0,1,1
3187,1541,7,0.2500,0.0000,0,0,1,0
3188,1404,1104,0.4000,0.0000,0,0,1,0
3189,966,1031,0.5000,0.0000,0,0,1,0
3190,26,419,1.0000,0.0000,0,0,0,0
3191,524,87,1.0000,0.0000,0,0,0,0
3192,1350,5,0.0000,0.0000,0,0,0,0
3193,984,2651,0.5000,0.0326,0,0,1,1
3194,44,7,0.0000,0.0000,0,0,0,0
3195,1651,17,0.0000,1.0000,0,0,1,0
3196,574,507,1.0000,0.0308,0,0,0,0
3197,85,44,1.0000,0.0000,0,0,0,0
3198,1034,2733,0.3333,0.0071,0,0,0,0
3199,753,2452,0.4000,0.0420,0,0,1,1
3200,1314,3344,0.2500,0.1751,0,0,1,0
3201,117,250,0.0000,0.0000,0,0,0,0
3202,39,122,1.0000,0.0000,0,0,0,0
3203,944,2569,0.4000,0.0777,0,0,1,1
3204,467,1133,0.0000,0.0710,0,0,0,1
3205,1020,3710,0.0000,0.0060,0,0,0,1
3206,589,1259,0.2500,0.0412,0,0,0,1
3207,777,377,0.0000,0.1897,0,0,0,1
3208,733,624,0.3333,0.0000,0,0,1,0
3209,605,810,0.0000,0.0442,0,0,0,0
3210,140,27,0.0000,0.0000,0,0,0,0
3211,247,1511,0.0000,0.1134,0,0,0,1
3212,899,1345,0.6667,0.0000,0,0,1,0
3213,882,805,0.6667,0.0000,0,0,0,0
3214,96,234,0.0000,0.0000,0,0,0,0
3215,843,6910,0.4000,0.0445,0,0,1,1
3216,492,2617,0.2500,0.0029,0,0,1,1
3217,94,2277,0.0000,0.0000,0,0,0,0
3218,88,409,1.0000,0.0000,0,0,0,0
3219,451,1004,0.0000,0.1019,0,0,0,1
3220,143,1699,0.0000,0.0824,0,0,0,1
3221,877,2170,0.0000,0.0691,0,0,0,1
3222,609,231,0.6667,0.0000,0,0,1,0
3223,484,1763,0.0000,0.0767,0,0,0,1
3224,1674,1635,0.4000,0.0112,0,0,1,1
3225,352,2982,1.0000,0.0243,0,0,0,0
3226,219,1986,0.0000,0.0466,0,0,0,1
3227,615,1383,0.2500,0.1519,0,0,1,0
3228,905,179,0.6667,0.0000,0,0,0,0
3229,111,366,1.0000,0.0000,0,0,0,0
3230,230,589,0.0000,0.0755,0,0,0,0
3231,233,133,1.0000,0.3125,0,0,0,0
3232,550,49,0.0000,0.1667,0,0,0,0
3233,58,590,1.0000,0.0303,0,0,0,0
3234,319,29,1.0000,0.0000,0,0,0,0
3235,237,337,0.0000,0.0000,0,0,0,1
3236,155,665,0.2500,0.0693,0,0,0,0
3237,2335,15,1.0000,0.0000,0,0,0,0
3238,810,55,0.0000,0.0000,0,0,1,0
3239,307,1425,0.0000,0.0955,0,0,0,1
3240,1026,2407,0.5000,0.1786,0,0,1,1
3241,1757,7,0.2500,0.0000,0,0,1,0
3242,1833,938,0.5000,0.0224,0,0,0,0
3243,311,19,1.0000,0.0000,0,0,0,0
3244,312,20,1.0000,0.0000,0,0,0,0
3245,1077,46,1.0000,0.1429,0,0,0,0
3246,548,383,0.6667,0.2093,0,0,1,0
3247,200,254,0.0000,0.0408,0,0,0,0
3248,464,1691,0.5000,0.0424,0,0,0,0
3249,1825,978,0.7500,0.0116,0,0,1,1
3250,305,14,1.0000,0.0000,0,0,0,0
3251,631,273,0.6667,0.0000,0,0,1,0
3252,663,922,0.0000,0.0217,0,0,0,0
3253,116,731,0.0000,0.0000,0,0,0,0
3254,1601,5044,0.4000,0.1565,0,0,1,1
3255,344,791,0.0000,0.0300,0,0,0,0
3256,562,183,1.0000,0.0000,0,0,0,0
3257,1532,3140,0.2000,0.1157,0,0,1,1
3258,58,332,1.0000,0.0385,0,0,0,0
3259,831,574,0.6667,0.0000,0,0,1,0
3260,1187,674,1.0000,0.0000,0,0,0,0
3261,1210,381,0.2000,0.0000,0,0,1,0
3262,1438,3462,0.0000,0.0104,0,0,0,1
3263,843,2820,0.2000,0.0570,0,0,1,1
3264,864,1445,0.2000,0.0942,0,0,1,1
3265,160,883,0.0000,0.0280,0,0,0,0
3266,594,1198,0.0000,0.0567,0,0,0,1
3267,1691,7,0.2500,0.0000,0,0,1,0
3268,179,2243,0.0000,0.0061,0,0,0,0
3269,1317,269,0.3333,0.0909,0,0,0,0
3270,503,60,0.0000,0.0000,0,0,0,0
3271,135,428,0.0000,0.1011,0,0,0,0
3272,1691,7,0.2500,0.0000,0,0,1,0
3273,585,1075,0.0000,0.0538,0,0,0,0
3274,1805,937,0.3333,0.0345,0,0,1,0
3275,350,277,1.0000,0.0000,0,0,0,0
3276,461,667,0.0000,0.0610,0,0,0,0
3277,484,5124,0.0000,0.0013,0,0,0,0
3278,278,78,0.0000,0.0000,0,0,0,0
3279,461,40,0.0000,0.0000,0,0,0,0
3280,285,1466,0.6667,0.0000,0,0,1,1
3281,225,460,0.0000,0.0118,0,0,0,0
3282,206,2135,0.0000,0.0309,0,0,0,0
3283,805,6296,1.0000,0.0036,0,0,0,0
3284,1070,2223,0.4000,0.1400,0,0,1,1
3285,690,1661,0.3333,0.0919,0,0,0,1
3286,1933,6149,0.4000,0.0668,0,0,0,1
3287,664,347,0.6667,0.0000,0,0,1,0
3288,137,890,0.0000,0.0000,0,0,0,0
3289,366,622,1.0000,0.0000,0,0,0,0
3290,169,33,0.0000,1.0000,0,0,0,0
3291,1203,359,1.0000,0.0000,0,0,0,0
3292,224,91,0.3333,0.0000,0,0,1,0
3293,474,1066,0.0000,0.0993,0,0,0,0
3294,1011,1404,0.2500,0.0105,1,0,0,0
3295,203,1806,0.0000,0.0131,0,0,0,1
3296,68,59,0.0000,0.1429,0,0,0,0
3297,386,431,0.2000,0.0000,0,0,0,1
3298,1051,1931,0.2000,0.1722,0,0,1,1
3299,440,772,0.0000,0.0960,0,0,0,0
3300,31,230,1.0000,0.1720,0,0,0,0
3301,1455,1970,0.6667,0.0146,0,0,1,0
3302,1177,2999,0.4000,0.0287,0,0,1,1
3303,666,714,1.0000,0.1042,0,0,0,0
3304,1651,4548,0.5000,0.0000,0,0,1,0
3305,55,24,0.0000,0.0000,0,0,0,0
3306,1068,1507,0.2500,0.3167,0,0,0,0
3307,375,429,0.0000,0.0000,0,0,0,0
3308,1312,1678,0.3333,0.7803,1,0,0,0
3309,1648,2461,0.4000,0.0697,0,0,1,1
3310,136,25,0.0000,0.0000,0,0,0,0
3311,1079,2032,0.2500,0.0608,0,0,1,0
3312,955,945,1.0000,0.1364,1,0,1,1
3313,1546,177,0.3333,0.0370,0,0,1,0
3314,261,199,0.5000,0.0000,0,0,0,0
3315,343,504,1.0000,0.0706,0,0,0,0
3316,1673,1392,0.7500,0.0048,0,0,1,1
3317,317,24,1.0000,0.0000,0,0,0,0
3318,220,316,0.0000,0.0526,0,0,0,0
3319,1684,1549,0.7500,0.0079,0,0,1,1
3320,1113,3113,0.0000,0.0618,0,0,0,0
3321,917,2204,0.2000,0.1359,0,0,1,1
3322,2422,3194,0.0000,0.0048,0,0,0,0
3323,252,407,0.0000,0.0649,0,0,0,0
3324,315,1189,0.2500,0.0173,1,0,0,0
3325,1616,1061,0.5000,0.0000,0,0,1,1
3326,415,1028,0.0000,0.0164,0,0,0,0
3327,640,2912,0.0000,0.0000,0,0,0,1
3328,876,650,0.4000,0.0000,0,0,1,0
3329,341,2,1.0000,0.0000,0,0,0,0
3330,553,385,1.0000,0.0000,0,0,0,0
3331,967,1556,0.6667,0.0105,0,0,0,0
3332,563,35,0.6667,0.0000,0,0,0,0
3333,383,810,0.0000,0.0815,0,0,0,1
3334,563,211,1.0000,0.0000,0,0,0,0
3335,464,1159,0.0000,0.0000,0,0,0,0
3336,858,2120,0.4000,0.0681,0,0,1,1
3337,243,822,0.0000,0.0288,0,0,0,0
3338,231,3259,0.0000,0.0023,0,0,0,1
3339,495,130,0.5000,0.5385,0,0,0,0
3340,509,524,0.0000,0.1935,0,0,0,0
3341,586,1443,1.0000,0.0000,0,0,0,0
3342,449,1393,0.0000,0.0047,0,0,0,1
3343,368,149,0.0000,0.3333,0,0,0,0
3344,854,2196,0.2500,0.1355,0,0,1,0
3345,144,351,0.0000,0.1333,0,0,0,0
3346,625,1540,0.6667,0.0000,0,0,1,0
3347,442,242,0.5000,0.0000,0,0,0,0
3348,958,1010,0.3333,0.0000,0,0,0,0
3349,252,13,1.0000,0.0000,0,0,0,0
3350,435,1755,0.0000,0.0090,0,0,0,0
3351,1213,1136,0.5000,0.0000,0,0,1,0
3352,968,509,0.2000,0.0000,0,0,1,0
3353,205,146,0.0000,0.0000,0,0,0,0
3354,346,1875,0.0000,0.0000,0,0,0,0
3355,418,408,1.0000,0.0000,0,0,0,0
3356,724,499,0.6667,0.0000,0,0,0,0
3357,137,343,0.5000,0.0625,0,0,0,0
3358,236,1646,0.0000,0.0000,0,0,0,1
3359,43,135,0.0000,0.0526,0,0,0,0
3360,2154,3411,0.2500,0.0400,0,0,0,1
3361,889,4748,0.2500,0.0000,0,0,0,1
3362,414,1802,0.0000,0.0000,0,0,0,1
3363,572,1918,0.0000,0.0786,0,0,0,1
3364,422,673,0.0000,0.0000,0,0,0,0
3365,344,1481,1.0000,0.0167,0,0,0,0
3366,952,1521,0.4000,0.0741,0,0,1,1
3367,24,1146,0.0000,0.0044,0,0,0,0
3368,755,961,0.0000,0.0682,0,0,0,0
3369,2465,1304,0.4000,0.0048,0,0,0,1
3370,393,178,1.0000,0.0000,0,0,0,0
3371,307,16,1.0000,0.0000,0,0,0,0
3372,898,1038,0.3333,0.0284,0,0,0,1
3373,1224,4469,0.6667,0.1578,0,0,1,1
3374,1328,2652,1.0000,0.1069,0,0,1,1
3375,2379,1625,1.0000,0.0375,1,0,0,0
3376,319,26,1.0000,0.0000,0,0,0,0
3377,654,1560,0.3333,0.0000,0,0,0,0
3378,50,379,1.0000,0.0000,0,0,0,0
3379,387,264,0.0000,0.0000,0,0,0,0
3380,757,245,1.0000,0.0000,0,0,0,0
3381,516,1783,0.0000,0.0576,0,0,0,1
3382,642,612,1.0000,0.0795,0,0,0,0
3383,281,152,0.0000,0.0000,0,0,0,0
3384,114,559,0.0000,0.1867,0,0,0,0
3385,314,24,1.0000,0.0000,0,0,0,0
3386,687,663,0.6667,0.1348,0,0,0,0
3387,206,1076,0.5000,0.0000,0,0,0,0
3388,42,2219,0.0000,0.0000,0,0,0,1
3389,317,25,1.0000,0.0000,0,0,0,0
3390,86,19,0.0000,0.0000,0,0,0,0
3391,353,4466,0.0000,0.0362,0,0,0,1
3392,518,652,0.6667,0.0000,0,0,0,0
3393,61,956,0.0000,0.0000,0,0,0,0
3394,1501,505,1.0000,0.0000,0,0,0,0
3395,1011,1095,0.3333,0.0651,1,0,0,0
3396,940,2958,0.4000,0.0763,0,0,1,1
3397,719,50,0.0000,0.0000,0,0,0,0
3398,825,1974,0.6667,0.0000,0,0,1,1
3399,307,16,1.0000,0.0000,0,0,0,0
3400,512,964,0.5000,0.0621,1,0,0,1
3401,655,1999,0.5000,0.0164,0,0,0,0
3402,1048,567,0.5000,0.0000,0,0,1,0
3403,2780,6054,0.2000,0.0377,0,0,0,1
3404,1672,7,0.2500,0.0000,0,0,1,0
3405,542,840,0.0000,0.2069,0,0,0,1
3406,719,752,1.0000,0.0000,0,0,0,0
3407,70,2525,0.0000,0.0051,0,0,0,1
3408,1749,79,0.2500,0.6364,0,0,1,0
3409,1480,2683,0.4000,0.0241,0,0,1,1
3410,814,433,1.0000,0.0000,0,0,0,0
3411,408,538,0.0000,0.1176,0,0,0,0
3412,314,22,1.0000,0.0000,0,0,0,0
3413,1080,4523,0.5000,0.2058,0,0,1,1
3414,579,789,1.0000,0.0000,0,0,0,0
3415,725,1409,0.4000,0.0091,0,0,1,1
3416,1203,1862,0.4000,0.0997,0,0,1,0
3417,326,742,0.0000,0.3071,0,0,0,0
3418,888,175,0.2000,0.0000,0,0,1,0
3419,1290,1122,0.2500,0.0000,0,0,1,0
3420,155,206,1.0000,0.0000,0,0,0,0
3421,82,249,0.0000,0.0256,0,0,0,0
3422,1273,3321,0.4000,0.0842,0,0,1,1
3423,1219,959,0.6667,0.0000,0,0,1,0
3424,355,4444,0.0000,0.0000,1,0,0,1
3425,76,355,1.0000,0.0000,0,0,0,0
3426,604,1194,0.6000,0.1446,0,0,0,1
3427,1328,217,0.0000,0.0000,0,0,0,0
3428,145,491,0.0000,0.1702,0,0,0,0
3429,622,1537,0.0000,0.0811,0,0,0,0
3430,31,1251,0.0000,0.0172,0,0,0,1
3431,1027,2487,0.8000,0.4187,0,0,1,1
3432,31,5,1.0000,0.0000,0,0,0,0
3433,733,1604,0.3333,0.1805,0,0,0,0
3434,781,1965,0.5000,0.1198,0,0,1,1
3435,1505,7,0.2500,0.0000,0,0,1,0
3436,400,525,0.0000,0.1231,0,0,0,0
3437,913,2436,0.6667,0.1637,0,0,0,0
3438,2970,8,0.0000,0.0000,0,0,0,0
3439,1699,1363,0.5000,0.0200,0,0,1,1
3440,372,225,1.0000,0.0000,0,0,0,0
3441,948,1047,0.0000,0.1207,0,0,0,0
3442,1433,712,0.0000,0.8750,0,0,0,0
3443,444,772,0.0000,0.0455,0,0,0,0
3444,1563,592,0.5000,0.0515,0,0,1,1
3445,660,220,0.6667,0.0000,0,0,1,0
3446,669,578,0.5000,0.0200,0,0,0,0
3447,1911,7,0.2500,0.0000,0,0,1,0
3448,833,2557,0.5000,0.0699,0,0,1,1
3449,612,294,0.5000,0.0000,0,0,0,0
3450,309,18,1.0000,0.0000,0,0,0,0
3451,1043,485,1.0000,0.0678,0,0,1,1
3452,882,6802,0.2000,0.0048,0,0,0,1
3453,1093,693,0.0000,0.0000,0,0,0,0
3454,318,26,1.0000,0.0000,0,0,0,0
3455,644,340,0.5000,0.0000,0,0,1,0
3456,194,1055,0.0000,0.1921,0,0,0,0
3457,1723,1281,0.7500,0.0314,0,0,1,1
3458,179,1131,0.0000,0.0222,0,0,0,0
3459,431,1126,0.0000,0.0782,0,0,0,1
3460,1467,3535,0.0000,0.0141,0,0,0,0
3461,627,1799,0.2500,0.0226,1,0,1,0
3462,1107,1123,0.2500,0.0000,0,0,1,0
3463,487,1356,0.0000,0.0044,0,0,0,1
3464,883,708,1.0000,0.0093,0,0,0,0
3465,873,239,0.4000,0.0000,0,0,1,0
3466,1217,1148,0.6000,0.1250,1,0,1,0
3467,87,2723,0.0000,0.0000,0,0,0,1
3468,319,29,1.0000,0.0000,0,0,0,0
3469,1275,443,0.3333,0.0984,0,0,1,0
3470,437,619,1.0000,0.0172,0,0,0,0
3471,356,1362,0.0000,0.0345,0,0,0,1
3472,182,1891,0.0000,0.0075,0,0,0,0
3473,1545,4401,0.4000,0.1616,1,0,1,1
3474,56,1849,0.0000,0.0000,0,0,0,1
3475,162,415,0.0000,0.0411,0,0,0,0
3476,652,418,0.0000,0.1887,0,0,0,0
3477,356,1372,0.0000,0.0068,0,0,0,0
3478,309,18,1.0000,0.0000,0,0,0,0
3479,1767,7,0.2500,0.0000,0,0,1,0
3480,1000,93,0.5000,0.0000,0,0,0,0
3481,510,173,1.0000,0.0000,0,0,0,0
3482,474,6,1.0000,0.0000,0,0,0,0
3483,102,499,1.0000,0.0253,0,0,0,0
3484,1919,7,0.2500,0.0000,0,0,1,0
3485,97,295,1.0000,0.0000,0,0,0,0
3486,524,158,0.0000,0.0000,0,0,0,0
3487,1382,4268,0.2000,0.0017,0,0,0,1
3488,1547,1465,0.7500,0.0118,0,0,1,1
3489,1934,3343,0.6000,0.0189,0,0,1,1
3490,312,20,1.0000,0.0000,0,0,0,0
3491,3160,2,0.0000,0.0000,0,0,1,0
3492,851,2726,0.0000,0.0187,0,0,0,1
3493,642,20,0.5000,0.0000,0,0,0,0
3494,703,301,0.6667,0.0000,0,0,1,0
3495,756,213,0.6667,0.0000,0,0,1,0
3496,535,571,0.5000,0.0000,0,0,1,0
3497,695,1699,0.0000,0.0658,0,0,0,0
3498,1187,964,0.4000,0.0078,0,0,1,0
3499,796,1864,0.5000,0.0532,0,0,1,1
3500,1440,2507,0.2000,0.0576,0,0,1,1
3501,162,235,0.0000,0.2391,0,0,0,0
3502,713,772,0.3333,0.0000,0,0,0,0
3503,2822,2691,0.2500,0.1635,0,0,0,1
3504,527,600,0.0000,0.0946,0,0,0,0
3505,12448,598,0.0000,0.0000,0,0,0,0
3506,541,1339,0.0000,0.0195,0,0,0,1
3507,878,3175,0.2000,0.0687,0,0,1,1
3508,1806,2331,0.2500,0.0069,0,0,1,0
3509,309,17,1.0000,0.0000,0,0,0,0
3510,511,206,0.6667,0.0000,0,0,1,0
3511,37,314,1.0000,0.0000,0,0,0,0
3512,1601,1569,0.7500,0.0125,0,0,1,1
3513,824,6,0.5000,0.0000,0,0,0,0
3514,314,24,1.0000,0.0000,0,0,0,0
3515,21,369,1.0000,0.0000,0,0,0,0
3516,1137,2920,0.4000,0.1423,0,0,1,1
3517,581,110,0.0000,0.1176,0,0,0,0
3518,578,915,0.0000,0.1322,0,0,0,1
3519,578,371,1.0000,0.0000,0,0,0,0
3520,1341,4949,0.5000,0.1196,0,0,0,1
3521,527,1848,0.6667,0.0131,0,0,0,1
3522,873,4,0.5000,0.0000,0,0,0,0
3523,241,1822,0.0000,0.0000,0,0,0,1
3524,1472,12,0.0000,0.0000,0,0,0,0
3525,1021,1199,0.6667,0.0000,0,0,1,0
3526,1168,1064,0.5000,0.0000,0,0,1,0
3527,3295,579,0.0000,0.0758,0,0,0,0
3528,597,49,0.3333,0.2222,0,0,1,0
3529,945,1332,0.0000,0.0000,0,0,0,1
3530,259,831,0.3333,0.0735,0,0,0,0
3531,317,1315,0.4000,0.0914,0,0,0,1
3532,1618,1448,0.7500,0.0332,0,0,1,1
3533,44,267,0.0000,0.0889,0,0,0,1
3534,182,328,0.0000,0.3509,0,0,0,0
3535,1185,3966,0.4000,0.0649,0,0,1,1
3536,336,43,1.0000,0.0000,0,0,0,0
3537,78,44,1.0000,0.0000,0,0,0,0
3538,279,99,0.6667,0.1765,0,0,1,0
3539,714,266,0.3333,0.0000,0,0,1,0
3540,1810,1557,0.5000,0.0069,0,0,1,1
3541,719,6,0.0000,0.0000,0,0,0,0
3542,100,909,0.0000,0.0000,0,0,0,1
3543,150,36,0.0000,0.0000,0,0,0,0
3544,405,1419,0.5000,0.0043,0,0,0,0
3545,226,354,0.0000,0.1111,0,0,0,0
3546,274,68,1.0000,0.0000,0,0,0,0
3547,313,22,1.0000,0.0000,0,0,0,0
3548,1383,1666,0.2500,0.0294,0,0,1,1
3549,496,155,1.0000,0.0000,0,0,0,0
3550,419,396,1.0000,0.0000,0,0,0,0
3551,1147,3017,0.6667,0.0000,0,0,1,0
3552,967,1530,0.5000,0.0000,0,0,1,0
3553,126,2107,0.0000,0.0000,1,0,0,0
3554,459,217,1.0000,0.0000,0,0,0,0
3555,431,2407,0.0000,0.0858,0,0,0,1
3556,41,472,0.0000,0.0000,0,0,0,0
3557,2071,106,0.0000,0.0000,0,0,0,0
3558,60,729,0.0000,0.0618,0,0,0,0
3559,307,3243,0.0000,0.0022,0,0,0,1
3560,280,1171,0.0000,0.0398,0,0,0,1
3561,3831,3624,1.0000,0.0752,0,0,0,0
3562,989,550,1.0000,0.0366,0,0,0,0
3563,1733,2000,0.7500,0.0459,0,0,1,1
3564,679,437,0.0000,0.0065,0,0,0,0
3565,1618,8,0.0000,0.0000,0,0,0,0
3566,321,28,1.0000,0.0000,0,0,0,0
3567,528,1347,0.0000,0.0728,0,0,0,0
3568,483,1213,0.2500,0.1038,0,0,1,0
3569,1729,109,0.0000,0.2353,0,0,0,0
3570,1236,211,0.0000,0.0000,0,0,0,0
3571,1082,1958,0.4000,0.0453,0,0,1,1
3572,1079,2875,0.2500,0.0503,0,0,0,1
3573,604,2689,0.5000,0.0253,1,0,1,0
3574,440,1242,0.2500,0.0655,1,0,0,0
3575,78,1420,0.0000,0.0000,0,0,0,1
3576,263,1206,0.0000,0.0094,0,0,0,1
3577,3170,4065,0.2000,0.1005,0,0,0,1
3578,318,25,1.0000,0.0000,0,0,0,0
3579,1444,105,0.0000,0.0000,0,0,0,0
3580,1399,2600,0.4000,0.0837,0,0,1,0
3581,739,1114,0.2500,0.1212,0,0,0,1
3582,1152,4246,0.4000,0.1577,0,0,1,1
3583,759,3717,0.2000,0.0000,0,0,0,1
3584,94,1983,0.0000,0.0000,0,0,0,0
3585,1000,1506,0.7500,0.0573,0,0,1,1
3586,316,734,0.0000,0.0656,0,0,0,0
3587,845,517,1.0000,0.0500,0,0,0,0
3588,1209,984,0.5000,0.0000,0,0,1,0
3589,309,17,1.0000,0.0000,0,0,0,0
3590,929,1985,0.5000,0.1127,0,0,1,1
3591,146,58,1.0000,1.0000,0,0,0,0
3592,1325,1405,0.5000,0.0000,0,0,1,0
3593,319,27,1.0000,0.0000,0,0,0,0
3594,282,893,0.0000,0.2308,0,0,0,0
3595,259,1233,0.0000,0.0000,0,0,0,0
3596,790,363,0.6667,0.0000,0,0,1,0
3597,788,1023,1.0000,0.0513,0,0,0,0
3598,878,2525,0.0000,0.0076,0,0,0,1
3599,585,237,0.5000,0.0000,0,0,1,0
3600,319,27,1.0000,0.0000,0,0,0,0
3601,98,2234,0.0000,0.0028,0,0,0,1
3602,556,701,0.3333,0.0000,0,0,0,0
3603,314,22,1.0000,0.0000,0,0,0,0
3604,757,749,0.0000,0.0741,0,0,0,1
3605,1118,522,0.5000,0.0000,0,0,1,0
3606,309,19,1.0000,0.0000,0,0,0,0
3607,642,1789,0.0000,0.0707,0,0,0,0
3608,344,508,0.5000,0.0000,0,0,0,0
3609,1670,7,0.2500,0.0000,0,0,1,0
3610,32,65,1.0000,0.0000,0,0,0,0
3611,92,384,1.0000,0.0714,0,0,0,0
3612,205,317,0.0000,0.0656,0,0,0,0
3613,1075,688,0.6667,0.0659,0,0,1,0
3614,1009,4274,1.0000,0.0254,0,0,1,1
3615,94,233,0.0000,0.0000,0,0,0,0
3616,103,192,1.0000,0.0000,0,0,0,0
3617,446,6,0.0000,0.0000,0,0,0,0
3618,318,25,1.0000,0.0000,0,0,0,0
3619,1128,1711,0.6000,0.0806,0,0,1,0
3620,1729,980,0.4000,0.0443,0,0,1,1
3621,1463,2841,0.2000,0.0739,0,0,1,1
3622,1177,779,0.0000,0.0084,0,0,0,0
3623,1832,8,0.2500,0.0000,0,0,1,0
3624,99,36,1.0000,0.0000,0,0,0,0
3625,120,714,0.0000,0.0980,0,0,0,0
3626,702,2660,0.0000,0.0149,0,0,0,1
3627,968,423,1.0000,0.0000,0,0,0,0
3628,800,1049,0.0000,0.0828,0,0,0,0
3629,482,367,0.0000,0.0339,0,0,0,0
3630,1220,3901,0.4000,0.0240,0,0,1,1
3631,132,745,0.0000,0.0000,0,0,0,0
3632,514,1143,0.0000,0.0423,0,0,0,0
3633,1380,2399,0.2000,0.1450,0,0,1,1
3634,1658,849,0.0000,0.1311,1,0,0,0
3635,1149,3025,0.2500,0.0000,0,0,1,0
3636,977,3449,0.2000,0.0390,0,0,0,1
3637,312,21,1.0000,0.0000,0,0,0,0
3638,1008,2096,0.2500,0.0406,0,0,1,0
3639,283,1597,0.0000,0.0788,0,0,0,0
3640,223,172,0.0000,0.0000,0,0,1,0
3641,1594,8,0.2500,0.0000,0,0,1,0
3642,622,64,0.5000,0.0000,0,0,0,0
3643,318,26,1.0000,0.0000,0,0,0,0
3644,458,1357,0.0000,0.1826,0,0,0,1
3645,1780,7,0.2500,0.0000,0,0,1,0
3646,981,1730,0.5000,0.1751,1,0,1,1
3647,648,126,0.0000,0.0000,0,0,0,0
3648,799,3,0.0000,0.0000,0,0,0,0
3649,315,23,1.0000,0.0000,0,0,0,0
3650,128,978,1.0000,0.0167,0,0,0,0
3651,848,2555,0.4000,0.1210,0,0,1,1
3652,868,1446,0.0000,0.1086,0,0,0,0
3653,1891,1150,0.5000,0.0190,0,0,1,1
3654,704,1885,0.6667,0.1327,0,0,1,1
3655,317,25,1.0000,0.0000,0,0,0,0
3656,89,561,1.0000,0.0000,0,0,0,0
3657,721,913,0.3333,0.0000,0,0,0,0
3658,387,613,0.0000,0.1639,0,0,0,0
3659,36,87,1.0000,0.1071,0,0,0,0
3660,833,601,0.6667,0.0179,0,0,1,0
3661,920,663,1.0000,0.0000,0,0,0,0
3662,1824,5,0.2500,0.0000,0,0,1,0
3663,897,994,0.3333,0.0060,0,0,0,1
3664,1683,3099,0.2000,0.2475,0,0,0,1
3665,1074,1057,0.6667,0.0000,0,0,1,0
3666,1290,3298,0.7500,0.0029,0,0,1,1
3667,1410,2143,0.2500,0.0449,0,0,0,1
3668,943,2216,0.5000,0.0000,0,0,0,0
3669,433,8,0.0000,0.0000,0,0,0,0
3670,1224,397,0.6667,0.0000,0,0,0,0
3671,1041,2491,0.4000,0.0320,0,0,1,1
3672,663,1481,0.0000,0.0844,0,0,0,0
3673,1048,647,0.5000,0.0000,0,0,1,0
3674,1996,468,0.0000,0.1757,0,0,1,0
3675,919,652,0.6667,0.0417,0,0,1,0
3676,349,2750,0.0000,0.0028,0,0,0,1
3677,1904,2605,0.2000,0.0163,0,0,0,1
3678,1258,2993,0.5000,0.1356,0,0,1,1
3679,86,1637,0.0000,0.0000,0,0,0,1
3680,152,1879,0.3333,0.0277,0,0,0,0
3681,527,34,1.0000,0.0000,0,0,0,0
3682,196,308,0.0000,0.2833,0,0,0,0
3683,1164,2429,0.4000,0.1542,0,0,1,1
3684,1786,2266,0.2000,0.3104,0,0,1,1
3685,1042,1208,0.5000,0.0000,0,0,1,0
3686,775,1654,0.0000,0.0284,0,0,0,0
3687,341,674,1.0000,0.0000,0,0,0,0
3688,337,61,0.5000,0.0000,0,0,0,0
3689,47,460,0.0000,0.0000,0,0,0,0
3690,238,1236,0.0000,0.0383,0,0,0,1
3691,1666,3050,0.4000,0.1462,0,0,0,1
3692,311,22,1.0000,0.0000,0,0,0,0
3693,1527,2966,0.4000,0.0578,0,0,0,1
3694,548,160,1.0000,0.0000,0,0,0,0
3695,311,20,1.0000,0.0000,0,0,0,0
3696,314,22,1.0000,0.0000,0,0,0,0
3697,633,2177,0.5000,0.0438,0,0,1,1
3698,346,268,0.5000,0.0000,0,0,0,0
3699,309,123,0.0000,0.0000,0,0,0,0
3700,852,1763,0.2500,0.0227,0,0,1,0
3701,122,2005,0.0000,0.0304,1,0,0,1
3702,916,308,0.6667,0.0000,0,0,0,0
3703,675,1477,0.5000,0.1955,0,0,0,0
3704,447,1335,0.6667,0.1421,0,0,0,0
3705,117,44,1.0000,0.0000,0,0,0,0
3706,124,782,0.0000,0.0472,0,0,0,1
3707,219,2157,1.0000,0.0000,0,0,0,0
3708,148,27,0.0000,0.0000,0,0,0,0
3709,548,5316,0.0000,0.0192,0,0,0,0
3710,283,189,1.0000,0.0000,0,0,0,0
3711,1373,2258,0.6000,0.1373,0,0,1,1
3712,471,1334,0.0000,0.0766,0,0,0,1
3713,696,809,0.0000,0.0632,0,0,0,0
3714,1305,4156,0.6667,0.0000,0,0,1,0
3715,66,6,1.0000,0.0000,0,0,0,0
3716,318,25,1.0000,0.0000,0,0,0,0
3717,109,215,0.0000,0.0000,0,0,0,0
3718,83,3068,0.0000,0.0117,0,0,0,1
3719,874,1187,0.6667,0.0000,0,0,1,0
3720,192,678,0.0000,0.1028,0,0,0,0
3721,383,774,0.5000,0.0229,1,0,0,0
3722,959,1642,0.4000,0.0844,0,0,1,1
3723,55,1719,0.0000,0.0000,0,0,0,1
3724,1748,195,0.6667,0.1333,0,0,1,0
3725,1718,5,0.2500,0.0000,0,0,1,0
3726,26,3,1.0000,0.0000,0,0,0,0
3727,364,1247,0.5000,0.0542,0,0,0,0
3728,738,2402,0.0000,0.0287,0,0,0,1
3729,1020,2301,0.6667,0.0140,0,0,1,1
3730,320,1094,0.3333,0.5024,0,0,0,0
3731,1778,1460,0.7500,0.0314,0,0,1,1
3732,483,1423,0.6667,0.0187,0,0,0,0
3733,309,18,1.0000,0.0000,0,0,0,0
3734,27,298,1.0000,0.0000,0,0,0,0
3735,72,2451,0.0000,0.0151,0,0,0,0
3736,317,28,1.0000,0.0000,0,0,0,0
3737,1004,1035,0.3333,0.0197,0,0,1,0
3738,759,950,0.0000,0.2155,0,0,0,0
3739,282,228,0.5000,0.6667,0,0,0,0
3740,133,1041,0.0000,0.0200,0,0,0,0
3741,939,412,0.4000,0.0000,0,0,1,0
3742,4685,2,0.0000,0.0000,0,0,0,0
3743,124,2984,0.0000,0.0169,0,0,0,1
3744,191,401,0.0000,0.1977,0,0,0,0
3745,999,712,0.3333,0.0000,0,0,1,0
3746,50,1807,0.3333,0.0232,0,0,0,1
3747,1462,3814,0.6000,0.0888,0,0,1,1
3748,653,1591,0.0000,0.0214,0,0,0,1
3749,1734,7,0.2500,0.0000,0,0,1,0
3750,468,1383,0.5000,0.0326,0,0,0,1
3751,873,1893,0.5000,0.0698,0,0,0,1
3752,308,16,1.0000,0.0000,0,0,0,0
3753,1052,583,0.6667,0.0000,0,0,1,0
3754,1148,2152,0.4000,0.0981,0,0,1,1
3755,1025,844,0.3333,0.2000,0,0,0,1
3756,1554,2376,0.5000,0.1737,0,0,1,1
3757,198,394,0.0000,0.1707,0,0,0,0
3758,319,26,1.0000,0.0000,0,0,0,0
3759,207,1105,1.0000,0.0000,0,0,0,0
3760,400,1488,0.0000,0.0485,0,0,0,1
3761,115,1004,0.0000,0.0673,0,0,0,1
3762,310,19,1.0000,0.0000,0,0,0,0
3763,742,893,1.0000,0.1262,0,0,0,0
3764,56,1336,0.0000,0.0000,0,0,0,0
3765,483,31,0.0000,0.0000,0,0,0,0
3766,122,2751,0.0000,0.0210,0,0,0,1
3767,312,20,1.0000,0.0000,0,0,0,0
3768,1731,1303,0.6667,0.1022,0,0,0,0
3769,392,946,0.0000,0.0876,0,0,0,1
3770,204,1104,0.0000,0.0508,1,0,0,0
3771,1231,2442,0.6000,0.0617,0,0,1,1
3772,664,1055,0.0000,0.2198,0,0,0,1
3773,723,745,0.5000,0.0784,0,0,1,0
3774,26,1115,0.0000,0.0000,0,0,0,0
3775,1922,3431,0.5000,0.1037,0,0,1,1
3776,2252,3,0.0000,0.0000,0,0,1,0
3777,68,1135,0.0000,0.0059,0,0,0,0
3778,311,21,1.0000,0.0000,0,0,0,0
3779,46,1629,0.3333,0.0000,0,0,0,1
3780,88,635,0.0000,0.0000,0,0,0,1
3781,309,19,1.0000,0.0000,0,0,0,0
3782,895,767,1.0000,0.0000,0,0,0,0
3783,156,63,0.0000,0.1429,0,0,0,0
3784,146,335,0.0000,0.0000,0,0,0,0
3785,1468,3036,0.6000,0.0550,0,0,1,1
3786,90,272,1.0000,0.1081,0,0,0,0
3787,1439,2309,0.6667,0.0692,0,0,1,0
3788,49,2,1.0000,0.0000,0,0,0,0
3789,1600,1063,0.5000,0.0000,0,0,1,1
3790,402,1313,0.0000,0.0317,0,0,0,1
3791,88,1167,0.0000,0.0112,0,0,0,0
3792,1680,7,0.2500,0.0000,0,0,1,0
3793,1378,2708,0.6667,0.0132,0,0,1,0
3794,1152,2840,0.4000,0.0837,0,0,1,1
3795,394,626,0.0000,0.1250,0,0,0,1
3796,922,1988,0.7500,0.0399,0,0,0,1
3797,338,1225,0.0000,0.0431,0,0,0,1
3798,317,24,1.0000,0.0000,0,0,0,0
3799,415,1540,0.0000,0.2227,0,0,0,1
3800,259,880,1.0000,0.0374,0,0,0,0
3801,86,106,1.0000,0.5333,0,0,0,0
3802,447,1001,0.0000,0.0604,0,0,0,1
3803,1193,192,0.5000,0.0000,0,0,1,0
3804,1457,5620,0.4000,0.0228,0,0,1,1
3805,316,24,1.0000,0.0000,0,0,0,0
3806,131,3577,0.0000,0.0056,0,0,0,1
3807,974,3325,0.2500,0.0896,1,0,1,0
3808,247,490,0.0000,0.1319,0,0,0,0
3809,476,1474,0.0000,0.0096,0,0,0,0
3810,306,14,1.0000,0.0000,0,0,0,0
3811,239,568,0.3333,0.0337,1,0,0,0
3812,583,1184,0.0000,0.0170,0,0,0,1
3813,308,17,1.0000,0.0000,0,0,0,0
3814,922,1878,0.2000,0.0935,0,0,1,1
3815,628,1329,0.0000,0.0398,0,0,0,1
3816,309,18,1.0000,0.0000,0,0,0,0
3817,564,197,1.0000,0.0000,0,0,0,0
3818,882,3270,0.5000,0.0385,0,0,1,1
3819,75,1342,0.0000,0.0519,0,0,0,1
3820,386,1808,0.2000,0.0081,0,0,0,1
3821,2051,399,0.0000,0.0147,0,0,0,0
3822,447,1385,0.6667,0.0000,0,0,1,1
3823,94,1849,0.0000,0.0037,0,0,0,1
3824,222,435,0.0000,0.0000,0,0,0,0
3825,318,28,1.0000,0.0000,0,0,0,0
3826,689,1659,0.6667,0.0060,0,0,0,0
3827,1639,1116,0.5000,0.0324,0,0,1,1
3828,928,673,0.6667,0.0000,0,0,0,0
3829,268,337,1.0000,0.0000,0,0,0,0
3830,196,1189,0.0000,0.0000,1,0,0,0
3831,1725,7,0.2500,0.0000,0,0,1,0
3832,148,176,1.0000,0.0000,1,0,0,0
3833,122,15,1.0000,0.0000,0,0,0,0
3834,58,268,1.0000,0.0435,0,0,0,0
3835,310,20,1.0000,0.0000,0,0,0,0
3836,1527,2968,0.5000,0.1079,0,0,1,1
3837,310,19,1.0000,0.0000,0,0,0,0
3838,1059,2379,0.5000,0.0885,0,0,1,1
3839,332,2337,0.0000,0.0650,0,0,0,1
3840,78,88,1.0000,0.8182,0,0,0,0
3841,698,168,0.5000,0.0000,0,0,0,0
3842,603,2458,0.2000,0.0112,0,0,1,1
3843,407,604,1.0000,0.0000,0,0,0,0
3844,1163,2116,0.6667,0.0912,0,0,0,0
3845,1084,285,0.0000,0.0820,0,0,1,0
3846,797,2391,0.3333,0.1407,0,0,1,0
3847,77,476,1.0000,0.0000,0,0,0,0
3848,316,24,1.0000,0.0000,0,0,0,0
3849,188,460,0.0000,0.0217,0,0,0,0
3850,135,496,0.0000,0.0577,0,0,0,0
3851,33,170,1.0000,0.0000,0,0,0,0
3852,1499,432,0.5000,0.1562,0,0,1,0
3853,368,1923,0.0000,0.0000,0,0,0,1
3854,45,4,1.0000,0.0000,0,0,0,0
3855,865,1688,0.6667,0.0000,0,0,0,0
3856,484,495,0.0000,0.2500,0,0,0,0
3857,1760,8,0.2500,0.0000,0,0,1,0
3858,673,1901,0.5000,0.1877,0,0,1,1
3859,569,192,1.0000,0.0000,0,0,0,0
3860,658,250,0.6667,0.0000,0,0,0,0
3861,1915,3327,0.2500,0.0125,0,0,0,1
3862,945,4,1.0000,0.0000,0,0,0,0
3863,1702,81,0.5000,0.2500,0,0,0,0
3864,27,27,1.0000,1.0000,0,0,0,0
3865,2440,2906,0.0000,0.0083,0,0,0,0
3866,1106,1688,0.0000,0.0583,0,0,0,0
3867,5,1057,0.0000,0.0000,0,0,0,1
3868,1116,477,1.0000,0.0000,0,0,0,0
3869,1746,8,0.2500,0.0000,0,0,1,0
3870,1191,3525,0.6667,0.0000,0,0,0,0
3871,1300,1992,0.3333,0.0853,0,0,0,1
3872,379,867,0.5000,0.1410,0,0,0,1
3873,472,558,1.0000,0.0000,0,0,0,0
3874,1122,2317,0.2000,0.2437,0,0,1,0
3875,1027,2124,0.6667,0.2914,0,0,1,1
3876,466,287,0.5000,0.0000,0,0,0,0
3877,1573,7,0.2500,0.0000,0,0,1,0
3878,678,877,0.5000,0.0926,0,0,0,0
3879,3314,46,0.0000,1.0000,0,0,0,0
3880,1018,1920,0.2000,0.1160,0,0,1,1
3881,805,2923,0.2500,0.0869,0,0,1,0
3882,74,213,1.0000,0.0000,0,0,0,0
3883,2205,188,1.0000,0.4062,0,0,1,1
3884,1326,4388,0.5000,0.1388,0,0,1,1
3885,1323,3329,0.6667,0.2341,0,0,0,0
3886,965,669,1.0000,0.1304,0,0,1,1
3887,801,2359,0.5000,0.0426,0,0,1,1
3888,693,722,0.0000,0.0122,0,0,0,1
3889,1266,3030,0.5000,0.0474,0,0,1,1
3890,355,733,0.0000,0.4957,0,0,0,0
3891,316,23,1.0000,0.0000,0,0,0,0
3892,702,986,0.6667,0.0185,0,0,0,0
3893,1331,137,0.0000,0.4815,0,0,1,0
3894,978,5,0.5000,0.0000,0,0,0,0
3895,1787,7,0.2500,0.0000,0,0,1,0
3896,1783,1160,0.6667,0.0494,0,0,1,1
3897,661,2452,0.2500,0.0588,0,0,1,0
3898,957,696,0.3333,0.0267,0,0,1,0
3899,689,1161,0.2500,0.1111,0,0,0,1
3900,59,459,1.0000,0.0448,0,0,0,0
3901,65,138,0.0000,0.0000,0,0,0,0
3902,796,2233,0.3333,0.1402,0,0,1,0
3903,5376,5080,0.2500,0.0042,0,0,0,1
3904,214,491,0.0000,0.0000,0,0,0,0
3905,152,40,0.0000,0.0000,0,0,0,0
3906,1644,7,0.2500,0.0000,0,0,1,0
3907,860,1835,0.4000,0.1616,0,0,1,1
3908,97,329,1.0000,0.0000,0,0,0,0
3909,317,24,1.0000,0.0000,0,0,0,0
3910,53,1501,0.0000,0.0000,0,0,0,1
3911,1932,201,0.3333,0.1250,0,0,1,0
3912,2907,2662,0.3333,0.0182,0,0,0,1
3913,521,597,1.0000,0.0000,0,0,0,0
3914,1167,3873,0.2500,0.0000,0,0,1,0
3915,210,514,0.0000,0.0000,0,0,0,0
3916,1037,638,0.5000,0.0404,0,0,1,0
3917,179,1611,0.0000,0.0560,0,0,0,1
3918,96,756,1.0000,0.0242,0,0,0,0
3919,308,17,1.0000,0.0000,0,0,0,0
3920,1721,18,0.5000,0.0000,0,0,0,0
3921,1863,80,0.3333,0.0714,0,0,1,0
3922,1522,2053,0.4000,0.0215,0,0,1,0
3923,1087,2249,0.5000,0.0740,0,0,0,1
3924,229,51,0.0000,0.0000,0,0,0,0
3925,955,554,0.0000,0.0123,0,0,0,0
3926,32,27,0.0000,0.0000,0,0,0,0
3927,316,23,1.0000,0.0000,0,0,0,0
3928,311,20,1.0000,0.0000,0,0,0,0
3929,584,1283,0.3333,0.1606,0,0,0,1
3930,315,22,1.0000,0.0000,0,0,0,0
3931,227,520,0.0000,0.0849,0,0,0,0
3932,147,427,0.0000,0.0225,0,0,0,0
3933,1130,1171,0.5000,0.0828,1,0,1,1
3934,145,506,0.0000,0.0476,0,0,0,0
3935,312,22,1.0000,0.0000,0,0,0,0
3936,1289,645,0.0000,0.0309,0,0,0,0
3937,262,52,0.0000,0.0000,0,0,0,0
3938,183,386,1.0000,0.0000,0,0,1,1
3939,2349,7,0.0000,0.0000,0,0,0,0
3940,191,2822,0.0000,0.0000,0,0,0,0
3941,456,276,1.0000,0.0000,0,0,0,0
3942,75,98,1.0000,0.0000,0,0,0,0
3943,202,97,1.0000,0.0625,0,0,0,0
3944,684,1272,0.0000,0.1000,0,0,0,0
3945,1334,2732,0.5000,0.1185,0,0,1,1
3946,1005,584,0.2500,0.0000,0,0,1,0
3947,533,746,0.0000,0.0361,0,0,0,1
3948,220,1261,0.3333,0.0000,0,0,0,1
3949,785,7,0.5000,0.0000,1,0,0,0
3950,456,17,0.0000,1.0000,0,0,0,0
3951,89,1528,0.0000,0.0492,0,0,0,1
3952,313,990,1.0000,0.0052,0,0,0,0
3953,131,271,1.0000,0.0000,0,0,0,0
3954,48,703,1.0000,0.0000,0,0,0,0
3955,665,1092,0.0000,0.0286,0,0,0,0
3956,39,1195,0.0000,0.0219,0,0,0,1
3957,1358,2646,0.4000,0.0871,0,0,1,1
3958,318,25,1.0000,0.0000,0,0,0,0
3959,740,2760,0.0000,0.0071,0,0,0,1
3960,310,20,1.0000,0.0000,0,0,0,0
3961,74,30,1.0000,0.0000,0,0,0,0
3962,2828,211,0.6667,0.5714,0,0,0,0
3963,300,1587,0.5000,0.0079,1,0,0,1
3964,1941,637,0.0000,0.0935,0,0,0,0
3965,1168,628,1.0000,0.0000,0,0,0,0
3966,1868,2320,0.5000,0.0000,0,0,0,1
3967,597,167,0.6667,0.0000,0,0,1,0
3968,308,18,1.0000,0.0000,0,0,0,0
3969,1796,2124,0.5000,0.0984,0,0,0,0
3970,139,678,1.0000,0.0734,0,0,0,0
3971,213,2956,0.5000,0.0000,0,0,0,1
3972,1235,2438,0.6667,0.0533,0,0,0,1
3973,836,443,1.0000,0.0152,0,0,0,0
3974,540,246,1.0000,0.0000,0,0,0,0
3975,1253,1606,0.0000,0.0149,0,0,0,1
3976,519,847,0.0000,0.1986,0,0,0,1
3977,37,1228,0.0000,0.0045,0,0,0,0
3978,675,684,1.0000,0.0097,0,0,0,0
3979,397,33,1.0000,0.0000,0,0,0,0
3980,225,687,0.0000,0.0112,0,0,0,0
3981,518,301,0.6667,0.0625,0,0,1,0
3982,1367,2700,0.5000,0.0491,0,0,1,1
3983,896,1692,0.4000,0.1561,0,0,1,1
3984,1011,3274,0.2500,0.1285,0,0,1,0
3985,1491,514,1.0000,0.0241,0,0,0,0
3986,700,1451,0.2500,0.0086,0,0,0,0
3987,1947,2217,0.2000,0.2894,0,0,0,1
3988,403,850,0.0000,0.0815,0,0,0,0
3989,903,490,1.0000,0.0411,0,0,0,0
3990,461,1073,0.0000,0.1131,0,0,0,1
3991,115,574,0.5000,0.0000,0,0,0,1
3992,1188,2310,0.2000,0.1184,0,0,1,1
3993,314,22,1.0000,0.0000,0,0,0,0
3994,1195,2192,0.2500,0.0678,0,0,1,0
3995,511,3261,0.3333,0.0156,0,0,0,1
3996,197,142,0.0000,0.0000,0,0,0,0
3997,1441,781,0.5000,0.0000,0,0,1,0
3998,710,855,0.2000,0.0872,0,0,1,1
3999,501,232,1.0000,0.0000,0,0,0,0
4000,1455,2984,0.2500,0.0924,0,0,1,0
4001,129,73,1.0000,0.0000,0,0,0,0
4002,910,551,1.0000,0.0000,0,0,0,0
4003,228,201,0.0000,0.0263,0,0,0,0
4004,1800,7,0.2500,0.0000,0,0,1,0
4005,1628,8,0.2500,0.0000,0,0,1,0
4006,443,555,0.0000,0.1528,0,0,0,1
4007,85,475,1.0000,0.0375,0,0,0,0
4008,365,467,1.0000,0.0000,0,0,0,0
4009,1880,8,0.2500,0.0000,0,0,1,0
4010,462,2120,0.3333,0.0263,0,0,0,1
4011,634,71,0.0000,0.0000,0,0,0,0
4012,49,47,0.0000,0.0000,0,0,0,0
4013,609,343,1.0000,0.0000,0,0,0,0
4014,139,1039,1.0000,0.0000,0,0,0,0
4015,48,3114,0.0000,0.0000,0,0,0,0
4016,86,945,0.0000,0.0133,1,0,0,0
4017,50,396,0.0000,0.0000,1,0,0,0
4018,310,19,1.0000,0.0000,0,0,0,0
4019,133,111,0.3333,0.0000,0,0,1,0
4020,608,816,0.0000,0.0000,0,0,0,0
4021,1040,2,0.0000,0.0000,0,0,0,0
4022,633,1277,1.0000,0.0722,0,0,0,0
4023,82,743,0.2500,0.0171,1,0,0,0
4024,495,32,1.0000,0.0000,0,0,0,0
4025,56,69,1.0000,0.0000,0,0,0,0
4026,259,338,0.0000,0.0882,0,0,0,0
4027,921,596,0.4000,0.0988,0,0,1,0
4028,573,4,0.0000,0.0000,0,0,0,0
4029,56,12,1.0000,0.0000,0,0,0,0
4030,1799,5,0.2500,0.0000,0,0,1,0
4031,359,891,0.2500,0.0149,0,0,0,0
4032,1640,1148,0.7500,0.0000,0,0,1,1
4033,147,746,0.0000,0.0000,1,0,0,0
4034,565,1521,0.3333,0.0882,0,0,0,0
4035,1969,2533,0.5000,0.7797,0,0,0,0
4036,482,851,0.0000,0.0840,0,0,0,1
4037,188,571,0.0000,0.0192,0,0,0,0
4038,204,79,0.3333,0.0000,0,0,1,0
4039,706,1071,0.4000,0.0073,1,0,0,1
4040,620,55,0.0000,0.0000,0,0,0,0
4041,617,1145,0.2500,0.0982,0,0,0,1
4042,292,1486,0.2500,0.0213,1,0,0,0
4043,905,916,0.0000,0.0667,0,0,0,0
4044,1797,3639,0.6000,0.0694,0,0,1,1
4045,1112,4589,0.2500,0.0250,0,0,0,1
4046,1053,2055,0.2000,0.1671,0,0,1,1
4047,1020,1903,0.4000,0.1459,0,0,1,1
4048,560,1065,0.0000,0.1350,0,0,0,1
4049,629,147,0.0000,0.0952,0,0,0,0
4050,696,379,0.6667,0.0233,0,0,1,0
4051,697,1780,0.0000,0.0543,0,0,0,0
4052,1405,2691,0.4000,0.1267,0,0,1,1
4053,108,271,0.3333,0.0435,0,0,0,1
4054,210,29,0.0000,0.0000,0,0,0,0
4055,37,1009,0.0000,0.0255,0,0,0,1
4056,1078,1899,0.6667,0.1068,0,0,1,1
4057,734,2237,0.2500,0.0000,0,0,1,0
4058,876,950,0.5000,0.0000,0,0,1,0
4059,455,257,0.0000,0.0000,0,0,0,0
4060,1893,5,0.2500,0.0000,0,0,1,0
4061,392,242,1.0000,0.0000,0,0,0,0
4062,398,890,1.0000,0.0000,0,0,0,0
4063,67,13,1.0000,0.0000,0,0,1,1
4064,1658,8,0.2500,0.0000,0,0,1,0
4065,1682,8,0.2500,0.0000,0,0,1,0
4066,1467,1981,0.5000,0.0712,1,0,1,1
4067,587,28,0.0000,0.0000,0,0,0,0
4068,1370,6096,0.4000,0.0201,0,0,1,1
4069,106,215,0.0000,0.0000,0,0,0,0
4070,315,23,1.0000,0.0000,0,0,0,0
4071,321,29,1.0000,1.0000,0,0,0,0
4072,191,2563,0.3333,0.0155,1,0,0,0
4073,54,124,0.0000,0.0000,0,0,0,0
4074,1646,2795,1.0000,0.0000,0,0,0,0
4075,357,1271,0.5000,0.0704,0,0,0,0
4076,34,287,1.0000,0.0000,0,0,0,0
4077,1975,5,0.2500,0.0000,0,0,1,0
4078,376,381,0.0000,0.0408,0,0,0,0
4079,68,820,0.0000,0.0000,0,0,0,1
4080,941,1293,0.5000,0.0000,0,0,1,0
4081,129,2186,0.0000,0.0150,0,0,0,1
4082,1132,146,0.0000,0.0000,0,0,0,0
4083,694,553,0.6667,0.0000,0,0,1,0
4084,425,2838,0.4000,0.0152,0,0,0,1
4085,671,277,0.5000,0.0500,0,0,0,0
4086,979,244,0.5000,0.0000,0,0,0,0
4087,1796,905,0.5000,0.0000,0,0,1,1
4088,232,123,0.0000,0.0000,0,0,1,0
4089,318,96,0.6667,0.2500,0,0,1,0
4090,318,29,1.0000,0.0000,0,0,0,0
4091,104,625,1.0000,0.0000,0,0,0,0
4092,676,2612,0.0000,0.0280,0,0,0,1
4093,1757,58,1.0000,0.6250,0,0,0,0
4094,985,395,0.5000,0.1059,0,0,0,0
4095,1337,1935,0.2000,0.1700,0,0,1,1
4096,774,137,0.5000,0.0000,0,0,0,0
4097,90,3100,0.0000,0.0152,1,0,0,0
4098,310,18,1.0000,0.0000,0,0,0,0
4099,90,622,1.0000,0.0000,0,0,0,0
4100,755,354,0.6667,0.0000,0,0,1,0
4101,365,142,1.0000,0.0000,0,0,0,0
4102,209,352,1.0000,0.0000,0,0,0,0
4103,356,1373,0.3333,0.0121,1,0,0,0
4104,602,1519,0.0000,0.0209,0,0,0,1
4105,125,2691,0.0000,0.0092,0,0,0,1
4106,838,1608,0.0000,0.9778,0,0,0,0
4107,202,594,0.6667,0.0089,0,0,0,0
4108,316,23,1.0000,0.0000,0,0,0,0
4109,273,1146,0.0000,0.0000,1,0,0,0
4110,634,1888,0.0000,0.1306,0,0,0,1
4111,69,664,0.5000,0.0505,1,0,0,0
4112,675,219,1.0000,0.0435,0,0,0,0
4113,350,43,1.0000,0.6250,0,0,0,0
4114,15,433,0.0000,0.0000,0,0,0,1
4115,2116,5,0.2500,0.0000,0,0,1,0
4116,985,676,1.0000,0.0000,0,0,0,0
4117,1958,3,0.0000,0.0000,0,0,1,0
4118,335,550,0.0000,0.6667,0,0,0,0
4119,689,3129,0.2500,0.0117,0,0,1,1
4120,1137,2737,0.4000,0.0425,0,0,1,1
4121,550,405,0.0000,0.1525,0,0,0,0
4122,274,258,0.0000,0.0000,0,0,0,0
4123,1060,1737,0.5000,0.0510,0,0,1,1
4124,634,2470,0.4000,0.1222,0,0,1,1
4125,839,779,0.0000,0.3253,0,0,0,0
4126,322,190,0.6667,0.0000,0,0,1,0
4127,216,266,0.0000,0.0000,0,0,0,0
4128,1197,1277,0.5000,0.0075,0,0,1,0
4129,370,18,0.5000,0.0000,0,0,0,0
4130,309,18,1.0000,0.0000,0,0,0,0
4131,124,1724,1.0000,0.0102,0,0,0,0
4132,479,571,0.6667,0.0000,0,0,0,0
4133,52,1291,0.0000,0.0248,0,0,0,0
4134,905,1912,0.3333,0.0195,0,0,0,1
4135,745,2001,0.5000,0.1050,0,0,1,1
4136,839,62,1.0000,0.0000,0,0,0,0
4137,275,965,0.0000,0.0573,0,0,0,1
4138,859,1535,0.6000,0.1713,1,0,1,1
4139,796,204,1.0000,0.0000,0,0,0,0
4140,14,427,0.0000,0.0000,0,0,0,0
4141,1198,8069,0.4000,0.0335,0,0,1,1
4142,157,1242,0.0000,0.0457,0,0,0,0
4143,312,23,1.0000,0.0000,0,0,0,0
4144,17,1,1.0000,0.0000,0,0,0,0
4145,281,1651,0.0000,0.0000,1,0,0,0
4146,1211,1326,0.4000,0.1538,0,0,1,1
4147,551,448,0.5000,0.1167,0,0,0,0
4148,89,2544,0.0000,0.0049,1,0,0,1
4149,716,574,1.0000,0.0115,0,0,0,0
4150,400,553,1.0000,0.0116,0,0,0,0
4151,73,1223,0.0000,0.0117,0,0,0,1
4152,124,1155,0.0000,0.0000,0,0,0,0
4153,2083,608,0.5000,0.0833,0,0,0,0
4154,332,236,0.6667,0.0000,0,0,1,0
4155,1238,2688,0.6000,0.0532,0,0,1,1
4156,59,17,1.0000,0.0000,0,0,0,0
4157,447,1100,0.2500,0.2051,0,0,0,1
4158,273,568,0.0000,0.0000,0,0,0,0
4159,865,3185,0.2000,0.0298,0,0,1,1
4160,1554,1987,0.5000,0.0307,1,0,0,1
4161,325,625,0.0000,0.0886,0,0,0,0
4162,189,1581,0.0000,0.0000,0,0,0,1
4163,3721,8,0.0000,0.0000,0,0,0,0
4164,425,1771,0.0000,0.0868,0,0,0,0
4165,537,1126,0.0000,0.0952,0,0,0,1
4166,686,894,1.0000,0.1237,0,0,0,0
4167,141,2012,0.0000,0.0382,0,0,0,1
4168,71,8,1.0000,0.0000,0,0,0,0
4169,494,863,0.0000,0.0476,0,0,0,0
4170,749,17,1.0000,1.0000,0,0,0,0
4171,826,491,0.6667,0.0000,0,0,1,0
4172,1204,3015,0.2000,0.0430,0,0,1,1
4173,213,1527,0.0000,0.0042,0,0,0,1
4174,520,1078,0.0000,0.0745,0,0,0,1
4175,38,315,0.0000,0.0000,0,0,0,0
4176,1662,7,0.2500,0.0000,0,0,1,0
4177,175,533,0.5000,0.2525,0,0,0,0
4178,64,245,0.0000,0.0000,0,0,0,0
4179,325,508,0.0000,0.0923,0,0,0,0
4180,1007,2421,0.6667,0.0809,0,0,0,0
4181,110,552,1.0000,0.0119,0,0,0,0
4182,431,250,0.0000,0.0250,0,0,0,0
4183,1705,8,0.2500,0.0000,0,0,1,0
4184,710,175,0.5000,0.0000,0,0,0,0
4185,1309,2,1.0000,0.0000,0,0,0,0
4186,27,8,1.0000,0.0000,0,0,0,0
4187,903,693,1.0000,0.1743,0,0,0,0
4188,997,2529,0.2500,0.0000,0,0,0,1
4189,308,18,1.0000,0.0000,0,0,0,0
4190,57,26,0.0000,0.0000,0,0,0,0
4191,413,1894,0.0000,0.0202,0,0,0,1
4192,68,514,0.0000,0.0548,0,0,0,0
4193,785,1722,1.0000,0.0115,0,1,0,0
4194,310,19,1.0000,0.0000,0,0,0,0
4195,2451,634,0.0000,0.2857,0,0,0,0
4196,900,483,1.0000,0.0000,0,0,0,0
4197,1394,3573,0.4000,0.1130,0,0,1,1
4198,479,292,1.0000,0.0000,0,0,0,0
4199,1788,8,0.2500,0.0000,0,0,1,0
4200,1818,3371,0.4000,0.0480,0,0,1,1
4201,801,999,0.0000,0.0714,0,0,0,0
4202,569,273,1.0000,0.0000,0,0,0,0
4203,144,1517,0.0000,0.0357,1,0,0,0
4204,1353,3457,0.4000,0.0849,0,0,0,1
4205,390,1379,0.3333,0.0773,0,0,0,1
4206,192,630,0.0000,0.0000,0,0,0,0
4207,276,1346,0.3333,0.0000,0,0,1,1
4208,479,593,0.6667,0.0000,0,0,1,0
4209,100,430,1.0000,0.0000,0,0,0,0
4210,628,2587,0.6667,0.0775,0,0,1,1
4211,852,3,0.0000,0.0000,0,0,0,0
4212,957,112,0.6667,0.1765,0,0,1,0
4213,1593,1035,0.0000,0.0272,0,0,0,0
4214,313,23,1.0000,0.0000,0,0,0,0
4215,1237,2377,0.5000,0.1571,0,0,1,1
4216,268,1033,0.3333,0.0278,0,0,0,0
4217,244,29,0.0000,0.0000,0,0,0,0
4218,1034,227,0.0000,0.0000,0,0,0,0
4219,314,22,1.0000,0.0000,0,0,0,0
4220,181,368,0.0000,0.3088,0,0,0,0
4221,444,430,0.0000,0.0152,0,0,0,0
4222,1816,7,0.2500,0.0000,0,0,1,0
4223,313,2000,1.0000,0.0000,0,0,0,0
4224,674,1434,0.0000,0.0167,0,0,0,0
4225,387,1235,1.0000,0.0000,1,0,0,0
4226,288,378,0.0000,0.0469,0,0,0,1
4227,91,730,0.0000,0.0112,0,0,0,1
4228,464,1081,0.0000,0.0811,0,0,0,1
4229,253,81,0.0000,0.0000,0,0,1,0
4230,672,308,0.5000,0.0000,0,0,0,0
4231,583,653,0.5000,0.0000,0,0,0,0
4232,729,363,1.0000,0.0000,0,0,0,0
4233,707,2333,0.0000,0.0098,0,0,0,1
4234,3304,1907,0.2500,0.2095,0,0,0,1
4235,116,346,1.0000,0.0182,0,0,0,0
4236,546,1034,0.0000,0.0082,0,0,0,0
4237,1071,337,0.6667,0.2712,0,0,1,1
4238,618,735,0.3333,0.0337,0,0,0,0
4239,80,40,1.0000,0.0000,0,0,0,0
4240,1771,1293,0.5000,0.0302,0,0,1,1
4241,64,1037,0.0000,0.0118,1,0,0,0
4242,1079,2227,0.5000,0.1422,0,0,1,1
4243,920,1895,0.6667,0.0000,0,0,0,0
4244,194,2265,0.0000,0.0086,0,0,0,0
4245,310,19,1.0000,0.0000,0,0,0,0
4246,651,152,0.6667,0.0000,0,0,1,0
4247,533,231,1.0000,0.0000,0,0,0,0
4248,272,2077,0.0000,0.0440,0,0,0,1
4249,1074,147,0.5000,0.0000,0,0,1,0
4250,1725,7,0.2500,0.0000,0,0,1,0
4251,41,10,0.0000,0.0000,0,0,0,0
4252,1265,2052,0.4000,0.0688,0,0,1,1
4253,1217,3689,0.2000,0.0397,0,0,1,1
4254,709,1707,0.0000,0.0000,0,0,0,0
4255,159,2549,0.0000,0.0000,1,0,0,1
4256,677,402,1.0000,0.0000,0,0,0,0
4257,1074,1564,0.4000,0.1577,0,0,1,1
4258,320,1223,0.0000,0.0969,0,0,0,1
4259,781,1972,0.6667,0.0549,0,0,1,1
4260,1372,2750,0.2500,0.0524,0,0,1,0
4261,612,140,0.5000,0.1765,0,0,0,0
4262,347,348,0.0000,0.1034,0,0,0,0
4263,899,46,0.0000,0.0000,0,0,0,0
4264,719,73,0.5000,0.0000,0,0,0,0
4265,448,1548,0.5000,0.0000,0,0,1,1
4266,787,2250,0.0000,0.0248,0,0,0,1
4267,1066,2271,0.5000,0.0000,0,0,0,1
4268,5810,657,0.0000,0.0000,0,0,0,0
4269,58,20,1.0000,0.0000,0,0,0,0
4270,440,7,0.0000,0.0000,0,0,0,0
4271,868,1473,0.5000,0.0064,0,0,1,0
4272,918,2994,0.2500,0.0339,0,0,0,1
4273,196,81,0.6667,0.0000,0,0,1,0
4274,1229,601,0.4000,0.0000,0,0,1,0
4275,109,1528,0.0000,0.0122,0,0,0,0
4276,600,1536,0.0000,0.1330,0,0,0,0
4277,108,407,0.0000,0.0897,0,0,0,0
4278,1806,1359,0.5000,0.0165,0,0,1,1
4279,655,425,1.0000,0.0000,0,0,0,0
4280,531,214,0.5000,0.0000,0,0,0,0
4281,776,544,0.0000,0.0118,0,0,0,0
4282,2344,3101,0.2500,0.0022,0,0,0,1
4283,975,1689,0.5000,0.0677,0,0,1,1
4284,3195,12,0.0000,0.0000,0,0,0,0
4285,253,325,0.0000,0.0000,0,0,0,0
4286,151,492,0.0000,0.0405,0,0,0,0
4287,770,1674,1.0000,0.0112,0,0,0,0
4288,3245,192,0.5000,0.1333,0,0,0,0
4289,1929,8,0.2500,0.0000,0,0,1,0
4290,955,1686,0.0000,0.0324,0,0,0,0
4291,652,4655,0.0000,0.0000,0,0,0,1
4292,121,507,0.0000,0.0800,0,0,0,0
4293,7277,5125,0.2000,0.0851,0,0,0,1
4294,369,1703,0.0000,0.0043,1,0,0,1
4295,423,2081,0.2500,0.0324,0,0,0,1
4296,682,1560,0.2000,0.0286,0,0,0,1
4297,60,737,0.0000,0.0000,0,0,0,0
4298,311,19,1.0000,0.0000,0,0,0,0
4299,317,24,1.0000,0.0000,0,0,0,0
4300,1746,5,0.2500,0.0000,0,0,1,0
4301,54,395,0.0000,0.0260,0,0,0,0
4302,90,3220,0.0000,0.0044,0,0,0,1
4303,157,380,0.0000,0.0000,1,0,0,1
4304,143,1395,0.0000,0.0000,1,0,0,0
4305,53,20,0.0000,0.0000,0,0,0,0
4306,904,2759,0.6667,0.1976,0,0,1,1
4307,1442,5795,0.3333,0.0013,0,0,0,1
4308,1587,7,0.2500,0.0000,0,0,1,0
4309,246,584,0.0000,0.0095,0,0,0,0
4310,896,875,1.0000,0.0000,0,0,0,0
4311,37,53,0.0000,0.0000,0,0,0,0
4312,1242,2782,0.2000,0.1238,0,0,1,1
4313,71,1755,0.0000,0.0000,1,0,0,1
4314,1649,182,0.0000,0.0000,0,0,0,0
4315,315,23,1.0000,0.0000,0,0,0,0
4316,201,482,0.0000,0.1146,0,0,0,1
4317,160,474,0.0000,0.0476,0,0,0,0
4318,310,19,1.0000,0.0000,0,0,0,0
4319,345,382,0.0000,0.0000,0,0,0,0
4320,782,1099,0.5000,0.0682,0,0,0,1
4321,1656,1422,0.7500,0.0123,0,0,1,1
4322,438,905,0.0000,0.0426,0,0,0,1
4323,396,824,0.0000,0.0543,0,0,0,0
4324,821,4066,0.0000,0.0301,0,0,0,0
4325,563,268,0.6667,0.0000,0,0,1,0
4326,120,1495,0.0000,0.0000,0,0,0,1
4327,253,1492,0.0000,0.0435,0,0,0,0
4328,1697,8,0.2500,0.0000,0,0,1,0
4329,1160,3806,0.4000,0.0659,0,0,1,1
4330,1748,7,0.2500,0.0000,0,0,1,0
4331,943,253,0.3333,0.0000,0,0,1,0
4332,1930,7,0.2500,0.0000,0,0,1,0
4333,1604,462,0.4000,0.0000,0,0,1,0
4334,2537,8,0.0000,0.0000,0,0,0,0
4335,772,1463,0.3333,0.0000,0,0,0,0
4336,59,89,1.0000,0.3000,0,0,0,0
4337,1061,3923,0.5000,0.0779,0,0,1,1
4338,309,1580,0.0000,0.0060,0,0,0,0
4339,97,1481,0.0000,0.0000,0,0,0,0
4340,43,56,1.0000,0.0000,0,0,0,0
4341,369,1411,0.0000,0.0376,0,0,0,0
4342,807,231,0.0000,0.0000,0,0,0,0
4343,357,2070,0.0000,0.0725,1,0,0,0
4344,207,3055,0.0000,0.0000,1,0,0,1
4345,308,17,1.0000,0.0000,0,0,0,0
4346,650,6,0.0000,0.0000,0,0,0,0
4347,594,8,0.0000,0.0000,0,0,0,0
4348,1660,5,0.2500,0.0000,0,0,1,0
4349,623,713,0.5000,0.0096,0,0,1,1
4350,556,1169,0.3333,0.0217,0,0,0,0
4351,111,1074,0.0000,0.0000,0,0,0,0
4352,885,2395,0.2000,0.0388,0,0,1,1
4353,268,151,0.3333,0.2778,0,0,0,1
4354,3047,54,0.5000,0.0000,0,0,0,0
4355,241,459,0.0000,0.1932,0,0,0,1
4356,68,101,0.0000,0.2308,0,0,0,1
4357,232,1306,0.0000,0.0102,0,0,0,0
4358,1328,6115,0.5000,0.0361,0,0,1,1
4359,313,21,1.0000,0.0000,0,0,0,0
4360,642,553,0.0000,0.0698,0,0,0,0
4361,985,2995,0.2500,0.1119,0,0,1,0
4362,1855,7,0.2500,0.0000,0,0,1,0
4363,239,183,1.0000,0.0000,0,0,0,0
4364,319,29,1.0000,0.0000,0,0,0,0
4365,119,1443,0.0000,0.0000,1,0,0,0
4366,1666,1228,0.5000,0.0000,0,0,1,0
4367,75,705,1.0000,0.0000,0,0,0,0
4368,653,1196,0.0000,0.0621,0,0,0,0
4369,3319,842,0.0000,0.0781,0,0,0,0
4370,311,21,1.0000,0.0000,0,0,0,0
4371,1885,3831,0.2000,0.0072,0,0,0,1
4372,317,25,1.0000,0.0000,0,0,0,0
4373,403,1868,0.0000,0.0000,0,0,0,0
4374,760,223,0.5000,0.0000,0,0,1,0
4375,953,2697,0.4000,0.0338,0,0,0,1
4376,190,1433,1.0000,0.0449,0,0,0,0
4377,170,2295,0.0000,0.0000,0,0,0,1
4378,935,3150,0.5000,0.0492,0,0,0,1
4379,734,527,0.0000,0.0816,0,0,0,0
4380,98,213,0.0000,0.1136,0,0,0,0
4381,161,73,0.0000,0.0000,0,0,0,0
4382,204,590,1.0000,0.0000,0,0,0,0
4383,1602,8,0.2500,0.0000,0,0,1,0
4384,1708,1259,0.5000,0.0263,0,0,1,1
4385,57,5,0.0000,0.0000,0,0,0,0
4386,1361,2375,0.8000,0.0782,0,0,1,1
4387,1507,4026,0.3333,0.0477,0,0,0,1
4388,1849,7,0.2500,0.0000,0,0,1,0
4389,297,1579,0.5000,0.0278,0,0,0,1
4390,787,195,0.3333,0.6970,0,0,1,0
4391,461,696,0.0000,0.0750,0,0,0,0
4392,894,1885,1.0000,0.0856,0,0,0,0
4393,224,714,0.5000,0.2647,0,0,0,0
4394,1136,1291,0.5000,0.1493,0,0,1,1
4395,704,700,0.6667,0.0000,0,0,1,0
4396,281,61,1.0000,0.1250,0,0,0,0
4397,993,359,0.6667,0.0000,0,0,1,0
4398,288,75,0.0000,0.0000,0,0,1,0
4399,313,21,1.0000,0.0000,0,0,0,0
4400,664,706,1.0000,0.0000,0,0,0,0
4401,1600,1043,0.5000,0.0549,0,0,1,1
4402,350,596,0.0000,0.0256,0,0,0,0
4403,323,856,0.0000,0.0446,0,0,0,1
4404,112,190,1.0000,0.0000,0,0,0,0
4405,1124,2304,0.2500,0.1324,0,0,1,0
4406,1733,7,0.2500,0.0000,0,0,1,0
4407,179,446,1.0000,0.1280,0,0,0,0
4408,81,1452,0.0000,0.0000,0,0,0,1
4409,522,910,0.0000,0.0965,0,0,0,0
4410,1729,2411,0.2000,0.1094,0,0,1,1
4411,2685,2173,0.5000,0.0317,0,0,0,0
4412,106,1568,0.0000,0.0042,0,0,0,1
4413,2744,3716,0.2500,0.0291,0,0,0,1
4414,830,123,0.3333,0.1250,0,0,1,0
4415,189,463,1.0000,0.0000,0,0,0,0
4416,840,2153,0.0000,0.1127,0,0,0,0
4417,535,825,0.2500,0.0949,0,0,0,1
4418,412,583,0.0000,0.0441,0,0,0,0
4419,1020,794,1.0000,0.0496,0,0,0,0
4420,46,208,1.0000,0.0811,0,0,0,0
4421,1424,612,0.6667,0.0000,0,0,0,0
4422,1613,7,0.2500,0.0000,0,0,1,0
4423,389,296,0.5000,0.0000,0,0,0,0
4424,624,256,0.3333,0.0000,0,0,1,0
4425,110,4409,0.5000,0.0190,0,0,0,1
4426,189,357,0.0000,0.2985,0,0,0,0
4427,1152,159,1.0000,0.5185,0,0,1,1
4428,343,1463,0.3333,0.0040,0,0,0,1
4429,311,20,1.0000,0.0000,0,0,0,0
4430,1824,7,0.2500,0.0000,0,0,1,0
4431,205,29,0.0000,0.0000,0,0,0,0
4432,110,348,0.0000,0.2308,0,0,0,0
4433,1352,3312,0.4000,0.1073,0,0,1,1
4434,169,205,0.0000,0.1429,0,0,0,0
4435,1616,8,0.2500,0.0000,0,0,1,0
4436,873,1052,1.0000,0.0000,0,0,0,0
4437,542,599,0.6667,0.0000,0,0,0,0
4438,731,322,1.0000,0.1944,0,0,0,0
4439,1255,3488,0.2500,0.1182,0,0,1,0
4440,706,320,0.5000,0.0000,0,0,0,0
4441,1218,2818,0.2000,0.1914,0,0,1,1
4442,93,366,1.0000,0.0000,0,0,0,0
4443,409,883,0.0000,0.0118,0,0,0,1
4444,933,533,1.0000,0.0482,0,0,0,0
4445,1200,3187,0.0000,0.1364,0,0,0,1
4446,735,769,0.0000,0.1000,0,0,0,0
4447,317,24,1.0000,0.0000,0,0,0,0
4448,1032,622,0.4000,0.0625,0,0,1,0
4449,1665,7,0.2500,0.0000,0,0,1,0
4450,107,218,1.0000,0.0000,0,0,0,0
4451,384,852,0.0000,0.0187,0,0,0,0
4452,310,21,1.0000,0.0000,0,0,0,0
4453,996,939,0.5000,0.5216,0,0,0,1
4454,192,222,1.0000,0.0000,0,0,0,0
4455,533,786,0.0000,0.0826,0,0,0,1
4456,59,1935,0.0000,0.0253,0,0,0,1
4457,122,1677,0.0000,0.0000,1,0,0,0
4458,121,347,0.0000,0.0161,0,0,0,0
4459,1284,4073,0.2500,0.0039,0,0,0,1
4460,2868,3077,0.2000,0.1273,0,0,0,1
4461,1788,5,0.2500,0.0000,0,0,1,0
4462,111,253,1.0000,0.0000,0,0,0,0
4463,684,1216,0.0000,0.0585,0,0,0,1
4464,543,840,0.0000,0.0261,0,0,0,1
4465,144,1704,0.0000,0.0534,1,0,0,1
4466,635,609,1.0000,0.0000,0,0,0,0
4467,312,20,1.0000,0.0000,0,0,0,0
4468,311,20,1.0000,0.0000,0,0,0,0
4469,1114,3956,0.6667,0.0553,0,0,1,1
4470,1279,4015,0.2500,0.0409,0,0,1,0
4471,447,845,1.0000,0.0000,0,0,0,0
4472,317,25,1.0000,0.0000,0,0,0,0
4473,1437,1941,0.6000,0.0408,0,0,1,1
4474,953,1931,0.2000,0.0925,0,0,1,1
4475,829,1242,0.0000,0.0229,0,0,0,0
4476,1233,1171,0.6667,0.0238,0,0,1,0
4477,685,538,1.0000,0.1277,0,0,0,0
4478,306,393,0.5000,0.0000,0,0,0,0
4479,40,659,1.0000,0.0000,0,0,0,0
4480,1501,2844,0.4000,0.1076,1,0,1,1
4481,1549,3093,0.4000,0.0837,0,0,1,1
4482,384,660,0.0000,0.1149,0,0,0,1
4483,492,933,1.0000,0.0000,0,0,0,0
4484,1159,1486,0.5000,0.2311,0,0,1,1
4485,1140,2594,0.5000,0.1082,0,0,1,1
4486,868,2135,0.5000,0.0996,1,0,1,1
4487,1713,5,0.2500,0.0000,0,0,1,0
4488,124,2229,0.0000,0.0196,0,0,0,1
4489,519,313,1.0000,0.0000,0,0,0,0
4490,647,382,0.0000,0.0154,0,0,0,0
4491,89,34,0.0000,0.7500,0,0,0,0
4492,1087,3159,0.4000,0.0934,0,0,1,1
4493,1204,416,0.2000,0.0000,0,0,1,0
4494,149,511,1.0000,0.0000,0,0,0,0
4495,585,1127,0.3333,0.0000,0,0,0,0
4496,1234,4504,0.5000,0.0481,0,0,1,1
4497,866,220,0.5000,0.0000,0,0,1,0
4498,853,2255,0.2500,0.0620,1,0,1,0
4499,628,4988,0.2500,0.0000,0,0,0,1
4500,1018,904,0.0000,0.0144,0,0,0,0
4501,308,17,1.0000,0.0000,0,0,0,0
4502,732,756,0.5000,0.1481,0,0,1,0
4503,1218,2243,0.5000,0.1272,0,0,1,1
4504,653,1844,0.0000,0.0370,0,0,0,0
4505,833,142,0.5000,0.5000,0,0,0,0
4506,86,2789,0.0000,0.0000,0,0,0,0
4507,358,501,0.0000,0.1000,0,0,0,0
4508,832,1253,0.0000,0.0000,0,0,0,0
4509,72,1063,0.0000,0.0000,0,0,0,1
4510,1353,3018,0.4000,0.0748,0,0,1,1
4511,813,1016,0.0000,0.1393,0,0,0,0
4512,327,571,0.0000,0.0909,0,0,0,0
4513,556,883,0.0000,0.1210,0,0,0,1
4514,818,1826,1.0000,0.0113,0,0,0,0
4515,196,167,0.3333,0.2333,0,0,1,0
4516,637,1144,0.6667,0.0000,0,0,0,0
4517,96,1897,0.0000,0.0116,0,0,0,1
4518,1707,7,0.2500,0.0000,0,0,1,0
4519,980,1011,1.0000,0.1859,1,0,0,0
4520,686,4318,0.0000,0.0087,0,0,0,1
4521,207,372,0.0000,0.0870,0,0,0,0
4522,1005,1504,0.6667,0.0085,0,0,1,1
4523,811,405,1.0000,0.0333,0,0,0,0
4524,512,322,1.0000,0.0484,0,0,1,1
4525,1302,1501,0.5000,0.1319,0,0,1,1
4526,1712,3286,0.4000,0.0139,0,0,1,1
4527,462,4,0.0000,0.0000,0,0,0,0
4528,58,197,1.0000,0.0139,0,0,0,0
4529,1814,2503,0.6000,0.0882,0,0,1,1
4530,66,1522,0.0000,0.0211,0,0,0,1
4531,23,11,0.0000,0.0000,0,0,0,0
4532,1743,1432,0.7500,0.0449,0,0,1,1
4533,51,213,0.0000,0.0000,0,0,0,0
4534,2521,2,0.0000,0.0000,0,0,0,0
4535,56,293,1.0000,0.1064,0,0,0,0
4536,251,461,0.0000,0.0341,0,0,0,0
4537,1381,2669,0.6667,0.0725,0,0,0,0
4538,1138,1592,0.5000,0.1239,1,0,1,1
4539,970,4888,0.7500,0.0720,0,0,1,1
4540,830,1335,0.6667,0.0000,0,0,0,0
4541,831,2136,0.6667,0.1360,0,0,1,1
4542,1763,7,0.2500,0.0000,0,0,1,0
4543,1757,105,0.3333,0.5294,0,0,1,0
4544,645,2253,0.2500,0.0273,0,0,0,1
4545,1700,2720,0.4000,0.1906,0,0,1,1
4546,310,19,1.0000,0.0000,0,0,0,0
4547,749,217,1.0000,0.5588,0,0,1,1
4548,75,1058,0.0000,0.0573,0,0,0,0
4549,1062,1635,0.0000,0.0144,0,0,0,0
4550,2376,52,0.0000,0.0000,0,0,0,0
4551,167,2677,0.0000,0.0052,0,0,0,1
4552,254,3248,0.0000,0.0000,0,0,0,0
4553,1580,7,0.2500,0.0000,0,0,1,0
4554,111,468,0.0000,0.0978,0,0,0,0
4555,1711,8,0.2500,0.0000,0,0,1,0
4556,92,3544,0.0000,0.0143,0,0,0,1
4557,1525,71,0.5000,0.0000,0,0,0,0
4558,142,1390,0.0000,0.0155,0,0,0,1
4559,619,1836,0.3333,0.0172,1,0,0,0
4560,309,17,1.0000,0.0000,0,0,0,0
4561,809,1329,0.5000,0.0000,0,0,1,0
4562,850,1378,0.6667,0.0000,0,0,1,0
4563,1251,4863,0.4000,0.0420,0,0,1,1
4564,635,939,0.6667,0.0064,0,0,1,1
4565,1081,2692,0.5000,0.0312,0,0,1,1
4566,1172,1115,0.3333,0.0606,0,0,1,0
4567,317,24,1.0000,0.0000,0,0,0,0
4568,391,2132,0.0000,0.0546,0,0,0,1
4569,1179,2418,0.2500,0.1490,0,0,1,0
4570,89,120,0.0000,0.0000,0,0,0,0
4571,1066,920,0.0000,0.0991,0,0,0,0
4572,622,835,0.0000,0.1887,0,0,0,0
4573,101,395,1.0000,0.0000,0,0,0,0
4574,154,290,0.0000,0.0893,0,0,0,0
4575,567,197,0.6667,0.0000,0,0,1,0
4576,649,629,0.0000,0.0149,0,0,0,1
4577,415,183,1.0000,0.0000,0,0,0,0
4578,873,1617,0.3333,0.0513,0,0,0,1
4579,720,1305,0.5000,0.0096,0,0,0,1
4580,823,254,0.5000,0.0000,0,0,0,0
4581,1689,3129,0.0000,0.0333,0,0,0,1
4582,388,112,1.0000,0.5882,0,0,0,0
4583,634,2261,0.0000,0.0448,0,0,0,0
4584,307,16,1.0000,0.0000,0,0,0,0
4585,1156,3743,0.2500,0.2202,0,0,1,0
4586,66,1232,0.0000,0.0495,0,0,0,0
4587,447,838,0.5000,0.1793,0,0,0,0
4588,594,917,0.0000,0.1489,0,0,0,1
4589,322,4182,0.0000,0.0030,0,0,0,0
4590,72,447,1.0000,0.0732,0,0,0,0
4591,1247,1818,0.2500,0.0000,0,0,1,0
4592,279,1170,0.2500,0.0000,0,0,0,1
4593,310,18,1.0000,0.0000,0,0,0,0
4594,616,880,0.0000,0.0789,0,0,0,0
4595,471,1026,0.0000,0.1801,0,0,0,1
4596,163,167,0.3333,0.0345,0,0,1,0
4597,866,1973,0.2000,0.0966,0,0,1,1
4598,434,1904,0.3333,0.0756,0,0,0,1
4599,719,847,1.0000,0.0000,0,0,0,0
4600,401,1556,0.0000,0.0709,0,0,0,1
4601,611,327,0.3333,0.0164,0,0,1,0
4602,943,2242,0.4000,0.0752,0,0,1,1
4604,54,369,1.0000,0.0000,0,0,0,0
4605,1057,2284,0.5000,0.1013,0,0,1,1
4606,1483,331,0.2500,0.0000,0,0,0,0
4607,515,834,0.0000,0.2071,0,0,0,1
4608,291,365,1.0000,0.0000,0,0,0,0
4609,862,1813,0.2000,0.1385,0,0,1,1
4610,1472,2567,0.2500,0.2292,0,0,1,0
4611,225,59,0.0000,0.1429,0,0,0,0
4612,84,1517,0.0000,0.0040,1,0,0,0
4613,26,226,1.0000,0.0000,0,0,0,0
4614,3885,84,0.0000,0.0833,0,0,0,0
4615,649,426,1.0000,0.1404,0,0,0,0
4616,773,458,1.0000,0.0000,0,0,0,0
4617,1391,3174,0.5000,0.1780,0,0,1,1
4618,705,2867,0.0000,0.0218,0,0,0,0
4619,31,1724,0.0000,0.0000,0,0,0,1
4620,31,6,1.0000,0.0000,0,0,0,0
4621,1041,1488,0.6667,0.0574,0,0,1,1
4622,2068,267,0.3333,0.0244,0,0,1,0
4623,1662,1927,0.7500,0.0062,0,0,1,1
4624,1594,832,0.5000,0.0350,0,0,0,0
4625,463,1643,1.0000,0.0000,0,0,0,0
4626,621,1419,0.2500,0.1000,0,0,0,1
4627,1744,240,1.0000,0.3158,0,0,1,1
4628,1701,148,0.2500,0.0000,0,0,1,0
4629,106,120,1.0000,0.0000,0,0,0,0
4630,848,528,0.6667,0.0000,0,0,1,0
4631,321,29,1.0000,0.0000,0,0,0,0
4632,1669,1222,0.7500,0.0250,0,0,1,1
4633,316,26,1.0000,0.0000,0,0,0,0
4634,2145,40,0.0000,0.0000,0,0,1,0
4635,811,17,1.0000,1.0000,0,0,0,0
4636,351,269,1.0000,0.0000,0,0,0,0
4637,1316,2866,0.2500,0.2458,0,0,1,0
4638,42,464,0.0000,0.0000,0,0,0,0
4639,584,2009,0.2500,0.0692,0,0,0,0
4640,294,93,1.0000,0.8000,0,0,0,0
4641,322,2879,0.0000,0.0162,0,0,0,0
4642,308,16,1.0000,0.0000,0,0,0,0
4643,924,185,0.6667,0.0000,0,0,0,0
4644,304,103,0.0000,0.0000,0,0,0,0
4645,121,24,0.0000,1.0000,0,0,0,0
4646,47,363,0.0000,0.0167,0,0,0,0
4647,570,743,0.0000,0.1042,0,0,0,0
4648,835,3757,0.5000,0.0264,0,0,1,1
4649,1544,8,0.2500,0.0000,0,0,1,0
4650,570,1315,0.2500,0.1818,0,0,0,1
4651,1614,1761,0.6000,0.0105,0,0,1,1
4652,129,238,1.0000,0.0000,0,0,0,0
4653,712,541,1.0000,0.0000,0,0,0,0
4654,297,607,0.0000,0.2200,0,0,0,0
4655,4983,3178,0.2500,0.0059,0,0,1,1
4656,1554,3471,0.2500,0.0000,0,0,0,1
4657,1655,2178,0.2500,0.0365,0,0,1,0
4658,309,19,1.0000,0.0000,0,0,0,0
4659,808,908,1.0000,0.1875,0,0,0,0
4660,312,20,1.0000,0.0000,0,0,0,0
4661,309,17,1.0000,0.0000,0,0,0,0
4662,92,1129,0.0000,0.0235,0,0,0,0
4663,416,1360,0.0000,0.0971,0,0,0,1
4664,380,258,0.5000,0.1087,0,0,0,0
4665,309,17,1.0000,0.0000,0,0,0,0
4666,346,299,1.0000,0.0000,0,0,0,0
4667,129,856,0.0000,0.0000,0,0,0,0
4668,1277,2812,0.4000,0.0889,0,0,1,1
4669,314,25,1.0000,0.0000,0,0,0,0
4670,62,7,1.0000,0.0000,0,0,0,0
4671,1364,1116,0.6667,0.0000,0,0,1,0
4672,1403,2910,0.4000,0.0369,0,0,1,1
4673,10,74,1.0000,0.0000,0,0,0,0
4674,234,289,1.0000,0.0000,0,0,0,0
4675,572,1176,0.3333,0.0497,0,0,0,1
4676,316,661,0.0000,0.0202,0,0,0,0
4677,307,16,1.0000,0.0000,0,0,0,0
4678,421,97,0.6667,0.0000,0,0,1,0
4679,146,1267,0.0000,0.0000,0,0,0,0
4680,1031,2965,0.5000,0.0215,0,0,0,1
4681,78,543,1.0000,0.0105,0,0,0,0
4682,959,518,0.5000,0.0000,0,0,1,0
4683,680,3588,0.2000,0.0185,0,0,1,1
4684,1000,523,0.6667,0.0000,0,0,1,0
4685,49,894,0.5000,0.0000,0,0,0,1
4686,27,36,0.0000,0.0000,0,0,0,0
4687,574,684,0.5000,0.0000,0,0,0,0
4688,636,736,0.0000,0.2152,0,0,0,0
4689,985,2937,0.4000,0.1677,0,0,1,1
4690,361,425,1.0000,0.0000,0,0,0,0
4691,66,75,1.0000,0.0000,0,0,0,0
4692,1110,555,0.0000,0.0217,0,0,0,0
4693,1143,432,0.4000,0.0000,0,0,1,0
4694,570,282,0.0000,0.0000,0,0,0,0
4695,1566,8,0.2500,0.0000,0,0,1,0
4696,1613,3295,0.4000,0.0896,0,0,0,1
4697,320,27,1.0000,0.0000,0,0,0,0
4698,1352,881,0.6667,0.0000,0,0,1,0
4699,426,1201,0.0000,0.0594,0,0,0,0
4700,164,104,0.0000,0.0000,0,0,1,0
4701,284,1278,0.0000,0.0000,0,0,0,0
4702,1075,456,0.3333,0.0000,0,0,1,0
4703,1963,1909,0.7500,0.1722,0,0,1,1
4704,964,270,0.2500,0.0000,0,0,1,0
4705,947,15,0.0000,0.0000,0,0,0,0
4706,564,693,0.0000,0.0085,0,0,0,0
4707,1068,3467,0.5000,0.0956,0,0,1,1
4708,1109,1559,0.5000,0.0278,0,0,1,0
4709,639,1,0.0000,0.0000,0,0,0,0
4710,686,8,1.0000,0.0000,0,0,0,0
4711,66,68,1.0000,0.8889,0,0,0,0
4712,982,2130,0.2500,0.1364,0,0,1,0
4713,2220,6657,0.4000,0.0022,0,0,0,1
4714,316,23,1.0000,0.0000,0,0,0,0
4715,498,39,1.0000,0.0000,0,0,0,0
4716,824,1182,0.2500,0.0000,0,0,1,0
4717,42,59,1.0000,0.0000,0,0,0,0
4718,253,1034,0.0000,0.1414,0,0,0,1
4719,1538,5,0.2500,0.0000,0,0,1,0
4720,64,322,1.0000,0.0847,0,0,0,0
4721,298,701,0.0000,0.0977,0,0,0,0
4722,306,220,1.0000,0.0000,0,0,0,0
4723,399,250,0.5000,0.0000,0,0,0,0
4724,2266,244,0.3333,0.1143,0,0,1,0
4725,1303,3546,0.5000,0.0622,0,0,1,0
4726,1370,1776,1.0000,0.0179,0,0,0,0
4727,573,126,0.5000,0.0000,0,0,0,0
4728,277,194,0.0000,0.2963,0,0,1,0
4729,258,653,0.0000,0.0000,0,0,0,0
4730,928,4472,0.5000,0.0481,0,0,1,1
4731,1613,253,1.0000,0.3158,0,0,1,1
4732,445,400,1.0000,0.0000,0,0,0,0
4733,948,381,0.6667,0.0000,0,0,1,0
4734,234,157,0.0000,0.0000,0,0,0,0
4735,868,2037,0.5000,0.0871,0,0,0,1
4736,401,1163,0.0000,0.0444,0,0,0,1
4737,236,79,1.0000,0.0000,0,0,0,0
4738,1819,7,0.2500,0.0000,0,0,1,0
4739,63,292,1.0000,0.0000,1,0,0,0
4740,308,17,1.0000,0.0000,0,0,0,0
4741,1001,758,0.0000,0.0526,0,0,0,0
4742,512,692,1.0000,0.0000,0,0,0,0
4743,800,519,1.0000,0.0000,0,0,0,0
4744,310,18,1.0000,0.0000,0,0,0,0
4745,454,114,1.0000,0.0000,0,0,0,0
4746,1838,7,0.2500,0.0000,0,0,1,0
4747,711,1544,0.2500,0.0855,0,0,1,0
4748,1493,1512,0.4000,0.1961,0,0,1,1
4749,1405,2369,0.5000,0.1845,0,0,1,1
4750,2465,1829,1.0000,0.0064,0,0,0,0
4751,249,1167,0.3333,0.0414,1,0,0,0
4752,226,1753,0.0000,0.0738,0,0,0,1
4753,1123,2560,0.6000,0.0344,0,0,0,1
4754,125,991,0.0000,0.0000,0,0,0,0
4755,780,99,1.0000,0.0000,0,0,0,0
4756,21,26,1.0000,0.0000,0,0,0,0
4757,893,2130,0.5000,0.0381,0,0,1,1
4758,1208,2173,0.4000,0.1476,0,0,1,1
4759,318,25,1.0000,0.0000,0,0,0,0
4760,526,1762,0.5000,0.0036,0,0,0,1
4761,731,1070,0.0000,0.0625,0,0,0,0
4762,986,2618,0.6667,0.0252,1,0,0,1
4763,35,18,0.0000,0.0000,0,0,0,0
4764,702,476,1.0000,0.0000,0,0,0,0
4765,2602,295,0.5000,0.7174,0,0,0,0
4766,211,161,0.0000,0.0000,0,0,0,0
4767,491,658,0.0000,0.0278,0,0,0,0
4768,236,746,0.3333,0.0244,0,0,0,0
4769,796,3019,0.2000,0.1159,0,0,1,1
4770,1527,2928,0.2500,0.2056,0,0,1,0
4771,1082,1688,0.4000,0.1298,0,0,1,1
4772,75,187,1.0000,0.0000,0,0,0,0
4773,116,714,0.0000,0.0087,0,0,0,0
4774,170,1791,0.0000,0.0102,0,0,0,0
4775,149,1752,0.0000,0.0000,0,0,0,0
4776,52,1805,1.0000,0.0000,0,0,0,0
4777,343,5226,0.0000,0.0052,0,0,0,0
4778,375,268,0.0000,0.0000,0,0,0,0
4779,65,2904,0.0000,0.0000,1,1,0,1
4780,500,1423,0.6667,0.0000,0,0,0,0
4781,316,24,1.0000,0.0000,0,0,0,0
4782,73,492,1.0000,0.0649,0,0,0,0
4783,900,654,0.7500,0.0769,0,0,1,0
4784,1440,1231,0.6667,0.0787,0,0,1,1
4785,1825,7,0.2500,0.0000,0,0,1,0
4786,1208,135,0.3333,0.2400,0,0,1,0
4787,1192,1758,0.2000,0.0627,0,0,1,1
4788,599,333,0.2000,0.0000,0,0,0,1
4789,374,1000,0.0000,0.0662,0,0,0,1
4790,119,1144,0.0000,0.0415,0,0,0,0
4791,1400,4333,0.3333,0.0138,0,0,0,1
4792,255,69,1.0000,1.0000,0,0,0,0
4793,1224,3599,0.3333,0.0814,0,0,1,1
4794,1904,1160,0.5000,0.0200,0,0,1,1
4795,874,1974,0.2000,0.0561,0,0,1,1
4796,470,795,0.0000,0.3846,0,0,0,1
4797,70,1289,0.0000,0.0000,0,0,0,0
4798,22,343,0.0000,0.0256,0,0,0,0
4799,827,2424,0.6667,0.0046,0,0,1,1
4800,1855,2678,0.0000,0.0457,0,0,0,1
4801,258,61,1.0000,0.0000,0,0,0,0
4802,1625,530,0.5000,0.0217,0,0,1,1
4803,879,2712,0.0000,0.0296,0,0,0,1
4804,490,546,0.0000,0.1690,0,0,0,0
4805,309,17,1.0000,0.0000,0,0,0,0
4806,205,711,0.3333,0.0463,1,0,0,0
4807,254,1069,0.0000,0.0156,1,0,0,0
4808,2307,72,0.0000,0.0000,0,0,1,0
4809,1287,3762,0.5000,0.0832,1,0,1,1
4810,236,50,1.0000,1.0000,0,0,0,0
4811,69,566,1.0000,0.0000,0,0,0,0
4812,1492,7,0.2500,0.0000,0,0,1,0
4813,309,809,1.0000,0.0000,0,0,0,0
4814,833,2252,0.4000,0.0377,0,0,1,1
4815,559,4300,0.2000,0.0017,0,0,0,1
4816,83,1998,0.0000,0.0481,0,0,0,1
4817,1299,2960,0.4000,0.1174,0,0,1,1
4818,1784,223,1.0000,0.2051,0,0,1,1
4819,667,1975,0.0000,0.0066,1,0,0,1
4820,279,202,0.0000,0.0000,0,0,0,0
4821,1785,8,0.2500,0.0000,0,0,1,0
4822,1046,351,0.2500,0.0000,0,0,1,0
4823,3361,3,0.0000,0.0000,0,0,1,0
4824,310,542,0.0000,0.0128,0,0,0,1
4825,44,58,1.0000,0.6190,0,0,0,0
4826,2391,8,0.0000,0.0000,0,0,0,0
4827,613,1543,0.0000,0.0693,0,0,0,1
4828,534,16,1.0000,1.0000,0,0,0,0
4829,1131,2492,0.3333,0.0716,0,0,0,1
4830,668,377,0.6667,0.0000,0,0,1,0
4831,983,5,0.0000,0.0000,0,0,0,0
4832,184,44,1.0000,0.0000,0,0,0,0
4833,311,20,1.0000,0.0000,0,0,0,0
4834,1080,2003,0.3333,0.1391,0,0,1,0
4835,1051,3715,0.6667,0.0316,0,0,1,1
4836,123,58,1.0000,0.6250,0,0,0,0
4837,698,1241,0.5000,0.0622,0,0,1,1
4838,605,1947,0.0000,0.0123,0,0,0,0
4839,316,24,1.0000,0.0000,0,0,0,0
4840,312,22,1.0000,0.0000,0,0,0,0
4841,409,1654,0.3333,0.1033,0,0,0,1
4842,953,740,0.7500,0.0000,0,0,0,0
4843,1475,2983,0.2000,0.1107,0,0,1,1
4844,876,2952,0.2000,0.0137,0,0,1,1
4845,1057,229,1.0000,0.1944,0,0,1,1
4846,746,2139,0.2500,0.0724,0,0,1,0
4847,1909,5,0.2500,0.0000,0,0,1,0
4848,155,112,0.3333,0.1667,0,0,1,0
4849,176,117,0.0000,0.0000,0,0,0,0
4850,1280,2017,0.2500,0.1732,0,0,1,0
4851,99,131,1.0000,0.0476,0,0,0,0
4852,772,640,0.6667,0.0000,0,0,0,0
4853,446,856,0.0000,0.0510,0,0,0,0
4854,317,25,1.0000,0.0000,0,0,0,0
4855,349,426,0.0000,0.0755,0,0,0,0
4856,309,18,1.0000,0.0000,0,0,0,0
4857,1473,3029,0.4000,0.1040,0,0,1,1
4858,364,906,0.0000,0.1295,0,0,0,1
4859,351,998,0.5000,0.0235,1,0,0,0
4860,1676,8,0.2500,0.0000,0,0,1,0
4861,68,339,0.0000,0.0000,0,0,0,0
4862,605,334,1.0000,0.0000,0,0,0,0
4863,310,19,1.0000,0.0000,0,0,0,0
4864,1273,1696,0.5000,0.0198,0,0,1,1
4865,316,24,1.0000,0.0000,0,0,0,0
4866,898,289,0.2000,0.0000,0,0,1,0
4867,1522,2384,0.2000,0.2528,0,0,0,1
4868,318,25,1.0000,1.0000,0,0,0,0
4869,183,469,0.0000,0.0000,0,0,0,0
4870,824,1535,0.6667,0.0680,0,0,1,1
4871,308,17,1.0000,0.0000,0,0,0,0
4872,22,67,1.0000,0.0000,0,0,0,0
4873,1021,357,0.0000,0.0189,0,0,0,0
4874,421,1833,0.0000,0.0077,0,0,0,1
4875,318,28,1.0000,0.0000,0,0,0,0
4876,649,320,0.5000,0.0000,0,0,1,0
4877,430,801,0.0000,0.0179,0,0,0,0
4878,865,3112,0.0000,0.0000,0,0,0,0
4879,113,1467,0.0000,0.0279,0,0,0,0
4880,73,2281,0.0000,0.0000,0,0,0,0
4881,845,151,0.6667,0.0000,0,0,0,0
4882,103,786,1.0000,0.0864,0,0,0,0
4883,46,48,1.0000,0.5714,0,0,0,0
4884,1337,1668,0.5000,0.1727,0,0,1,1
4885,105,2712,0.0000,0.0026,0,0,0,1
4886,314,22,1.0000,0.0000,0,0,0,0
4887,840,1367,0.5000,0.1789,0,0,1,1
4888,443,250,1.0000,0.0000,0,0,0,0
4889,220,28,0.0000,0.0000,0,0,0,0
4890,165,932,1.0000,0.0180,0,0,0,0
4891,88,44,0.0000,0.0000,0,0,0,0
4892,503,1067,0.0000,0.0323,0,0,0,1
4893,1682,3,0.0000,0.0000,0,0,1,0
4894,581,1452,0.3333,0.0268,0,0,0,1
4895,973,1502,0.0000,0.1368,0,0,0,0
4896,310,18,1.0000,0.0000,0,0,0,0
4897,927,1652,0.4000,0.0000,0,0,0,1
4898,208,1007,0.0000,0.0311,0,0,0,0
4899,60,143,0.0000,0.1429,0,0,0,0
4900,316,26,1.0000,1.0000,0,0,0,0
4901,922,2760,0.5000,0.0000,1,0,1,0
4902,1117,2767,0.2500,0.0318,0,0,1,1
4903,856,2579,0.8333,0.0864,0,0,1,1
4904,307,361,1.0000,0.0000,0,0,0,0
4905,1169,4044,0.4000,0.0525,0,0,0,1
4906,558,465,1.0000,0.0000,0,0,0,0
4907,1231,489,0.2500,0.0000,0,0,1,0
4908,316,24,1.0000,0.0000,0,0,0,0
4909,1742,1434,0.5000,0.0553,0,0,1,1
4910,1092,586,1.0000,0.0536,0,0,0,0
4911,317,24,1.0000,0.0000,0,0,0,0
4912,63,2398,0.0000,0.0358,0,0,0,1
4913,3553,41,0.0000,0.0000,0,0,0,0
4914,288,241,0.0000,0.0000,0,0,0,0
4915,78,2600,0.0000,0.0000,0,0,0,1
4916,1038,2111,0.5000,0.1429,0,0,1,0
4917,277,1412,0.0000,0.0292,0,0,0,0
4918,284,935,0.5000,0.0000,0,0,0,0
4919,1777,7,0.2500,0.0000,0,0,1,0
4920,429,787,0.0000,0.0721,0,0,0,0
4921,173,2072,0.0000,0.0030,0,0,0,0
4922,148,926,1.0000,0.0000,0,0,0,0
4923,1730,836,0.6000,0.0000,1,0,1,0
4924,554,1426,0.0000,0.0469,0,0,0,1
4925,1762,76,0.3333,0.5000,0,0,1,0
4926,804,881,0.0000,0.0225,0,0,0,0
4927,586,3628,0.0000,0.0050,0,0,0,0
4928,654,347,0.6667,0.0000,0,0,0,0
4929,315,599,0.3333,0.1216,0,0,0,0
4930,1064,2618,0.2500,0.0499,0,0,1,1
4931,291,288,1.0000,0.0682,0,0,0,0
4932,329,908,0.2500,0.0000,0,0,0,1
4933,146,1567,0.5000,0.0040,0,0,0,0
4934,960,2583,0.5000,0.0724,0,0,1,1
4935,245,1704,0.0000,0.0000,0,0,0,0
4936,476,437,0.0000,0.1455,0,0,0,0
4937,2411,41,0.0000,0.0000,0,0,0,0
4938,318,26,1.0000,0.0000,0,0,0,0
4939,605,6,0.5000,0.0000,0,0,0,0
4940,1898,1688,0.0000,0.2595,0,0,0,0
4941,36,541,0.0000,0.0000,0,0,0,0
4942,386,555,0.0000,0.0543,0,0,0,0
4943,1464,3,0.0000,0.0000,0,0,1,0
4944,312,2291,0.0000,0.0058,1,0,0,0
4945,469,1910,0.0000,0.0093,0,0,0,0
4946,315,26,1.0000,0.0000,0,0,0,0
4947,318,26,1.0000,0.0000,0,0,0,0
4948,76,9,1.0000,0.0000,0,0,0,0
4949,187,963,0.0000,0.0000,1,0,0,0
4950,1392,360,0.6667,0.0000,0,0,1,0
4951,1440,2769,0.4000,0.0564,0,0,1,1
4952,1629,7,0.2500,0.0000,0,0,1,0
4953,374,347,1.0000,0.0000,0,0,1,1
4954,925,1093,0.6667,0.0000,0,0,0,0
4955,15,54,0.0000,0.0000,0,0,0,0
4956,1060,2540,0.7500,0.1072,0,0,1,1
4957,1374,3290,0.2000,0.0725,0,0,1,1
4958,150,924,1.0000,0.0066,0,0,0,0
4959,510,1260,0.0000,0.0924,0,0,0,1
4960,28,622,0.0000,0.0106,0,0,0,1
4961,116,40,1.0000,0.0000,0,0,0,0
4962,1257,5101,0.4000,0.1929,0,0,1,1
4963,123,1618,0.0000,0.0288,0,0,0,1
4964,490,751,0.0000,0.1000,0,0,0,1
4965,1826,7,0.2500,0.0000,0,0,1,0
4966,878,1275,0.3333,0.0000,0,0,0,0
4967,852,454,1.0000,0.1912,0,0,0,0
4968,1276,269,0.0000,0.0000,0,0,0,0
4969,311,20,1.0000,0.0000,0,0,0,0
4970,453,671,1.0000,0.0000,0,0,0,0
4971,1093,635,0.6667,0.0000,0,0,0,0
4972,784,875,0.3333,0.0320,0,0,0,0
4973,1089,2307,0.2500,0.0818,0,0,1,0
4974,868,763,0.6667,0.0000,0,0,1,0
4975,204,77,0.6667,0.0769,0,0,1,0
4976,1097,1328,0.0000,0.0182,0,0,0,0
4977,34,93,1.0000,0.0000,0,0,0,0
4978,1360,2533,0.2000,0.1475,0,0,1,1
4979,802,2056,0.0000,0.0396,0,0,0,1
4980,1649,5,0.2500,0.0000,0,0,1,0
4981,72,918,0.0000,0.0000,0,0,0,0
4982,1302,472,0.0000,0.0390,0,0,1,0
4983,309,18,1.0000,0.0000,0,0,0,0
4984,53,392,1.0000,0.0000,0,0,0,0
4985,2559,8,0.0000,0.0000,0,0,0,0
4986,960,8,0.0000,0.0000,0,0,0,0
4987,195,2,1.0000,0.0000,0,0,0,0
4988,395,1567,0.0000,0.1507,0,0,0,1
4989,319,27,1.0000,0.0000,0,0,0,0
4990,976,1167,0.6667,0.0000,0,0,1,0
4991,18,539,1.0000,0.0000,0,0,0,0
4992,309,18,1.0000,0.0000,0,0,0,0
4993,387,15,0.0000,0.0000,0,0,0,0
4994,837,1909,1.0000,0.1713,0,0,1,1
4995,256,1697,0.2500,0.0076,0,0,0,1
4996,1724,3602,0.2500,0.0363,0,0,0,1
4997,84,46,0.0000,0.6667,0,0,0,0
4998,192,123,0.5000,0.1875,0,0,0,0
4999,85,2413,0.0000,0.0000,0,0,0,1
5000,718,257,1.0000,0.0000,0,0,0,0
5001,344,188,0.0000,0.0000,0,0,0,0
5002,1160,3030,0.4000,0.0162,0,0,1,1
5003,315,22,1.0000,0.0000,0,0,0,0
5004,315,308,0.0000,0.0238,0,0,0,1
5005,595,961,0.0000,0.0577,0,0,0,0
5006,313,248,1.0000,0.0000,0,0,0,0
5007,78,461,1.0000,0.0000,0,0,0,0
5008,467,306,1.0000,0.0000,0,0,0,0
5009,345,566,0.0000,0.1639,0,0,0,0
5010,196,1693,0.0000,0.0000,0,0,0,0
5011,1114,3548,0.2500,0.0020,0,0,0,1
5012,408,439,0.0000,0.0714,0,0,0,0
5013,1786,2315,0.2000,0.0861,0,0,0,1
5014,2135,4420,0.5000,0.2607,1,0,1,1
5015,28,28,0.0000,0.0000,0,0,0,0
5016,652,2032,0.6667,0.0865,0,0,1,1
5017,1103,3051,0.2000,0.0637,0,0,1,1
5018,308,16,1.0000,0.0000,0,0,0,0
5019,2197,3158,0.2500,0.1344,0,0,0,1
5020,2092,3751,0.2500,0.1077,0,0,0,1
5021,907,1484,0.4000,0.1333,0,0,1,1
5022,106,1050,1.0000,0.0000,0,0,0,0
5023,510,327,1.0000,0.0000,0,0,0,0
5024,448,449,0.0000,0.0000,0,0,0,0
5025,816,2172,0.3333,0.0397,0,0,0,1
5026,121,2252,0.0000,0.0000,0,0,0,0
5027,75,2925,0.0000,0.0000,0,0,0,1
5028,71,819,0.0000,0.0000,0,0,0,0
5029,656,592,1.0000,0.0000,0,0,0,0
5030,310,19,1.0000,0.0000,0,0,0,0
5031,1748,1305,0.2500,0.0000,0,0,1,0
5032,1470,2327,0.4000,0.1323,0,0,1,1
5033,1579,2692,0.2500,0.2102,0,0,1,0
5034,388,402,0.0000,0.1000,0,0,0,0
5035,637,1609,0.5000,0.0259,1,0,0,0
5036,1206,132,0.0000,0.2500,0,0,1,0
5037,1352,2407,0.4000,0.0821,1,0,0,1
5038,1943,5,0.2500,0.0000,0,0,1,0
5039,420,190,1.0000,0.0952,0,0,0,0
5040,316,24,1.0000,0.0000,0,0,0,0
5041,462,1022,0.0000,0.0769,0,0,0,1
5042,334,497,0.0000,0.1429,0,0,0,0
5043,111,874,0.0000,0.0000,0,0,0,1
5044,424,1363,1.0000,0.0450,0,0,0,0
5045,529,881,0.0000,0.0105,0,0,0,1
5046,796,952,0.3333,0.0538,0,0,0,1
5047,103,597,1.0000,0.0102,0,0,0,0
5048,1121,1954,0.5000,0.1023,0,0,1,1
5049,1421,2980,0.7500,0.1394,0,0,1,1
5050,286,575,0.0000,0.0000,0,0,0,0
5051,86,584,1.0000,0.0112,0,0,0,0
5052,1369,2513,0.2500,0.1675,0,0,1,0
5053,870,1878,0.2500,0.0456,0,0,0,1
5054,85,528,0.0000,0.0263,0,0,0,0
5055,2054,100,0.0000,0.1875,0,0,0,0
5056,733,4663,0.0000,0.0000,0,0,0,0
5057,202,3841,0.0000,0.0021,1,0,0,1
5058,1616,680,0.5000,0.0430,0,0,1,0
5059,81,329,0.3333,0.0408,0,0,0,0
5060,677,987,0.2500,0.0117,0,0,0,1
5061,520,575,1.0000,0.0353,0,0,0,0
5062,251,1019,0.3333,0.0077,1,0,0,0
5063,160,1229,0.2500,0.0486,1,0,0,0
5064,523,872,0.3333,0.0000,1,0,0,0
5065,44,1748,0.0000,0.0219,0,0,0,1
5066,207,393,1.0000,0.2077,0,0,0,0
5067,1554,7,0.2500,0.0000,0,0,1,0
5068,227,629,0.0000,0.0992,0,0,0,0
5069,406,1270,0.0000,0.0372,0,0,0,1
5070,545,1133,0.0000,0.0612,0,0,0,0
5071,412,380,0.0000,0.0600,0,0,0,0
5072,346,248,0.0000,0.0930,0,0,0,0
5073,413,266,0.0000,0.3077,0,0,0,0
5074,307,15,1.0000,0.0000,0,0,0,0
5075,265,3105,0.0000,0.0022,1,0,0,0
5076,1107,1029,0.6667,0.0312,0,0,1,1
5077,36,112,0.0000,0.0000,0,0,0,0
5078,647,658,0.5000,0.0000,0,0,0,0
5079,1328,2405,0.6000,0.0796,0,0,1,1
5080,80,1253,0.0000,0.0486,0,0,0,0
5081,102,567,1.0000,0.0000,0,0,0,0
5082,1248,2574,0.4000,0.1054,0,0,1,1
5083,701,621,1.0000,0.0000,0,0,0,0
5084,785,2580,0.5000,0.0477,0,0,1,1
5085,82,1936,0.0000,0.0000,0,0,0,1
5086,138,1001,0.0000,0.0000,0,0,0,0
5087,316,24,1.0000,0.0000,0,0,0,0
5088,1349,1274,1.0000,0.0000,0,0,0,0
5089,151,2972,0.0000,0.0000,0,0,0,0
5090,229,260,0.0000,0.0652,0,0,0,0
5091,160,48,1.0000,0.0000,0,0,0,0
5092,210,535,1.0000,0.3943,0,0,0,0
5093,945,2283,0.2500,0.1910,0,0,1,0
5094,648,5,0.0000,0.0000,0,0,0,0
5095,494,1862,0.5000,0.0000,0,0,0,1
5096,259,831,0.6667,0.1440,0,0,1,0
5097,299,1174,0.3333,0.0610,0,0,0,0
5098,918,485,1.0000,0.0000,0,0,0,0
5099,312,20,1.0000,0.0000,0,0,0,0
5100,694,614,0.2500,0.0000,0,0,1,0
5101,7,97,1.0000,0.0000,0,0,0,0
5102,4065,8,0.0000,0.0000,0,0,0,0
5103,1790,128,0.3333,0.4091,0,0,1,0
5104,121,65,0.0000,0.3750,0,0,0,0
5105,435,2312,0.0000,0.0062,0,0,0,0
5106,703,2289,0.3333,0.0973,0,0,1,0
5107,449,1088,0.0000,0.1053,0,0,0,1
5108,788,1793,0.7500,0.0276,1,0,1,0
5109,94,1639,0.0000,0.0367,1,0,0,0
5110,1240,2681,0.2000,0.0738,0,0,1,1
5111,295,711,1.0000,0.0000,0,0,0,0
5112,258,2351,0.0000,0.0000,0,0,0,0
5113,149,1532,0.0000,0.0000,0,0,0,0
5114,783,426,1.0000,0.0196,0,0,0,0
5115,256,188,0.5000,0.0606,0,0,0,0
5116,663,1135,0.0000,0.0803,0,0,0,0
5117,1751,2223,0.7500,0.0221,0,0,1,1
5118,1316,3245,0.2000,0.0998,0,0,0,1
5119,240,103,1.0000,1.0000,0,0,0,0
5120,818,1613,0.6667,0.0988,1,0,1,1
5121,1218,609,0.6667,0.0000,0,0,1,0
5122,155,299,0.0000,0.2034,0,0,0,0
5123,59,333,1.0000,0.0000,0,0,0,0
5124,601,288,1.0000,0.0000,0,0,0,0
5125,672,400,1.0000,0.0282,0,0,0,0
5126,1711,5,0.2500,0.0000,0,0,1,0
5127,1148,3153,0.5000,0.0492,0,0,1,1
5128,721,18,0.0000,0.0000,0,0,0,0
5129,100,2143,0.0000,0.0431,0,0,0,1
5130,245,55,0.0000,0.0000,0,0,0,0
5131,221,433,0.0000,0.0135,1,0,0,0
5132,642,345,0.6667,0.0000,0,0,1,0
5133,388,446,0.0000,0.0933,0,0,0,0
5134,724,1435,0.3333,0.0661,0,0,0,1
5135,1859,83,0.3333,0.0667,0,0,1,0
5136,2102,104,0.0000,0.0625,0,0,0,0
5137,1286,2639,0.5000,0.0771,0,0,1,1
5138,858,590,1.0000,0.0000,0,0,0,0
5139,314,310,1.0000,0.1064,0,0,0,0
5140,300,6086,0.3333,0.0012,0,0,0,1
5141,581,1108,0.0000,0.0462,0,0,0,1
5142,311,19,1.0000,0.0000,0,0,0,0
5143,2486,5,0.0000,0.0000,0,0,0,0
5144,963,2312,0.2500,0.0000,0,0,1,0
5145,116,1935,0.0000,0.0079,0,0,0,0
5146,884,578,0.6667,0.1216,0,0,1,0
5147,98,391,1.0000,0.0909,0,0,0,0
5148,207,57,0.0000,0.2500,0,0,0,0
5149,315,22,1.0000,0.0000,0,0,0,0
5150,1338,2277,0.2500,0.0399,1,0,0,0
5151,33,1302,1.0000,0.0000,0,0,0,0
5152,316,23,1.0000,0.0000,0,0,0,0
5153,265,322,1.0000,0.0000,0,0,0,0
5154,845,3063,0.5000,0.0316,0,0,0,1
5155,263,67,0.0000,0.0000,0,0,0,0
5156,1760,5,0.2500,0.0000,0,0,1,0
5157,1008,2014,0.0000,0.0235,0,0,0,0
5158,1670,1262,0.5000,0.0044,0,0,1,1
5159,564,634,1.0000,0.0000,0,0,0,0
5160,147,2134,0.0000,0.0260,0,0,0,1
5161,1051,1361,0.5000,0.0000,0,0,1,0
5162,1206,3303,0.6667,0.0144,0,0,1,0
5163,945,4651,0.0000,0.0062,0,0,0,1
5164,1593,4476,0.2500,0.0176,0,0,0,1
5165,315,26,1.0000,0.0000,0,0,0,0
5166,528,917,0.5000,0.0069,1,0,1,0
5167,1276,956,0.5000,0.0000,0,0,1,0
5168,516,394,1.0000,0.0000,0,0,0,0
5169,860,728,0.2500,0.0000,0,0,1,0
5170,518,724,0.0000,0.1429,0,0,0,0
5171,1747,1736,0.5000,0.0546,1,0,0,0
5172,1162,3896,0.2500,0.0000,0,0,0,1
5173,96,33,0.0000,0.0000,0,0,0,0
5174,1731,7,0.2500,0.0000,0,0,1,0
5175,1123,1282,1.0000,0.0316,0,0,1,1
5176,74,2315,0.0000,0.0000,1,0,0,1
5177,744,961,0.0000,0.1230,0,0,0,1
5178,88,15,0.0000,1.0000,0,0,0,0
5179,309,18,1.0000,0.0000,0,0,0,0
5180,455,86,0.0000,0.0000,0,0,0,0
5181,482,991,0.0000,0.0741,0,0,0,0
5182,223,437,0.0000,0.0602,0,0,0,0
5183,416,1699,0.0000,0.0110,0,0,0,1
5184,584,596,0.5000,0.1343,1,0,0,0
5185,1106,785,0.6667,0.0000,0,0,1,0
5186,1109,1044,0.2500,0.0066,0,0,1,0
5187,343,1610,0.0000,0.0000,0,0,0,1
5188,1103,2087,0.2500,0.0947,0,0,1,0
5189,90,456,0.0000,0.0000,0,0,0,0
5190,166,2689,0.0000,0.0093,0,0,0,1
5191,267,487,0.0000,0.2474,0,0,0,0
5192,622,1425,0.3333,0.0472,0,0,0,1
5193,1264,2597,1.0000,0.0077,0,0,0,0
5194,307,16,1.0000,0.0000,0,0,0,0
5195,1611,3636,0.5000,0.1420,0,0,1,1
5196,1202,2463,0.4000,0.1659,0,0,1,1
5197,43,15,0.0000,0.0000,0,0,0,0
5198,1717,7,0.2500,0.0000,0,0,1,0
5199,448,591,1.0000,0.0000,0,0,0,0
5200,1792,8,0.2500,0.0000,0,0,1,0
5201,400,2470,0.0000,0.0000,1,0,0,1
5202,312,21,1.0000,0.0000,0,0,0,0
5203,662,2747,0.4000,0.0959,0,0,1,1
5204,306,15,1.0000,0.0000,0,0,0,0
5205,561,916,0.0000,0.0603,0,0,0,0
5206,603,970,0.0000,0.1494,0,0,0,0
5207,854,773,0.3333,0.0000,0,0,0,0
5208,119,2533,1.0000,0.0241,0,0,0,0
5209,356,1970,0.5000,0.0105,0,0,0,0
5210,474,3,0.0000,0.0000,0,0,0,0
5211,623,309,0.6667,0.0000,0,0,1,0
5212,94,280,0.2500,0.0204,0,0,0,0
5213,1786,3308,0.6000,0.0441,0,0,1,1
5214,746,912,0.0000,0.0204,0,0,0,0
5215,142,310,1.0000,0.0208,0,0,0,0
5216,1554,8,0.2500,0.0000,0,0,1,0
5217,149,278,0.0000,0.0000,0,0,0,0
5218,1189,260,0.4000,0.0000,0,0,1,0
5219,456,807,0.0000,0.0448,0,0,0,0
5220,821,57,0.0000,0.2857,0,0,0,0
5221,315,25,1.0000,0.0000,0,0,0,0
5222,1618,60,1.0000,0.2000,0,0,0,0
5223,307,16,1.0000,0.0000,0,0,0,0
5224,732,321,1.0000,0.0000,0,0,0,0
5225,422,502,0.0000,0.4925,0,0,0,1
5226,622,693,0.6667,0.0120,0,0,0,0
5227,371,1981,0.0000,0.0000,0,0,0,0
5228,508,765,0.0000,0.2295,0,0,0,1
5229,1186,1617,0.6667,0.2199,1,0,1,0
5230,204,2275,0.0000,0.0000,0,0,0,1
5231,248,62,1.0000,1.0000,0,0,0,0
5232,461,1003,0.0000,0.0565,0,0,0,1
5233,915,345,1.0000,0.0600,0,0,0,0
5234,72,32,1.0000,0.0000,0,0,0,0
5235,801,1051,0.6000,0.1429,1,0,1,1
5236,1256,3007,0.3333,0.0968,0,0,0,1
5237,240,1581,0.0000,0.0119,1,0,0,1
5238,310,20,1.0000,0.0000,0,0,0,0
5239,808,1177,0.5000,0.0104,0,0,0,0
5240,157,2416,0.0000,0.0224,0,0,0,0
5241,76,5096,0.0000,0.0101,0,0,0,1
5242,875,1821,0.5000,0.1196,0,0,1,1
5243,50,4398,0.0000,0.0057,0,0,0,1
5244,76,2606,0.0000,0.0000,0,0,0,1
5245,1735,8,0.2500,0.0000,0,0,1,0
5246,42,1372,0.0000,0.0000,0,0,0,0
5247,1498,5,0.2500,0.0000,0,0,1,0
5248,807,1755,0.2500,0.2580,0,0,1,0
5249,316,24,1.0000,0.0000,0,0,0,0
5250,34,302,1.0000,0.0000,0,0,0,0
5251,362,442,0.0000,0.2245,0,0,0,0
5252,1097,1037,0.6667,0.1910,0,0,1,0
5253,553,1564,0.0000,0.0260,0,0,0,0
5254,1597,2980,0.4000,0.0958,0,0,1,1
5255,1413,1594,0.5000,0.0678,0,0,1,0
5256,1759,7,0.2500,0.0000,0,0,1,0
5257,315,23,1.0000,0.0000,0,0,0,0
5258,85,1474,0.0000,0.0000,0,0,0,0
5259,194,504,0.0000,0.0366,0,0,0,0
5260,42,316,0.0000,0.0000,0,0,0,1
5261,977,2359,0.5000,0.0518,0,0,1,1
5262,929,607,0.2500,0.0000,0,0,1,0
5263,598,996,0.3333,0.0000,0,0,0,0
5264,43,577,1.0000,0.0000,1,0,0,0
5265,503,1407,0.0000,0.0817,0,0,0,1
5266,2343,300,1.0000,0.0000,0,0,0,0
5267,1701,1662,0.2000,0.0580,0,0,1,0
5268,682,1017,0.3333,0.0000,0,0,0,0
5269,68,1586,0.0000,0.0000,1,0,0,1
5270,373,1183,0.0000,0.0355,0,0,0,1
5271,809,411,0.6667,0.0000,0,0,0,0
5272,1667,832,0.6667,0.0720,0,0,1,1
5273,137,720,0.5000,0.0000,1,0,0,0
5274,875,3244,0.2000,0.0294,0,0,1,1
5275,507,2262,0.3333,0.0230,0,0,0,1
5276,64,37,1.0000,0.0000,0,0,0,0
5277,107,1767,0.0000,0.0000,0,0,0,1
5278,1954,122,0.3333,0.2727,0,0,1,0
5279,1531,2215,0.2500,0.0808,0,0,1,0
5280,212,153,1.0000,0.7059,0,0,0,0
5281,489,655,0.5000,0.1268,0,0,0,0
5282,80,2359,0.0000,0.0057,0,0,0,1
5283,877,1639,0.2000,0.0848,0,0,1,1
5284,1196,3,0.0000,0.0000,0,0,1,0
5285,1981,4340,0.2500,0.2225,0,0,0,1
5286,247,433,0.5000,0.0563,0,0,0,0
5287,77,1508,0.0000,0.0193,0,0,0,0
5288,334,297,0.0000,0.4000,0,0,0,0
5289,614,1059,0.0000,0.1295,0,0,0,0
5290,313,3190,0.0000,0.0027,1,0,0,0
5291,1729,8,0.2500,0.0000,0,0,1,0
5292,1736,4219,0.2000,0.0475,0,0,0,1
5293,1279,2083,0.5000,0.1342,0,0,1,1
5294,1755,7,0.2500,0.0000,0,0,1,0
5295,81,697,0.0000,0.0000,0,0,0,0
5296,1974,1814,0.6000,0.1122,0,0,1,1
5297,1387,3957,0.2000,0.0239,0,0,1,1
5298,2011,2535,0.4000,0.0265,0,0,0,1
5299,985,2240,0.5000,0.2266,0,0,1,1
5300,69,1290,0.0000,0.0000,0,0,0,0
5301,301,753,0.5000,0.0569,0,0,0,0
5302,1146,1416,0.6667,0.1889,0,0,1,1
5303,33,58,1.0000,0.0000,0,0,0,0
5304,177,1601,0.0000,0.0000,0,0,0,0
5305,264,506,0.6667,0.0833,0,0,1,0
5306,1224,561,0.5000,0.0781,0,0,0,0
5307,100,343,1.0000,0.0000,0,0,0,0
5308,1911,7,0.2500,0.0000,0,0,1,0
5309,179,249,0.0000,0.0000,0,0,0,0
5310,158,463,0.0000,0.0947,0,0,0,0
5311,1738,1821,1.0000,0.0547,0,0,1,1
5312,451,1828,0.0000,0.0189,0,0,0,1
5313,1134,3207,0.2500,0.1349,0,0,1,0
5314,1079,2708,0.6000,0.0868,1,0,1,1
5315,307,16,1.0000,0.0000,0,0,0,0
5316,669,594,0.5000,0.0000,0,0,1,0
5317,1260,3189,0.2500,0.0431,0,0,1,1
5318,792,650,1.0000,0.0103,0,0,0,0
5319,155,1152,0.0000,0.0000,0,0,0,0
5320,308,17,1.0000,0.0000,0,0,0,0
5321,1137,3336,0.2000,0.0906,0,0,1,1
5322,132,143,0.0000,0.0000,0,0,0,0
5323,904,308,0.3333,0.0000,0,0,1,0
5324,114,652,0.0000,0.0000,0,0,0,0
5325,41,2402,0.0000,0.0000,1,0,0,0
5326,142,458,1.0000,0.1250,0,0,0,0
5327,2616,1915,0.2500,0.0000,0,0,0,1
5328,3056,3,0.0000,0.0000,0,0,1,0
5329,318,28,1.0000,0.0000,0,0,0,0
5330,482,201,0.0000,0.5667,0,0,0,0
5331,316,27,1.0000,0.0000,0,0,0,0
5332,1953,5,0.2500,0.0000,0,0,1,0
5333,279,2266,0.0000,0.0000,0,0,0,0
5334,387,933,0.0000,0.0395,0,0,0,1
5335,26,52,0.0000,0.0000,0,0,0,0
5336,304,2359,0.0000,0.0000,0,0,0,0
5337,886,1268,0.0000,0.0638,0,0,0,1
5338,776,158,0.1667,0.0000,0,0,1,0
5339,2138,1150,0.5000,0.0213,0,0,1,1
5340,1328,2355,0.4000,0.0279,0,0,1,1
5341,449,963,0.3333,0.0000,0,0,0,0
5342,266,41,0.5000,0.0000,0,0,0,0
5343,1260,109,0.3333,0.0000,0,0,1,0
5344,230,2143,0.0000,0.0217,0,0,0,1
5345,307,16,1.0000,0.0000,0,0,0,0
5346,2853,8,0.0000,0.0000,0,0,0,0
5347,910,396,0.6667,0.0000,0,0,1,0
5348,86,2459,0.0000,0.0000,0,0,0,1
5349,66,160,0.0000,0.5000,0,0,0,0
5350,1561,7,0.2500,0.0000,0,0,1,0
5351,429,1348,0.0000,0.0263,0,0,0,1
5352,787,1308,0.3333,0.0000,0,0,1,0
5353,1403,1626,0.6667,0.0637,0,0,1,1
5354,62,405,1.0000,0.0794,1,0,0,0
5355,347,928,0.5000,0.0063,0,0,0,0
5356,112,632,0.3333,0.0208,1,0,0,0
5357,1662,8,0.2500,0.0000,0,0,1,0
5358,4213,2734,0.2500,0.0958,0,0,0,1
5359,335,1858,0.0000,0.0206,0,0,0,1
5360,1127,1675,0.4000,0.1207,0,0,1,1
5361,1261,514,0.3333,0.0000,0,0,1,0
5362,163,1459,0.0000,0.0316,0,0,0,0
5363,1092,3132,0.4000,0.0818,0,0,1,0
5364,474,315,1.0000,0.0000,0,0,0,0
5365,615,1066,0.0000,0.0702,0,0,0,0
5366,1232,4982,0.6667,0.0353,0,0,1,1
5367,1653,1392,0.7500,0.0723,0,0,1,1
5368,185,665,0.0000,0.0000,0,0,0,0
5369,1788,2912,0.2500,0.2181,0,0,1,0
5370,305,577,0.5000,0.6322,0,0,0,0
5371,286,1261,0.0000,0.0466,0,0,0,0
5372,68,60,0.0000,0.2500,0,0,0,0
5373,782,1151,0.0000,0.0940,0,0,0,0
5374,614,139,0.6667,0.0000,0,0,0,0
5375,316,23,1.0000,0.0000,0,0,0,0
5376,355,760,0.0000,0.0606,0,0,0,0
5377,859,1187,0.0000,0.0698,0,0,0,0
5378,522,378,0.6667,0.0000,0,0,1,0
5379,106,975,0.0000,0.0000,0,0,0,1
5380,1428,698,0.5000,0.0000,0,0,1,0
5381,224,851,0.0000,0.0000,0,0,0,0
5382,844,418,1.0000,0.1607,0,0,0,0
5383,629,2014,0.5000,0.1059,0,0,0,0
5384,735,2568,0.0000,0.0425,0,0,0,1
5385,435,849,0.0000,0.1486,0,0,0,1
5386,228,106,0.0000,0.2000,0,0,0,0
5387,3326,353,1.0000,0.0000,0,0,0,0
5388,1234,3453,0.4000,0.0703,0,0,0,1
5389,987,1323,0.0000,0.1418,0,0,0,0
5390,1103,1941,0.5000,0.0954,0,0,1,1
5391,562,10,1.0000,0.0000,0,0,0,0
5392,486,69,0.0000,0.0000,0,0,0,0
5393,1904,7,0.2500,0.0000,0,0,1,0
5394,1336,2183,0.2500,0.0547,0,0,1,0
5395,130,485,0.0000,0.1209,0,0,0,0
5396,2629,1798,0.3333,0.0000,0,0,0,0
5397,141,253,1.0000,0.0682,0,0,0,0
5398,961,2538,0.2500,0.0338,0,0,1,1
5399,522,1904,0.2500,0.0000,0,0,0,1
5400,22,17,1.0000,0.0000,0,0,0,0
5401,97,44,1.0000,0.0000,0,0,0,0
5402,950,1713,0.4000,0.0797,0,0,1,1
5403,188,1230,0.0000,0.1591,0,0,1,0
5404,318,25,1.0000,0.0000,0,0,0,0
5405,837,3367,0.5000,0.0435,0,0,1,1
5406,737,2400,1.0000,0.0778,0,0,1,1
5407,774,1035,0.2500,0.0000,0,0,1,0
5408,387,486,0.0000,0.2459,0,0,0,0
5409,260,1,0.0000,0.0000,0,0,0,0
5410,669,1103,0.0000,0.0739,0,0,0,1
5411,383,388,0.0000,0.0645,0,0,1,0
5412,197,1054,0.3333,0.0455,0,0,0,0
5413,39,816,0.0000,0.0168,0,0,0,0
5414,565,118,0.6667,0.0000,0,0,0,0
5415,794,1423,0.2500,0.1909,0,0,1,1
5416,316,24,1.0000,0.0000,0,0,0,0
5417,576,318,0.6667,0.0278,0,0,0,0
5418,791,1891,1.0000,0.0643,0,0,0,0
5419,1836,8,0.0000,0.0000,0,0,0,0
5420,81,558,0.0000,0.0000,1,0,0,1
5421,94,459,0.0000,0.1026,1,0,0,0
5422,387,460,1.0000,0.0000,0,0,0,0
5423,1149,2658,0.5000,0.1671,0,0,1,1
5424,320,30,1.0000,0.0000,0,0,0,0
5425,1632,1303,0.7500,0.0186,0,0,1,1
5426,310,18,1.0000,0.0000,0,0,0,0
5427,85,2704,0.0000,0.0079,1,0,0,1
5428,1745,253,0.2500,0.0000,0,0,1,0
5429,528,905,0.0000,0.2207,0,0,0,1
5430,2665,1738,0.3333,0.1389,0,0,0,0
5431,160,1221,0.3333,0.0281,0,0,0,1
5432,649,342,1.0000,0.0000,0,0,0,0
5433,17,139,1.0000,0.0000,0,0,0,0
5434,947,2824,0.4000,0.0565,0,0,1,1
5435,1701,5,0.2500,0.0000,0,0,1,0
5436,310,19,1.0000,0.0000,0,0,0,0
5437,2955,6649,0.2500,0.0011,0,0,0,1
5438,836,538,1.0000,0.3088,0,0,0,0
5439,1370,87,0.0000,0.5000,0,0,0,0
5440,311,22,1.0000,0.0000,0,0,0,0
5441,1704,5,0.2500,0.0000,0,0,1,0
5442,175,125,0.0000,0.0000,0,0,0,0
5443,43,1261,0.0000,0.0000,0,0,0,0
5444,1237,1532,0.7500,0.0170,0,0,0,0
5445,646,1746,0.3333,0.0000,0,0,0,1
5446,319,27,1.0000,0.0000,0,0,0,0
5447,126,326,1.0000,0.0000,0,0,0,0
5448,150,115,0.0000,0.0000,0,0,1,0
5449,565,2043,0.0000,0.0000,0,0,0,0
5450,560,856,0.0000,0.1064,0,0,0,1
5451,1658,1474,0.7500,0.0206,0,0,1,1
5452,458,676,0.3333,0.0000,0,0,0,0
5453,743,2169,0.2500,0.0000,0,0,0,1
5454,349,1358,0.0000,0.0288,0,0,0,1
5455,52,1463,0.0000,0.0000,0,0,0,0
5456,259,268,1.0000,0.0208,0,0,0,0
5457,448,1196,1.0000,0.0068,0,0,0,0
5458,151,482,0.0000,0.0000,0,0,0,1
5459,291,1828,0.0000,0.0342,0,0,0,1
5460,313,21,1.0000,0.0000,0,0,0,0
5461,437,924,0.0000,0.0541,0,0,0,1
5462,467,597,0.3333,0.0000,0,0,0,0
5463,1437,6069,0.0000,0.0037,0,0,0,1
5464,298,1977,0.0000,0.0000,1,0,0,0
5465,70,2001,0.0000,0.0035,0,0,0,0
5466,1906,110,0.3333,0.3684,0,0,1,0
5467,134,145,1.0000,0.1515,0,0,0,0
5468,365,783,0.0000,0.0472,0,0,0,0
5469,1029,1131,1.0000,0.0839,0,0,0,0
5470,75,372,1.0000,0.0345,0,0,0,0
5471,1072,1186,0.5000,0.0000,0,0,0,0
5472,204,428,0.0000,0.0000,0,0,0,0
5473,660,607,0.5000,0.0130,0,0,1,0
5474,316,23,1.0000,0.0000,0,0,0,0
5475,308,437,0.3333,0.0492,0,0,0,0
5476,1385,1867,0.5000,0.0741,0,0,1,1
5477,60,268,0.0000,0.1000,0,0,0,0
5478,34,843,0.0000,0.0000,0,0,0,0
5479,1679,7,0.2500,0.0000,0,0,1,0
5480,71,1883,0.0000,0.0000,0,0,0,1
5481,895,257,0.3333,0.0000,0,0,1,0
5482,1288,2395,0.5000,0.0387,0,0,0,1
5483,160,355,0.0000,0.2097,0,0,0,1
5484,1438,2932,0.5000,0.0992,0,0,0,1
5485,880,2898,1.0000,0.0297,0,0,1,1
5486,100,445,1.0000,0.0588,0,0,0,0
5487,570,1503,0.2000,0.0229,1,0,0,1
5488,253,1312,0.0000,0.0446,0,0,0,0
5489,530,285,0.5000,0.0000,0,0,1,0
5490,98,2689,0.0000,0.0000,0,0,0,1
5491,369,303,1.0000,0.0682,0,0,0,0
5492,1969,2786,0.2000,0.1939,0,0,1,1
5493,301,80,0.5000,0.0000,0,0,0,0
5494,219,1742,0.0000,0.0203,0,0,0,1
5495,1158,935,0.6667,0.0177,0,0,0,0
5496,84,1680,0.0000,0.0076,0,0,0,0
5497,1678,4267,0.4000,0.2534,0,0,1,1
5498,472,1069,0.0000,0.1364,0,0,0,1
5499,1148,2547,0.3333,0.0553,0,0,1,0
5500,53,2,0.0000,0.0000,0,0,0,0
5501,799,285,0.6667,0.0000,0,0,1,0
5502,98,2634,0.0000,0.0029,0,0,0,1
5503,121,16,0.0000,0.0000,0,0,0,0
5504,303,1526,0.0000,0.0383,0,0,0,1
5505,223,737,0.0000,0.2590,0,0,0,0
5506,482,2243,0.5000,0.0000,0,0,0,1
5507,386,646,1.0000,0.0147,0,0,0,0
5508,1264,2276,0.6000,0.0663,0,0,1,1
5509,219,444,0.0000,0.0000,0,0,0,0
5510,1038,1452,0.0000,0.0793,0,0,0,1
5511,984,648,1.0000,0.0253,0,0,0,0
5512,1192,313,0.4000,0.0000,0,0,1,0
5513,1455,3663,0.4000,0.0922,0,0,1,1
5514,93,1598,0.0000,0.0084,0,0,0,0
5515,1660,1424,0.5000,0.0469,0,0,1,1
5516,899,2357,0.4000,0.0260,0,0,1,1
5517,930,2188,0.4000,0.0245,0,0,1,1
5518,110,44,1.0000,0.0000,0,0,0,0
5519,155,1638,0.0000,0.0000,0,0,0,1
5520,1514,5,0.2500,0.0000,0,0,1,0
5521,1045,108,0.6667,0.2500,0,0,1,0
5522,1702,3237,0.2000,0.1400,0,0,1,1
5523,836,478,0.5000,0.0000,0,0,1,0
5524,283,1167,0.0000,0.1035,0,0,0,1
5525,1290,3234,0.8000,0.1885,0,0,1,1
5526,478,1614,0.7500,0.0080,0,0,0,0
5527,320,28,1.0000,0.0000,0,0,0,0
5528,318,147,0.5000,0.0000,0,0,0,1
5529,862,1436,0.6667,0.0000,0,0,1,0
5530,207,1049,0.0000,0.0000,1,0,0,0
5531,244,118,0.0000,0.0000,0,0,0,0
5532,582,3558,0.2500,0.0187,0,0,0,1
5533,982,749,0.5000,0.0101,0,0,1,0
5534,303,1544,0.2500,0.0041,0,0,0,1
5535,1614,1615,0.7500,0.0269,0,0,1,1
5536,468,149,1.0000,0.0000,0,0,0,0
5537,280,108,0.0000,0.0000,0,0,0,0
5538,1655,2145,0.2000,0.0552,0,0,0,1
5539,753,1659,0.2500,0.0507,0,0,0,1
5540,1350,280,0.2000,0.0000,0,0,1,0
5541,1850,4431,0.5000,0.1777,0,0,1,0
5542,121,1166,0.0000,0.0000,0,0,0,1
5543,318,25,1.0000,0.0000,0,0,0,0
5544,583,1550,0.0000,0.0203,0,0,0,1
5545,272,1698,0.0000,0.0730,1,0,0,1
5546,1232,3030,0.4000,0.0146,0,0,1,1
5547,1600,3227,0.2500,0.0613,0,0,0,1
5548,203,1126,0.5000,0.0000,0,0,0,1
5549,310,18,1.0000,0.0000,0,0,0,0
5550,316,23,1.0000,0.0000,0,0,0,0
5551,922,1445,0.0000,0.0181,0,0,0,0
5552,199,353,0.0000,0.0676,0,0,0,0
5553,512,1029,0.0000,0.2275,0,0,0,1
5554,996,295,0.6667,0.0000,0,0,0,0
5555,453,452,1.0000,0.0000,0,0,0,0
5556,1740,256,1.0000,0.4318,0,0,1,1
5557,303,775,0.2500,0.2655,0,0,0,0
5558,592,693,1.0000,0.2632,0,0,0,0
5559,418,1348,0.5000,0.0273,0,0,0,0
5560,1814,7,0.2500,0.0000,0,0,1,0
5561,265,2644,0.0000,0.0091,0,0,0,0
5562,139,1522,1.0000,0.0116,0,0,0,0
5563,1005,1098,0.6667,0.0000,0,0,0,0
5564,375,155,1.0000,0.0000,0,0,0,0
5565,1320,2880,0.2000,0.1164,0,0,1,1
5566,260,78,0.0000,0.0000,0,0,0,0
5567,310,19,1.0000,0.0000,0,0,0,0
5568,694,254,0.5000,0.0000,0,0,0,0
5569,1730,7,0.2500,0.0000,0,0,1,0
5570,264,926,0.0000,0.0408,0,0,0,1
5571,88,191,1.0000,0.0811,0,0,0,0
5572,60,35,0.0000,0.1111,0,0,0,0
5573,1358,802,0.6000,0.0222,0,0,1,0
5574,311,19,1.0000,0.0000,0,0,0,0
5575,1192,310,0.2500,0.1111,0,0,1,0
5576,753,1433,0.0000,0.0994,0,0,0,1
5577,1080,232,0.5000,0.0000,0,0,1,0
5578,152,102,0.0000,0.0000,0,0,0,0
5579,1145,484,0.2500,0.0000,0,0,1,0
5580,3637,5184,0.3333,0.0163,0,0,0,1
5581,134,1066,0.0000,0.0000,0,0,0,0
5582,152,214,0.0000,0.0000,0,0,0,0
5583,350,687,0.0000,0.1284,0,0,0,1
5584,83,741,1.0000,0.0092,0,0,0,0
5585,570,2391,0.0000,0.0241,0,0,0,1
5586,728,519,1.0000,0.0000,0,0,0,0
5587,11152,1162,1.0000,0.0000,0,0,0,0
5588,429,710,0.0000,0.0821,0,0,0,0
5589,37,41,0.0000,0.0000,0,0,0,0
5590,965,16,0.0000,1.0000,0,0,1,0
5591,315,23,1.0000,0.0000,0,0,0,0
5592,1112,1170,0.6667,0.0096,0,0,1,0
5593,308,640,0.3333,0.0783,0,0,0,1
5594,145,2681,0.0000,0.0112,0,0,0,0
5595,129,213,0.0000,0.1750,0,0,0,0
5596,536,1330,0.0000,0.0885,0,0,0,1
5597,1211,1330,0.6667,0.0091,0,0,1,0
5598,1733,2017,0.3333,0.0175,0,0,0,0
5599,126,363,1.0000,0.0000,0,0,0,0
5600,1125,3091,0.4000,0.0392,0,0,1,1
5601,184,1675,0.0000,0.0113,0,0,0,1
5602,403,1415,0.0000,0.0448,0,0,0,0
5603,41,604,1.0000,0.0000,0,0,0,0
5604,1458,4962,0.4000,0.0140,0,0,1,1
5605,1571,1328,0.0000,0.0524,0,0,0,1
5606,1144,555,1.0000,0.0105,0,0,0,0
5607,1964,219,1.0000,0.0000,0,0,1,1
5608,422,1932,0.2500,0.0616,1,0,0,0
5609,466,2476,0.0000,0.0071,0,0,0,1
5610,122,943,0.0000,0.0069,0,0,0,0
5611,2214,1903,0.0000,0.0405,0,0,0,1
5612,1019,2436,0.4000,0.0483,0,0,1,1
5613,342,119,0.5000,0.0000,0,0,0,0
5614,308,19,1.0000,0.0000,0,0,0,0
5615,21,929,0.0000,0.0000,0,0,0,0
5616,696,1742,0.5000,0.0777,0,0,0,0
5617,409,1593,0.3333,0.0351,0,0,0,1
5618,1558,478,0.0000,0.0250,0,0,0,0
5619,288,105,0.0000,0.1667,0,0,1,0
5620,183,646,0.0000,0.0980,0,0,0,0
5621,427,1951,0.0000,0.0000,0,0,0,1
5622,6347,10,1.0000,0.0000,0,0,0,0
5623,195,590,0.0000,0.1721,0,0,0,0
5624,587,726,1.0000,0.9714,0,0,0,0
5625,1533,5323,0.4000,0.0194,0,0,1,1
5626,72,1876,0.0000,0.0031,0,0,0,1
5627,1598,438,0.0000,0.0308,0,0,0,0
5628,993,1362,0.6000,0.0421,1,0,1,1
5629,535,229,0.3333,0.0000,0,0,1,0
5630,126,1346,0.0000,0.0258,0,0,0,0
5631,361,952,0.6667,0.0131,0,0,0,0
5632,2567,5110,0.2000,0.0170,0,0,0,1
5633,998,2841,0.4000,0.0874,0,0,1,1
5634,315,22,1.0000,0.0000,0,0,0,0
5635,1509,4133,0.5000,0.0656,0,0,1,1
5636,456,23,1.0000,0.0000,0,0,0,0
5637,1702,8,0.2500,0.0000,0,0,1,0
5638,1200,2595,0.7500,0.0517,0,0,1,1
5639,848,4724,0.3333,0.0016,0,0,0,1
5640,261,927,0.0000,0.0000,0,0,0,0
5641,1448,1048,0.5000,0.0213,0,0,1,1
5642,645,2287,0.5000,0.1153,0,0,1,1
5643,132,443,0.0000,0.1081,0,0,0,0
5644,485,1214,1.0000,0.0398,0,0,0,0
5645,575,700,0.6667,0.0000,0,0,0,0
5646,409,3147,0.0000,0.0023,0,0,0,1
5647,716,2729,0.5000,0.0388,0,0,1,1
5648,387,442,0.6667,0.1562,0,0,0,0
5649,778,2077,0.4000,0.0504,0,0,1,1
5650,1091,380,0.6667,0.0000,0,0,1,0
5651,216,1170,0.0000,0.0564,0,0,0,1
5652,310,20,1.0000,0.0000,0,0,0,0
5653,662,1450,0.5000,0.0000,0,0,1,0
5654,497,396,1.0000,0.0000,0,0,0,0
5655,318,26,1.0000,0.0000,0,0,0,0
5656,1841,5,0.2500,0.0000,0,0,1,0
5657,134,1216,0.0000,0.0055,1,0,0,0
5658,1406,459,0.0000,0.6081,0,0,0,0
5659,287,192,1.0000,0.0000,0,0,0,0
5660,170,31,0.0000,0.5000,0,0,0,0
5661,1204,2519,0.6667,0.1174,0,0,1,1
5662,686,549,0.0000,0.1687,0,0,0,0
5663,318,26,1.0000,0.0000,0,0,0,0
5664,317,24,1.0000,0.0000,0,0,0,0
5665,1362,2178,0.4000,0.0560,0,0,1,1
5666,1671,7,0.2500,0.0000,0,0,1,0
5667,678,1111,0.0000,0.1111,0,0,0,0
5668,26,290,1.0000,0.0000,0,0,0,0
5669,347,454,0.0000,0.1818,0,0,0,0
5670,1517,4416,0.2000,0.2026,0,0,0,1
5671,2354,2349,0.2500,0.0395,0,0,0,1
5672,1181,213,0.3333,0.1250,0,0,1,0
5673,825,406,0.4000,0.0000,0,0,1,0
5674,1266,3341,0.5000,0.1193,0,0,1,1
5675,1337,2244,0.5000,0.0904,0,0,1,1
5676,35,222,1.0000,0.0000,0,0,0,0
5677,204,86,0.0000,0.0000,0,0,1,0
5678,488,1451,0.0000,0.0673,0,0,0,1
5679,307,16,1.0000,0.0000,0,0,0,0
5680,316,23,1.0000,0.0000,0,0,0,0
5681,2998,7319,0.5000,0.0078,0,0,1,1
5682,1817,1997,0.8000,0.0045,1,0,1,1
5683,899,474,0.3333,0.0000,0,0,1,0
5684,1681,1066,0.5000,0.0055,0,0,1,1
5685,1661,5,0.2500,0.0000,0,0,1,0
5686,1587,2425,0.5000,0.0225,0,0,1,1
5687,303,1630,0.0000,0.1494,0,0,0,0
5688,1385,2388,0.2000,0.2218,0,0,1,1
5689,354,856,0.3333,0.0078,0,0,1,0
5690,47,387,1.0000,0.0149,0,0,0,0
5691,3267,3,0.0000,0.0000,0,0,1,0
5692,271,551,0.0000,0.0000,1,0,0,0
5693,181,1555,0.0000,0.0000,0,0,0,0
5694,1191,3079,0.5000,0.0522,0,0,1,1
5695,717,5,0.0000,0.0000,0,0,0,0
5696,514,760,1.0000,0.0085,0,0,0,0
5697,527,457,1.0000,0.0328,0,0,0,0
5698,1696,5,0.5000,0.0000,0,0,0,0
5699,88,41,0.0000,0.0000,0,0,0,0
5700,806,279,0.2500,0.0000,0,0,1,0
5701,320,1888,0.0000,0.0884,0,0,0,1
5702,367,1667,0.2500,0.0373,0,0,0,1
5703,1872,7,0.2500,0.0000,0,0,1,0
5704,1962,7,0.2500,0.0000,0,0,1,0
5705,558,2076,0.3333,0.0155,0,0,0,1
5706,4086,4723,0.6667,0.0232,0,0,1,0
5707,24,8,1.0000,0.0000,0,0,0,0
5708,86,946,0.0000,0.0258,0,0,0,0
5709,647,431,0.5000,0.0000,0,0,1,0
5710,3760,6350,0.3333,0.0130,0,0,0,1
5711,380,964,0.5000,0.0148,0,0,0,1
5712,1083,3059,0.6667,0.0032,1,0,0,0
5713,821,1563,0.4000,0.0321,0,0,1,1
5714,483,370,0.0000,0.1860,0,0,0,0
5715,932,2225,0.4000,0.0467,0,0,1,1
5716,1218,1456,1.0000,0.0312,0,0,0,0
5717,33,453,1.0000,0.0000,0,0,0,0
5718,1473,2171,0.5000,0.0081,0,0,0,0
5719,316,269,0.0000,0.0000,0,0,0,0
5720,895,2026,0.2500,0.0739,0,0,0,0
5721,542,697,1.0000,0.0000,0,0,0,0
5722,319,27,1.0000,0.0000,0,0,0,0
5723,492,1051,0.0000,0.1854,0,0,0,1
5724,316,27,1.0000,0.0000,0,0,0,0
5725,1890,1701,0.5000,0.2140,0,0,0,0
5726,275,350,0.0000,0.0189,0,0,0,1
5727,1133,3303,0.4000,0.0784,0,0,1,1
5728,92,901,0.0000,0.0855,0,0,0,0
5729,1502,1131,0.6667,0.0000,0,0,0,0
5730,2473,4802,0.2000,0.0045,0,0,0,1
5731,738,1467,0.5000,0.1124,0,0,1,0
5732,1415,166,0.0000,0.1250,0,0,1,0
5733,481,930,0.0000,0.0490,0,0,0,0
5734,1467,5642,0.2500,0.0124,0,0,0,1
5735,625,2119,1.0000,0.0041,1,0,0,0
5736,510,1435,0.6667,0.0550,0,0,0,0
5737,5061,125,1.0000,0.0000,0,0,0,0
5738,176,422,0.0000,0.0476,0,0,0,0
5739,85,30,0.0000,0.5714,0,0,0,0
5740,181,316,0.0000,0.0000,0,0,0,0
5741,195,623,0.0000,0.1230,0,0,0,0
5742,113,846,0.3333,0.0159,1,0,0,0
5743,32,41,0.0000,0.0000,0,0,0,0
5744,82,1495,0.0000,0.0000,0,0,0,0
5745,746,1240,0.3333,0.0833,0,0,0,1
5746,168,690,1.0000,0.0000,0,0,0,0
5747,219,112,0.0000,0.0000,0,0,0,0
5748,1379,2928,0.2500,0.0709,0,0,1,1
5749,2154,2443,0.2500,0.0580,0,0,0,1
5750,66,1452,0.0000,0.0000,1,0,0,1
5751,973,917,1.0000,0.0000,0,0,0,0
5752,1697,1248,0.7500,0.0390,0,0,1,1
5753,478,841,0.0000,0.1889,0,0,0,0
5754,408,155,1.0000,0.0000,0,0,0,0
5755,615,2093,0.2000,0.0251,0,0,0,1
5756,1192,635,1.0000,0.0000,0,0,0,0
5757,678,1870,0.4000,0.0221,1,0,0,1
5758,1596,36,0.0000,0.0000,0,0,0,0
5759,718,2056,0.6667,0.0678,0,0,1,1
5760,317,397,0.0000,0.0000,0,0,0,0
5761,1043,2662,0.4000,0.0909,0,0,1,0
5762,667,596,1.0000,0.0000,0,0,0,0
5763,65,1852,0.0000,0.0000,1,0,0,0
5764,426,470,0.0000,0.1562,0,0,0,0
5765,858,2197,0.2500,0.0964,0,0,1,0
5766,79,1014,0.0000,0.0000,0,0,0,0
5767,608,590,1.0000,0.0000,0,0,0,0
5768,227,190,0.5000,0.0488,0,0,0,0
5769,1851,7,0.2500,0.0000,0,0,1,0
5770,355,533,0.0000,0.1413,0,0,0,0
5771,309,18,1.0000,0.0000,0,0,0,0
5772,1398,311,0.0000,0.0000,0,0,0,0
5773,499,1347,0.0000,0.0087,0,0,0,1
5774,884,143,0.6667,0.0000,0,0,1,0
5775,729,375,0.6667,0.0000,0,0,1,0
5776,366,18,1.0000,0.0000,0,0,0,0
5777,1536,7,0.2500,0.0000,0,0,1,0
5778,973,3924,0.5000,0.1850,0,0,0,1
5779,172,89,0.3333,0.2667,0,0,1,0
5780,1029,308,1.0000,0.0227,0,0,0,0
5781,4709,272,0.5000,0.6939,0,0,0,0
5782,1682,2684,0.5000,0.0880,0,0,1,1
5783,492,2436,0.3333,0.0378,0,0,0,1
5784,37,11,1.0000,0.0000,0,0,0,0
5785,409,1094,0.0000,0.0517,0,0,0,0
5786,55,2517,0.0000,0.0000,0,0,0,1
5787,1825,8,0.2500,0.0000,0,0,1,0
5788,984,304,0.5000,0.0000,0,0,0,0
5789,646,549,1.0000,0.0000,0,0,0,0
5790,1867,8,0.2500,0.0000,0,0,1,0
5791,98,839,0.0000,0.0355,1,0,0,1
5792,484,2002,0.0000,0.0965,0,0,0,1
5793,967,214,0.3333,0.1034,1,0,1,0
5794,1049,146,0.3333,0.5000,0,0,1,0
5795,685,791,0.3333,0.0000,0,0,0,0
5796,861,1478,0.2500,0.0083,0,0,1,1
5797,1654,1079,0.7500,0.0400,0,0,1,1
5798,1801,1150,0.7500,0.0450,0,0,1,1
5799,933,250,0.2500,0.0000,0,0,1,0
5800,446,813,0.0000,0.0412,0,0,0,0
5801,401,1030,0.0000,0.0074,0,0,0,0
5802,71,89,0.0000,0.0000,0,0,0,0
5803,145,1406,0.0000,0.0000,0,0,0,1
5804,321,28,1.0000,0.0000,0,0,0,0
5805,736,648,0.6667,0.1449,0,0,1,0
5806,326,700,0.0000,0.0970,0,0,0,0
5807,311,19,1.0000,0.0000,0,0,0,0
5808,1386,2722,0.6667,0.0162,0,0,1,0
5809,83,3764,0.0000,0.0039,0,0,0,1
5810,1743,3772,1.0000,0.0163,0,0,0,0
5811,755,234,0.5000,0.0000,0,0,0,0
5812,1405,145,0.3333,0.0000,0,0,1,0
5813,1063,1472,0.6667,0.1016,1,0,1,1
5814,981,1840,0.5000,0.0952,0,0,1,1
5815,335,129,0.5000,0.0000,0,0,0,0
5816,314,25,1.0000,0.0000,0,0,0,0
5817,1351,2813,0.5000,0.0692,0,0,1,1
5818,1383,2621,0.5000,0.3841,1,0,0,1
5819,92,2237,0.0000,0.0000,0,0,0,1
5820,90,518,1.0000,0.0123,0,0,0,0
5821,1482,7,0.2500,0.0000,0,0,1,0
5822,495,755,0.0000,0.0081,0,0,0,1
5823,417,487,1.0000,0.0000,0,0,0,0
5824,275,12,0.0000,0.0000,0,0,0,0
5825,487,54,0.5000,0.0000,0,0,0,0
5826,185,271,0.0000,0.0426,0,0,0,0
5827,417,1688,0.5000,0.0870,1,0,0,0
5828,1728,1607,0.5000,0.6098,0,0,0,0
5829,1386,2257,0.4000,0.0103,1,0,0,1
5830,91,664,0.0000,0.0000,0,0,0,0
5831,307,18,1.0000,0.0000,0,0,0,0
5832,319,30,1.0000,0.0000,0,0,0,0
5833,1757,8,0.2500,0.0000,0,0,1,0
5834,903,511,1.0000,0.2375,0,0,0,0
5835,921,1,0.0000,0.0000,0,0,0,0
5836,27,56,0.0000,0.0000,0,0,0,0
5837,82,172,1.0000,0.0625,0,0,0,0
5838,509,1368,0.0000,0.0248,0,0,0,1
5839,742,718,0.0000,0.0864,0,0,0,0
5840,47,5000,0.0000,0.0052,0,0,0,0
5841,1739,1188,0.5000,0.0541,0,0,1,1
5842,613,1416,0.0000,0.1181,0,0,0,0
5843,211,916,0.0000,0.0625,0,0,0,1
5844,547,926,0.2500,0.1131,0,0,0,1
5845,1729,8,0.2500,0.0000,0,0,1,0
5846,3710,12,0.0000,0.0000,0,0,0,0
5847,589,951,0.0000,0.0247,0,0,0,1
5848,318,25,1.0000,0.0000,0,0,0,0
5849,81,812,0.0000,0.0000,1,0,0,1
5850,46,43,0.0000,0.0000,0,0,0,0
5851,310,19,1.0000,0.0000,0,0,0,0
5852,1644,3070,0.5000,0.1807,0,0,1,1
5853,92,1563,0.0000,0.0039,0,0,0,1
5854,272,574,1.0000,0.0000,0,0,0,0
5855,996,3529,0.4000,0.1053,0,0,1,1
5856,307,15,1.0000,0.0000,0,0,0,0
5857,399,516,0.5000,0.0000,0,0,0,0
5858,1698,8,0.2500,0.0000,0,0,1,0
5859,1094,1975,0.5000,0.1268,0,0,1,1
5860,291,554,0.0000,0.0796,0,0,0,0
5861,1983,150,1.0000,0.3846,0,0,1,1
5862,295,810,1.0000,0.1894,0,0,0,0
5863,243,1139,1.0000,0.0245,0,0,0,0
5864,618,577,1.0000,0.0000,0,0,0,0
5865,881,1110,0.0000,0.0180,0,0,0,0
5866,433,2784,0.0000,0.0000,0,0,0,1
5867,1115,459,0.3333,0.0000,0,0,1,0
5868,1222,2478,0.4000,0.0535,0,0,0,1
5869,1075,1796,0.4000,0.0578,0,0,1,1
5870,502,775,0.0000,0.0842,0,0,0,0
5871,466,386,0.0000,0.6780,0,0,0,0
5872,721,1156,0.0000,0.0929,0,0,0,0
5873,37,94,1.0000,0.0000,0,0,0,0
5874,757,381,1.0000,0.2727,0,0,0,0
5875,349,516,1.0000,0.0380,1,0,0,0
5876,126,44,1.0000,0.0000,0,0,0,0
5877,1449,2732,0.5000,0.1106,0,0,1,0
5878,69,506,0.0000,0.0000,0,0,0,0
5879,1242,2846,0.5000,0.0728,0,0,1,1
5880,410,178,1.0000,0.0000,0,0,0,0
5881,729,434,0.5000,0.0323,0,0,0,0
5882,2294,4325,0.3333,0.0000,0,0,0,1
5883,772,271,0.2500,0.0000,0,0,1,0
5884,1357,1,0.0000,0.0000,0,0,0,0
5885,319,26,1.0000,0.0000,0,0,0,0
5886,234,5114,0.4000,0.0109,0,0,1,1
5887,158,184,0.0000,0.0769,0,0,0,0
5888,1641,5,0.2500,0.0000,0,0,1,0
5889,1703,5,0.2500,0.0000,0,0,1,0
5890,348,1658,0.0000,0.0748,0,0,0,1
5891,65,645,0.0000,0.0000,0,0,0,0
5892,185,1887,0.0000,0.0000,1,0,0,0
5893,1574,2133,0.4000,0.0985,0,0,1,0
5894,141,321,0.0000,0.0172,0,0,0,0
5895,858,935,0.6667,0.0000,0,0,1,0
5896,85,44,1.0000,0.0000,0,0,0,0
5897,1600,4787,0.0000,0.0331,0,0,0,1
5898,56,2192,0.0000,0.0099,0,0,0,0
5899,816,2890,0.2000,0.0288,1,0,1,1
5900,586,776,0.2500,0.1532,0,0,0,1
5901,1178,3181,0.5000,0.1540,0,0,1,1
5902,1034,3282,0.4000,0.0598,0,0,1,1
5903,1573,2897,0.2000,0.0758,0,0,1,1
5904,1343,1681,0.6000,0.1788,0,0,1,1
5905,1643,1983,0.5000,0.0550,0,0,1,1
5906,73,18,1.0000,0.0000,0,0,0,0
5907,950,1306,0.0000,0.0145,0,0,0,1
5908,53,835,0.0000,0.0235,0,0,0,0
5909,505,1231,0.0000,0.0066,0,0,0,0
5910,1598,781,0.6667,0.0000,0,0,1,0
5911,593,1155,0.0000,0.0120,0,0,0,1
5912,1032,1368,0.6667,0.1330,0,0,1,1
5913,700,187,1.0000,0.0000,0,0,0,0
5914,1292,1563,0.5000,0.1082,0,0,1,0
5915,902,1552,0.6667,0.0906,0,0,1,1
5916,1576,87,0.3333,0.0769,0,0,1,0
5917,1702,184,0.3333,0.8636,0,0,1,0
5918,1295,2597,0.4000,0.0599,0,0,1,1
5919,1636,7,0.2500,0.0000,0,0,1,0
5920,305,10449,0.6667,0.0160,0,0,0,1
5921,621,2169,0.3333,0.0095,0,0,0,0
5922,162,468,1.0000,0.1047,0,0,0,0
5923,578,1390,0.2500,0.0000,0,0,0,1
5924,2350,380,0.5000,0.0000,0,0,0,0
5925,515,2215,1.0000,0.0078,0,0,0,0
5926,659,90,1.0000,0.4667,0,0,0,0
5927,258,887,0.3333,0.0704,0,0,0,0
5928,305,349,0.0000,0.0645,0,0,0,0
5929,242,2540,0.0000,0.0000,0,0,0,1
5930,392,923,0.0000,0.1154,0,0,0,1
5931,583,87,1.0000,0.0000,0,0,0,0
5932,149,729,0.0000,0.0439,0,0,0,0
5933,142,2141,0.0000,0.0127,0,0,0,1
5934,65,1152,0.0000,0.0000,0,0,0,0
5935,1289,2676,0.2500,0.0933,0,0,1,0
5936,684,307,0.6667,0.0000,0,0,1,0
5937,617,561,1.0000,0.0000,0,0,0,0
5938,37,72,0.0000,0.0000,0,0,0,0
5939,1956,2322,0.2000,0.1267,0,0,1,1
5940,68,48,1.0000,0.0000,0,0,0,0
5941,684,520,1.0000,0.0000,0,0,0,0
5942,38,2836,0.0000,0.0000,1,0,0,0
5943,266,83,0.0000,0.0000,0,0,1,0
5944,1273,3964,0.5000,0.1235,0,0,1,1
5945,950,1931,0.7500,0.1220,0,0,1,1
5946,1645,5558,0.2500,0.0120,0,0,0,1
5947,993,199,0.0000,0.0526,0,0,1,0
5948,28,242,0.0000,0.0000,0,0,0,0
5949,319,26,1.0000,0.0000,0,0,0,0
5950,294,1254,0.5000,0.0267,0,0,0,1
5951,1099,2983,0.6667,0.1234,0,0,1,1
5952,49,15,1.0000,0.0000,0,0,0,0
5953,1278,1692,0.5000,0.1164,0,0,1,1
5954,311,22,1.0000,0.0000,0,0,0,0
5955,314,24,1.0000,0.0000,0,0,0,0
5956,639,602,0.0000,0.1207,0,0,0,0
5957,1413,2575,0.4000,0.1940,0,0,1,1
5958,992,130,0.4000,0.0000,0,0,1,0
5959,65,10,0.0000,1.0000,0,0,0,0
5960,100,1716,0.0000,0.0000,0,0,0,1
5961,314,22,1.0000,0.0000,0,0,0,0
5962,1389,3937,0.6000,0.0203,0,0,1,1
5963,150,372,0.0000,0.0704,0,0,0,0
5964,1273,666,0.0000,0.1475,0,0,0,0
5965,136,323,1.0000,0.0000,0,0,0,0
5966,310,19,1.0000,0.0000,0,0,0,0
5967,1905,3860,0.2500,0.0724,0,0,0,1
5968,269,493,0.0000,0.2747,0,0,0,0
5969,49,60,0.0000,0.0000,0,0,0,0
5970,602,2069,0.0000,0.0928,0,0,0,1
5971,466,233,0.6667,0.0000,0,0,1,0
5972,671,1265,0.0000,0.0053,0,0,0,1
5973,754,4280,0.4000,0.0085,0,0,0,1
5974,50,886,0.0000,0.0000,1,0,0,0
5975,309,19,1.0000,0.0000,0,0,0,0
5976,1321,2757,0.2000,0.0774,0,0,1,1
5977,106,975,0.0000,0.0000,0,0,0,0
5978,434,480,0.0000,0.2308,0,0,0,0
5979,714,511,0.3333,0.0811,0,0,0,1
5980,1498,484,0.5000,0.0323,0,0,0,0
5981,968,1031,0.5000,0.0703,0,0,0,1
5982,306,15,1.0000,0.0000,0,0,0,0
5983,3517,276,1.0000,0.7111,0,0,0,0
5984,237,469,0.0000,0.0667,1,0,0,0
5985,514,509,0.5000,0.2462,0,0,1,0
5986,670,1673,0.4000,0.0323,0,0,1,0
5987,1466,2339,0.5000,0.1445,0,0,1,1
5988,1436,3624,0.2000,0.0844,0,0,1,1
5989,1192,2808,0.5000,0.0929,0,0,1,1
5990,532,1631,0.3333,0.0102,0,0,0,0
5991,1107,1588,0.6667,0.0676,0,0,1,0
5992,120,2539,0.0000,0.0000,0,0,0,1
5993,213,316,1.0000,0.0000,0,0,0,0
5994,401,215,1.0000,1.0000,0,0,0,0
5995,108,1332,1.0000,0.0034,0,0,0,0
5996,991,4047,0.5000,0.0237,0,0,1,1
5997,463,672,0.0000,0.0583,0,0,0,1
5998,365,1485,0.5000,0.1172,0,0,0,1
5999,872,791,0.6667,0.0000,0,0,0,0
6000,381,732,0.0000,0.0375,0,0,0,1
6001,943,226,0.3333,0.0000,0,0,0,0
6002,309,17,1.0000,0.0000,0,0,0,0
6003,411,311,1.0000,0.0000,0,0,0,0
6004,115,2213,0.0000,0.0000,0,0,0,1
6005,109,2674,0.0000,0.0237,0,0,0,1
6006,1497,3680,0.6000,0.0690,0,0,1,1
6007,86,1173,0.0000,0.0000,0,0,0,1
6008,23,73,1.0000,0.0000,0,0,0,0
6009,878,914,0.0000,0.0791,0,0,0,0
6010,463,726,0.3333,0.2095,1,0,0,0
6011,334,82,0.0000,1.0000,0,0,0,0
6012,1476,2852,0.4000,0.0513,0,0,1,1
6013,173,852,0.2500,0.0160,1,0,0,0
6014,1783,4078,0.4000,0.0090,0,0,1,1
6015,1938,8,0.2500,0.0000,0,0,1,0
6016,1601,112,0.3333,0.4000,0,0,1,0
6017,174,498,0.0000,0.0602,0,0,0,0
6018,105,1468,0.0000,0.0000,1,0,0,1
6019,318,28,1.0000,0.0000,0,0,0,0
6020,309,17,1.0000,0.0000,0,0,0,0
6021,745,1600,0.0000,0.0970,0,0,0,1
6022,1735,9,0.0000,0.0000,0,0,0,0
6023,296,173,1.0000,0.2000,0,0,0,0
6024,375,269,1.0000,0.0000,0,0,0,0
6025,566,1251,0.0000,0.0357,0,0,0,0
6026,286,908,0.0000,0.1235,0,0,0,0
6027,1170,1886,0.4000,0.0503,0,0,1,1
6028,1182,2957,0.5000,0.0597,0,0,1,1
6029,45,1114,0.0000,0.0061,0,0,0,1
6030,138,341,1.0000,0.0000,0,0,0,0
6031,738,501,1.0000,0.0000,0,0,0,0
6032,87,18,1.0000,0.0000,0,0,0,0
6033,409,870,0.0000,0.0090,0,0,0,0
6034,689,1105,0.0000,0.1401,0,0,0,1
6035,1717,2792,0.5000,0.1846,0,0,1,1
6036,307,16,1.0000,0.0000,0,0,0,0
6037,1093,2346,0.4000,0.0394,0,0,1,1
6038,960,2957,0.2000,0.0117,1,0,1,0
6039,1085,1144,0.3333,0.0000,0,0,0,0
6040,907,555,0.6667,0.0000,0,0,1,0
6041,307,16,1.0000,0.0000,0,0,0,0
6042,179,105,0.0000,0.2778,0,0,1,0
6043,1483,1904,0.4000,0.0888,0,0,1,0
6044,528,378,1.0000,0.0000,0,0,0,0
6045,298,359,0.0000,0.1562,0,0,0,0
6046,1341,6737,0.4000,0.0702,0,0,1,1
6047,158,486,0.0000,0.0366,0,0,0,0
6048,313,2021,0.0000,0.0435,1,0,0,0
6049,865,644,1.0000,0.0000,0,0,0,0
6050,319,26,1.0000,0.0000,0,0,0,0
6051,862,116,0.3333,0.4286,0,0,1,0
6052,572,1426,0.0000,0.0694,0,0,0,1
6053,649,38,0.0000,1.0000,0,0,0,0
6054,1134,400,0.3333,0.2222,0,0,1,0
6055,1081,486,1.0000,0.0267,0,0,0,0
6056,1666,8,0.2500,0.0000,0,0,1,0
6057,169,70,0.3333,0.0000,0,0,1,0
6058,967,1037,0.6667,0.0000,0,0,1,1
6059,2287,3602,0.2500,0.0040,0,0,0,1
6060,860,777,0.2500,0.0000,0,0,1,0
6061,370,1036,0.0000,0.0056,0,0,0,0
6062,46,1455,0.0000,0.0000,0,0,0,0
6063,648,1782,0.0000,0.0318,0,0,0,1
6064,1882,251,0.5000,0.0000,0,0,0,0
6065,479,767,0.0000,0.0000,0,0,0,0
6066,36,972,0.0000,0.0000,0,0,0,1
6067,259,495,0.0000,0.0761,0,0,0,0
6068,4682,5419,0.5000,0.0667,0,0,1,1
6069,432,1031,0.0000,0.0727,0,0,0,1
6070,229,218,0.0000,0.2619,0,0,0,0
6071,1825,5,0.2500,0.0000,0,0,1,0
6072,469,283,1.0000,1.0000,0,0,0,0
6073,1689,2022,0.8000,0.0627,0,0,1,1
6074,58,689,0.0000,0.0714,0,0,0,0
6075,716,256,0.5000,0.0000,0,0,0,0
6076,418,275,1.0000,0.0000,0,0,0,0
6077,89,1084,0.0000,0.0000,1,0,0,0
6078,522,217,1.0000,0.0000,0,0,0,0
6079,922,1898,0.4000,0.0787,0,0,1,1
6080,244,558,0.0000,0.0476,0,0,0,1
6081,1377,2241,0.3333,0.0864,0,0,0,1
6082,378,1461,0.0000,0.1204,0,0,0,1
6083,1131,6922,0.2000,0.0020,0,0,0,1
6084,1365,1926,0.5000,0.0112,0,0,1,1
6085,798,498,0.6667,0.0000,0,0,0,0
6086,865,1521,0.3333,0.0069,0,0,0,0
6087,307,16,1.0000,0.0000,0,0,0,0
6088,355,614,0.0000,0.0169,0,0,0,0
6089,314,21,1.0000,0.0000,0,0,0,0
6090,47,6,1.0000,0.0000,0,0,0,0
6091,201,356,0.0000,0.0164,0,0,0,0
6092,891,1343,0.3333,0.1143,0,0,1,0
6093,742,1085,0.6667,0.0000,0,0,1,0
6094,83,459,1.0000,0.0435,0,0,0,0
6095,334,1812,0.0000,0.0000,1,0,0,0
6096,527,1278,0.0000,0.0957,0,0,0,1
6097,41,10,1.0000,0.0000,0,0,0,0
6098,129,158,1.0000,0.0000,0,0,0,0
6099,588,1795,0.3333,0.0708,0,0,0,0
6100,853,1049,0.7500,0.1795,0,0,1,1
6101,56,503,1.0000,0.0000,0,0,0,0
6102,572,24,0.0000,0.0000,0,0,0,0
6103,326,730,1.0000,0.0000,0,0,0,0
6104,925,461,0.4000,0.0000,0,0,1,0
6105,1744,1569,0.2500,0.1942,0,0,1,0
6106,585,300,0.5000,0.0000,0,0,0,0
6107,1645,5334,0.2500,0.0077,0,0,0,1
6108,959,3194,0.2500,0.1632,0,0,1,0
6109,74,572,1.0000,0.0505,0,0,0,0
6110,1941,832,0.6667,0.0000,0,0,1,0
6111,1066,2257,0.2500,0.1683,0,0,1,0
6112,1629,7,0.2500,0.0000,0,0,1,0
6113,404,774,1.0000,0.0078,0,0,0,0
6114,815,2547,0.2500,0.0759,0,0,1,0
6115,188,603,0.0000,0.0865,0,0,0,0
6116,78,1665,0.0000,0.0110,0,0,0,0
6117,1627,1893,0.3333,0.0031,0,0,0,1
6118,103,308,0.0000,0.0000,0,0,0,1
6119,103,40,1.0000,0.0000,0,0,0,0
6120,720,566,1.0000,0.0000,0,0,0,0
6121,1185,1615,0.6000,0.0124,1,0,0,1
6122,501,320,0.6667,0.0000,0,0,1,0
6123,1418,3495,0.4000,0.0542,0,0,1,1
6124,1856,7,0.2500,0.0000,0,0,1,0
6125,756,2042,0.2000,0.0551,0,0,1,1
6126,99,1385,0.0000,0.0000,0,0,0,0
6127,1881,3270,0.2500,0.0167,0,0,0,1
6128,1705,7,0.2500,0.0000,0,0,1,0
6129,1546,399,0.5000,0.0000,0,0,1,0
6130,634,1474,0.0000,0.0467,0,0,0,1
6131,2003,4749,0.2500,0.0096,0,0,0,1
6132,84,1854,0.0000,0.0000,0,0,0,1
6133,352,44,0.5000,0.0000,0,0,0,0
6134,200,419,0.0000,0.1410,0,0,0,0
6135,381,1010,0.0000,0.0314,0,0,0,1
6136,988,2212,0.5000,0.1040,0,0,1,1
6137,130,549,1.0000,0.0000,1,0,0,0
6138,64,462,1.0000,0.0000,0,0,0,0
6139,450,479,0.0000,0.0538,0,0,0,0
6140,315,26,1.0000,0.0000,0,0,0,0
6141,848,460,0.6667,0.0000,0,0,1,0
6142,789,1714,0.0000,0.0538,0,0,0,1
6143,316,24,1.0000,0.0000,0,0,0,0
6144,181,338,1.0000,0.0000,0,0,0,0
6145,903,862,0.5000,0.0000,0,0,1,0
6146,580,2736,0.0000,0.0207,1,0,0,0
6147,719,1045,0.6667,0.0000,0,0,0,0
6148,133,590,0.2500,0.0602,1,0,0,0
6149,535,1451,0.0000,0.0422,0,0,0,1
6150,831,1225,0.0000,0.0435,0,0,0,1
6151,191,2294,0.0000,0.0040,1,0,0,0
6152,1203,2261,0.5000,0.0747,0,0,1,1
6153,140,2944,0.0000,0.0189,0,0,0,1
6154,1704,1016,0.5000,0.0000,0,0,1,1
6155,1717,2994,0.2500,0.1102,0,0,1,0
6156,784,2422,0.3333,0.1088,0,0,0,0
6157,634,1967,0.0000,0.0178,0,0,0,1
6158,204,1095,0.0000,0.0368,0,0,0,1
6159,312,22,1.0000,0.0000,0,0,0,0
6160,1722,1470,0.7500,0.0856,0,0,1,1
6161,1148,1582,0.6667,0.0270,0,0,0,0
6162,1429,1220,0.3333,0.0053,0,0,1,0
6163,582,205,0.6667,0.0000,0,0,1,0
6164,199,97,0.3333,0.0000,0,0,1,0
6165,673,2092,0.5000,0.0488,0,0,0,1
6166,56,58,1.0000,0.4286,0,0,0,0
6167,312,20,1.0000,0.0000,0,0,0,0
6168,1637,8,0.2500,0.0000,0,0,1,0
6169,1556,2308,1.0000,0.1638,0,0,1,1
6170,457,713,0.0000,0.0494,0,0,0,0
6171,434,1184,0.0000,0.1551,0,0,0,1
6172,73,730,0.0000,0.0000,0,0,0,0
6173,1981,1164,0.5000,0.0660,0,0,1,1
6174,328,698,1.0000,0.0000,0,0,0,0
6175,457,150,1.0000,0.0000,0,0,0,0
6176,1498,597,0.6667,0.3125,0,0,1,0
6177,769,2279,0.0000,0.0342,0,0,0,0
6178,1071,2219,0.5000,0.0851,0,0,1,1
6179,1432,2487,0.6000,0.0598,0,0,1,1
6180,1165,2327,0.5000,0.1576,0,0,1,1
6181,1465,21,0.0000,0.0000,0,0,1,0
6182,1553,8,0.2500,0.0000,0,0,1,0
6183,1115,989,0.6667,0.0167,0,0,0,0
6184,104,431,1.0000,0.0147,0,0,0,0
6185,645,204,1.0000,0.0000,0,0,0,0
6186,388,926,0.6667,0.0000,0,0,1,0
6187,2389,2479,0.3333,0.0113,0,0,0,0
6188,397,986,0.0000,0.0645,0,0,0,1
6189,88,848,0.0000,0.0000,0,0,0,0
6190,585,7,1.0000,0.0000,0,0,0,0
6191,152,317,0.0000,0.0000,0,0,0,0
6192,1482,476,0.0000,0.0000,0,0,0,0
6193,435,22,0.5000,0.0000,0,0,0,0
6194,719,2214,0.4000,0.0806,0,0,1,1
6195,1369,3101,0.2000,0.0731,0,0,1,1
6196,46,1158,0.0000,0.0087,0,0,0,1
6197,1621,2678,0.2000,0.2227,0,0,1,1
6198,101,691,0.2500,0.0157,0,0,0,0
6199,309,2463,0.0000,0.0086,1,0,0,1
6200,681,2507,0.3333,0.1435,0,0,0,0
6201,148,992,0.0000,0.0190,0,0,0,0
6202,2027,70,0.3333,0.0000,0,0,1,0
6203,50,58,1.0000,0.6471,0,0,0,0
6204,1205,960,0.6667,0.0000,0,0,1,0
6205,1097,2765,0.2000,0.0735,0,0,1,1
6206,111,30,1.0000,0.0000,0,0,0,0
6207,1763,2373,0.4000,0.1798,0,0,1,1
6208,478,302,1.0000,0.0000,0,0,0,0
6209,420,1608,0.3333,0.0083,0,0,0,1
6210,334,76,1.0000,0.0000,0,0,0,0
6211,2788,50,0.0000,0.0000,0,0,0,0
6212,559,547,1.0000,0.0000,0,0,0,0
6213,1566,2598,0.4000,0.1311,0,0,1,1
6214,1411,2775,0.2500,0.2267,0,0,1,0
6215,310,19,1.0000,0.0000,0,0,0,0
6216,509,640,1.0000,0.0990,0,0,0,0
6217,3160,3895,0.2000,0.0585,0,0,0,1
6218,976,1198,0.6667,0.0000,0,0,0,0
6219,295,327,0.0000,0.0196,0,0,0,0
6220,1854,7,0.2500,0.0000,0,0,1,0
6221,1572,1443,0.7500,0.0000,0,0,1,1
6222,493,340,1.0000,0.1081,0,0,0,0
6223,125,1298,0.0000,0.0209,0,0,0,0
6224,49,80,1.0000,0.0000,0,0,0,0
6225,1462,2646,0.5000,0.0677,0,0,0,1
6226,978,2946,0.2500,0.0628,0,0,1,0
6227,1804,3203,0.7500,0.1558,0,0,1,1
6228,93,12,1.0000,0.0000,0,0,0,0
6229,127,945,0.0000,0.0074,0,0,0,1
6230,314,22,1.0000,0.0000,0,0,0,0
6231,92,313,1.0000,0.0000,0,0,0,0
6232,159,291,0.0000,0.1111,0,0,0,0
6233,319,27,1.0000,0.0000,0,0,0,0
6234,990,474,0.5000,0.0000,0,0,1,0
6235,1768,517,0.0000,0.0000,0,0,0,0
6236,1840,7,0.2500,0.0000,0,0,1,0
6237,307,16,1.0000,0.0000,0,0,0,0
6238,1173,3179,0.4000,0.0809,0,0,1,1
6239,78,1537,0.0000,0.0040,0,0,0,0
6240,270,825,0.0000,0.0000,0,0,0,0
6241,527,642,0.0000,0.1263,0,0,0,0
6242,299,1027,0.0000,0.0978,0,0,0,1
6243,310,18,1.0000,0.0000,0,0,0,0
6244,919,431,0.0000,0.0750,0,0,0,0
6245,57,36,1.0000,0.0000,0,0,0,0
6246,73,121,1.0000,0.3529,0,0,0,0
6247,1042,303,0.3333,0.0000,0,0,1,0
6248,139,44,1.0000,0.0000,0,0,0,0
6249,993,1370,0.5000,0.0874,1,0,1,1
6250,3450,4,0.0000,0.0000,0,0,0,0
6251,1215,2522,0.5000,0.0668,0,0,1,1
6252,66,240,1.0000,0.0000,0,0,0,0
6253,456,129,1.0000,0.0000,0,0,0,0
6254,47,10,1.0000,0.0000,0,0,0,0
6255,988,1935,0.4000,0.0828,0,0,1,1
6256,1045,402,0.5000,0.0000,0,0,1,0
6257,133,3524,0.0000,0.0254,0,0,0,1
6258,1807,7,0.2500,0.0000,0,0,1,0
6259,114,343,1.0000,0.0566,0,0,0,0
6260,822,1523,0.3333,0.2049,0,0,0,1
6261,65,2691,0.0000,0.0280,0,0,0,1
6262,1906,7,0.2500,0.0000,0,0,1,0
6263,685,1121,0.2500,0.1243,0,0,0,1
6264,216,530,0.0000,0.1584,0,0,0,0
6265,124,925,1.0000,0.0054,0,0,0,0
6266,854,1250,0.2500,0.1298,0,0,0,1
6267,1456,3145,0.5000,0.0536,0,0,1,1
6268,561,478,0.6667,0.0000,0,0,1,0
6269,1000,550,0.2500,0.0000,0,0,1,0
6270,1622,1118,0.7500,0.0112,0,0,1,1
6271,230,376,0.0000,0.0385,0,0,0,1
6272,374,534,0.0000,0.0735,0,0,0,0
6273,1801,7,0.2500,0.0000,0,0,1,0
6274,894,1782,0.5000,0.0464,0,0,1,1
6275,900,4651,0.1667,0.0079,0,0,0,1
6276,550,1024,0.2500,0.1677,0,0,0,1
6277,1657,7,0.2500,0.0000,0,0,1,0
6278,1358,82,0.0000,0.0000,0,0,0,0
6279,752,469,1.0000,0.0429,0,0,0,0
6280,312,20,1.0000,0.0000,0,0,0,0
6281,1328,2826,0.2500,0.0034,0,0,1,0
6282,842,184,0.2500,0.0000,0,0,1,0
6283,120,373,0.0000,0.1127,0,0,0,0
6284,2275,6,0.0000,0.0000,0,0,0,0
6285,1245,267,0.4000,0.0000,0,0,1,0
6286,314,21,1.0000,0.0000,0,0,0,0
6287,12940,892,0.0000,0.8582,0,0,0,0
6288,40,88,1.0000,0.0000,0,0,0,0
6289,311,129,0.6667,0.1739,0,0,1,0
6290,664,120,0.5000,0.0000,0,0,0,0
6291,375,865,0.3333,0.0174,1,0,0,0
6292,317,28,1.0000,0.0000,0,0,0,0
6293,422,1253,0.0000,0.0947,0,0,0,1
6294,81,356,1.0000,0.0000,0,0,0,0
6295,416,1162,0.0000,0.0278,0,0,0,1
6296,288,975,0.2500,0.0884,0,0,0,0
6297,124,44,1.0000,0.0000,0,0,0,0
6298,309,17,1.0000,0.0000,0,0,0,0
6299,481,1120,0.3333,0.0238,0,0,0,0
6300,4783,82,1.0000,0.0000,0,0,0,0
6301,490,462,0.6667,0.0000,0,0,0,0
6302,518,1027,0.0000,0.0915,0,0,0,1
6303,1691,8,0.2500,0.0000,0,0,1,0
6304,718,1303,0.0000,0.0190,0,0,0,0
6305,1575,80,0.3333,0.2667,0,0,1,0
6306,550,766,0.0000,0.0827,0,0,0,1
6307,438,946,0.0000,0.0329,0,0,0,1
6308,343,1514,0.0000,0.1413,0,0,0,1
6309,314,29,0.0000,0.0000,0,0,0,0
6310,18,526,0.0000,0.0000,0,0,0,0
6311,771,831,1.0000,0.0085,1,0,0,0
6312,109,1160,0.0000,0.0404,0,0,0,1
6313,319,26,1.0000,0.0000,0,0,0,0
6314,1290,2493,0.6000,0.0566,0,0,1,1
6315,1096,1177,0.6667,0.0847,0,0,1,1
6316,430,1060,0.0000,0.0875,0,0,0,1
6317,1364,2522,0.4000,0.0622,0,0,1,1
6318,311,21,1.0000,0.0000,0,0,0,0
6319,272,417,0.0000,0.0513,0,0,0,0
6320,939,400,0.6667,0.0000,0,0,1,0
6321,593,762,0.5000,0.1269,0,0,1,1
6322,68,2616,0.0000,0.0000,0,0,0,0
6323,1041,838,0.2500,0.0236,0,0,1,0
6324,1459,1143,0.2500,0.0000,0,0,1,0
6325,1662,8,0.2500,0.0000,0,0,1,0
6326,151,387,0.0000,0.0000,0,0,0,0
6327,779,1364,0.6667,0.2000,0,0,1,1
6328,990,2848,0.6000,0.1116,0,0,1,1
6329,544,2117,1.0000,0.0087,0,0,0,0
6330,1282,1862,0.7500,0.0430,0,0,1,1
6331,1345,3355,0.5000,0.1967,1,0,1,1
6332,1349,2269,0.4000,0.0582,0,0,1,1
6333,137,455,1.0000,0.0000,0,0,0,0
6334,187,320,1.0000,0.0000,0,0,0,0
6335,2576,28,0.0000,0.0000,0,0,0,0
6336,133,1341,0.0000,0.1152,0,0,0,1
6337,182,1530,0.4000,0.0082,0,0,0,1
6338,656,903,0.5000,0.0619,0,0,0,1
6339,140,2622,0.0000,0.0024,0,0,0,1
6340,1215,794,0.5000,0.0000,0,0,1,0
6341,544,762,0.0000,0.0000,0,0,0,1
6342,312,22,1.0000,0.0000,0,0,0,0
6343,473,358,1.0000,0.0893,0,0,0,0
6344,665,2978,1.0000,0.0000,0,0,0,0
6345,438,839,0.6667,0.1284,0,0,1,0
6346,1429,2063,0.5000,0.0988,0,0,1,0
6347,623,155,0.4000,0.0000,0,0,1,0
6348,1570,1304,0.7500,0.0000,0,0,1,1
6349,246,1006,0.0000,0.1106,0,0,0,0
6350,75,871,0.0000,0.0000,0,0,0,0
6351,508,1845,0.0000,0.0364,0,0,0,1
6352,60,286,1.0000,0.0000,0,0,0,0
6353,751,1482,0.0000,0.0719,0,0,0,0
6354,1420,197,1.0000,0.0556,0,0,0,0
6355,679,6,0.0000,0.0000,0,0,0,0
6356,319,29,1.0000,0.0000,0,0,0,0
6357,1666,3737,0.2500,0.0041,0,0,0,1
6358,900,2669,0.2500,0.0284,0,0,0,1
6359,134,331,1.0000,0.0000,0,0,0,0
6360,912,2063,0.3333,0.0137,1,0,1,0
6361,407,2006,0.3333,0.0000,0,0,0,1
6362,235,1435,0.0000,0.0000,0,0,0,0
6363,111,668,1.0000,0.0000,0,0,0,0
6364,1602,2319,0.5000,0.0942,0,0,1,0
6365,363,368,1.0000,0.0000,0,0,0,0
6366,311,19,1.0000,0.0000,0,0,0,0
6367,66,1211,0.0000,0.0000,0,0,0,0
6368,906,711,0.5000,0.0800,0,0,1,1
6369,738,345,0.3333,0.0000,0,0,0,0
6370,946,816,1.0000,0.0161,0,0,0,0
6371,1000,2685,0.4000,0.0609,0,0,1,1
6372,738,3573,0.2500,0.0161,0,0,0,1
6373,333,20,0.0000,0.0000,0,0,0,0
6374,828,61,0.0000,0.6667,0,0,0,0
6375,1527,65,0.3333,0.2000,0,0,1,0
6376,50,1356,0.0000,0.0111,0,0,0,0
6377,310,19,1.0000,0.0000,0,0,0,0
6378,1079,3160,0.7500,0.2195,0,0,1,1
6379,118,36,1.0000,0.1000,0,0,0,0
6380,1010,1656,0.2000,0.1767,0,0,1,1
6381,985,570,0.3333,0.1562,0,0,1,0
6382,1214,1640,0.6667,0.0563,0,0,1,0
6383,318,26,1.0000,0.0000,0,0,0,0
6384,930,1700,0.6000,0.0304,0,0,1,1
6385,302,188,0.0000,0.0000,0,0,0,0
6386,2883,2018,0.5000,0.0129,0,0,0,0
6387,555,2134,0.5000,0.0348,0,0,0,0
6388,1863,3568,0.0000,0.1440,0,0,0,1
6389,89,1212,0.4000,0.0057,0,0,1,1
6390,896,2548,0.2000,0.2088,1,0,1,1
6391,294,834,0.6667,0.0776,0,0,0,0
6392,1583,5,0.2500,0.0000,0,0,1,0
6393,1234,2855,0.6667,0.0962,0,0,0,0
6394,1299,1593,0.2500,0.0000,0,0,1,0
6395,586,3120,0.5000,0.0214,0,0,1,1
6396,2485,946,0.0000,0.1774,0,0,0,0
6397,1119,1013,0.5000,0.2258,0,0,1,0
6398,1041,2646,0.5000,0.1338,0,0,0,1
6399,319,273,0.6667,0.0000,0,0,1,0
6400,796,2000,0.5000,0.1209,0,0,1,1
6401,22,70,1.0000,0.0000,0,0,0,0
6402,785,462,0.4000,0.0169,0,0,1,0
6403,56,30,1.0000,0.0000,0,0,0,0
6404,247,483,0.0000,0.0114,0,0,0,0
6405,209,398,0.5000,0.0000,0,0,0,0
6406,477,1124,0.0000,0.2202,0,0,0,1
6407,295,629,0.0000,0.0083,0,0,0,1
6408,885,1984,0.6000,0.1411,0,0,1,1
6409,479,233,1.0000,0.0000,0,0,0,0
6410,831,1403,0.0000,0.0861,0,0,0,1
6411,1587,495,1.0000,0.0548,0,0,0,0
6412,720,554,0.6667,0.0000,0,0,1,0
6413,340,699,0.0000,0.0204,0,0,0,0
6414,806,1530,0.0000,0.0614,0,0,0,1
6415,3433,244,0.0000,0.0000,0,0,0,0
6416,318,26,0.0000,1.0000,0,0,1,0
6417,1824,1824,0.6667,0.4649,0,0,1,1
6418,1311,2002,0.5000,0.1128,0,0,0,1
6419,653,215,0.6667,0.0000,0,0,1,0
6420,825,331,0.6667,0.0000,1,0,1,0
6421,1719,88,0.0000,0.0000,0,0,0,0
6422,308,17,1.0000,0.0000,0,0,0,0
6423,712,561,1.0000,0.0000,0,0,0,0
6424,310,19,1.0000,0.0000,0,0,0,0
6425,29,464,1.0000,0.0000,0,0,0,0
6426,341,829,0.5000,0.0000,0,0,0,0
6427,516,330,1.0000,0.0000,0,0,0,0
6428,84,1911,0.0000,0.0000,1,0,0,0
6429,221,978,0.6667,0.0336,0,0,0,0
6430,1018,2280,0.4000,0.0982,0,0,1,1
6431,613,1399,0.0000,0.0248,0,0,0,1
6432,312,22,1.0000,0.0000,0,0,0,0
6433,73,1393,0.0000,0.0036,0,0,0,0
6434,75,1403,0.0000,0.0051,1,0,0,0
6435,808,458,0.6667,0.0000,0,0,1,0
6436,48,168,1.0000,0.1639,0,0,0,0
6437,173,408,0.0000,0.1154,0,0,0,0
6438,1198,2063,0.5000,0.0455,0,0,1,1
6439,1235,905,0.6667,0.0867,0,0,1,1
6440,307,589,0.0000,0.2609,0,0,0,1
6441,1590,5,0.2500,0.0000,0,0,1,0
6442,336,2,0.0000,0.0000,0,0,0,0
6443,235,2787,0.0000,0.0327,0,0,0,1
6444,104,137,1.0000,0.0000,0,0,0,0
6445,1056,1506,0.5000,0.0103,0,0,1,0
6446,309,588,1.0000,0.0000,0,0,0,0
6447,1613,5,0.2500,0.0000,0,0,1,0
6448,3676,64,0.0000,0.0000,0,0,0,0
6449,143,441,0.0000,0.0143,1,0,0,0
6450,1151,1297,1.0000,0.0000,0,0,0,0
6451,1305,1900,0.5000,0.2171,1,0,1,1
6452,1229,95,0.6667,0.4000,0,0,1,0
6453,1387,334,0.4000,0.0000,0,0,1,0
6454,1867,2443,0.4000,0.1600,0,0,1,1
6455,2500,6292,0.2500,0.0058,0,0,0,1
6456,986,3074,0.5000,0.0971,0,0,1,1
6457,192,1066,0.0000,0.0957,0,0,0,0
6458,826,2100,0.3333,0.0000,0,0,0,0
6459,309,17,1.0000,0.0000,0,0,0,0
6460,1025,933,0.5000,0.1053,0,0,1,0
6461,2621,286,0.0000,0.8500,0,0,0,0
6462,199,196,0.5000,0.0000,0,0,0,0
6463,229,113,0.0000,0.3500,0,0,1,0
6464,373,7,0.0000,0.0000,0,0,0,0
6465,144,2579,0.0000,0.0000,1,0,0,1
6466,87,228,1.0000,0.0000,0,0,0,0
6467,1602,1290,0.2500,0.0047,0,0,1,1
6468,1165,2922,0.5000,0.0814,0,0,1,1
6469,190,1272,0.0000,0.0053,0,0,0,1
6470,372,1269,0.3333,0.0556,0,0,0,0
6471,1188,71,0.3333,0.1818,0,0,1,0
6472,498,2607,0.2500,0.0000,0,0,0,1
6473,754,1794,0.6667,0.0115,1,0,0,0
6474,381,29,0.0000,0.0000,0,0,0,0
6475,206,417,0.5000,0.0000,0,0,0,0
6476,243,1389,0.0000,0.0134,0,0,0,1
6477,1349,154,0.5000,0.0000,0,0,1,0
6478,1619,8,0.2500,0.0000,0,0,1,0
6479,1695,5480,0.2500,0.0014,0,0,0,1
6480,331,509,0.0000,0.3579,0,0,0,0
6481,21,17,1.0000,0.0000,0,0,0,0
6482,647,602,1.0000,0.0000,0,0,0,0
6483,314,21,1.0000,0.0000,0,0,0,0
6484,544,4,0.0000,0.0000,0,0,0,0
6485,1746,7,0.2500,0.0000,0,0,1,0
6486,314,832,0.0000,0.1096,0,0,0,0
6487,498,7,0.0000,0.0000,0,0,0,0
6488,441,1255,0.0000,0.0895,0,0,0,1
6489,756,844,0.3333,0.0000,0,0,0,0
6490,151,475,0.3333,0.2143,1,0,0,0
6491,82,2201,0.0000,0.0098,0,0,0,1
6492,26,628,0.0000,0.0591,0,0,0,0
6493,73,2258,0.0000,0.0058,0,0,0,1
6494,1393,2453,0.4000,0.2869,0,0,1,1
6495,962,1939,1.0000,0.0927,0,0,0,0
6496,1175,3527,0.2500,0.1044,0,0,1,0
6497,407,2103,0.0000,0.0000,1,0,0,1
6498,48,388,0.0000,0.0000,0,0,0,0
6499,560,478,0.5000,0.0000,0,0,1,0
6500,1489,2220,0.4000,0.0362,0,0,1,1
6501,1773,2923,0.7500,0.1575,0,0,1,1
6502,1704,2573,0.5000,0.1833,0,0,0,1
6503,859,91,0.6667,0.1538,1,0,1,0
6504,160,1338,0.0000,0.0129,0,0,0,1
6505,317,25,1.0000,0.0000,0,0,0,0
6506,1060,1975,0.5000,0.0049,0,0,1,0
6507,1246,2634,0.4000,0.1221,0,0,1,1
6508,69,325,0.0000,0.0000,0,0,0,1
6509,1653,8,0.2500,0.0000,0,0,1,0
6510,79,350,1.0000,0.0169,0,0,0,0
6511,2044,3068,0.4000,0.0685,0,0,1,1
6512,51,1479,0.0000,0.0000,0,0,0,1
6513,810,1824,0.0000,0.0000,0,0,0,0
6514,547,405,0.0000,0.0000,0,0,0,0
6515,1109,1315,0.5000,0.2312,1,0,1,1
6516,911,3841,0.5000,0.1465,0,0,1,1
6517,795,1289,0.2500,0.0000,0,0,1,0
6518,448,297,0.3333,0.0000,0,0,0,0
6519,1114,2612,0.5000,0.1307,0,0,1,1
6520,1192,1617,0.3333,0.0077,1,0,1,1
6521,965,1430,0.2500,0.1457,0,0,1,0
6522,813,821,0.5000,0.1395,0,0,1,0
6523,321,83,1.0000,0.0833,0,0,0,0
6524,5180,301,0.5000,0.9041,0,0,0,0
6525,1321,11,0.5000,0.0000,0,0,0,0
6526,401,315,1.0000,0.0000,0,0,0,0
6527,161,112,1.0000,0.0000,0,0,0,0
6528,111,2668,0.0000,0.0000,0,0,0,1
6529,1638,257,1.0000,0.5870,0,0,1,1
6530,161,412,0.0000,0.0000,0,0,0,0
6531,309,18,1.0000,0.0000,0,0,0,0
6532,38,203,1.0000,0.1343,0,0,0,0
6533,546,1951,0.5000,0.0141,1,0,0,0
6534,625,1271,0.0000,0.0286,0,0,0,0
6535,1131,2219,0.4000,0.0733,0,0,1,1
6536,309,17,1.0000,0.0000,0,0,0,0
6537,37,8,1.0000,0.0000,0,0,0,0
6538,748,2009,0.6667,0.0939,0,0,1,1
6539,557,423,1.0000,0.0000,0,0,0,0
6540,955,2207,0.4000,0.0503,0,0,1,1
6541,126,1340,0.0000,0.0052,0,0,0,0
6542,3638,3944,0.2000,0.0398,0,0,0,1
6543,4379,12,0.0000,0.0000,0,0,0,0
6544,74,27,0.0000,0.0000,0,0,0,0
6545,2210,12,0.0000,1.0000,0,0,0,0
6546,78,2579,0.0000,0.0000,0,0,0,0
6547,2574,1893,0.0000,0.0346,0,0,0,0
6548,988,1752,1.0000,0.0000,0,0,0,0
6549,199,283,1.0000,0.0000,0,0,0,0
6550,116,84,1.0000,0.0000,0,0,0,0
6551,256,177,0.0000,0.0000,0,0,0,0
6552,99,2599,0.0000,0.0155,0,0,0,1
6553,248,2999,0.0000,0.0000,0,0,0,0
6554,1569,939,0.5000,0.0227,0,0,1,1
6555,84,1257,0.0000,0.0000,1,0,0,0
6556,406,1495,0.0000,0.0175,1,0,0,0
6557,75,3056,0.0000,0.0157,0,0,0,0
6558,372,55,0.0000,0.0000,0,0,0,0
6559,933,526,0.5000,0.0000,0,0,1,0
6560,941,422,1.0000,0.0159,0,0,0,0
6561,309,670,0.0000,0.0446,0,0,0,0
6562,315,25,1.0000,0.0000,0,0,0,0
6563,318,25,1.0000,0.0000,0,0,0,0
6564,862,2153,0.3333,0.1196,0,0,0,1
6565,1777,1004,0.7500,0.0556,0,0,1,1
6566,431,729,0.0000,0.0114,0,0,0,1
6567,113,853,0.0000,0.0000,0,0,0,0
6568,78,487,1.0000,0.0241,0,0,0,0
6569,1489,40,0.0000,0.0000,0,0,0,0
6570,417,1482,0.0000,0.0925,0,0,0,1
6571,373,7,0.0000,0.0000,0,0,0,0
6572,49,17,1.0000,0.0000,0,0,0,0
6573,174,311,1.0000,0.0385,0,0,0,0
6574,926,373,0.6667,0.0000,0,0,1,0
6575,86,761,0.0000,0.0000,0,0,0,0
6576,698,1259,1.0000,0.0419,0,0,0,0
6577,96,20,0.0000,0.5000,0,0,0,0
6578,1349,600,0.5000,0.0000,0,0,0,0
6579,450,974,0.0000,0.0278,0,0,0,1
6580,556,632,1.0000,0.0105,0,0,0,0
6581,127,247,1.0000,0.0000,0,0,0,0
6582,176,330,0.0000,0.0351,0,0,0,0
6583,580,52,0.6667,0.0000,0,0,1,0
6584,76,924,0.0000,0.0325,1,0,0,1
6585,781,163,0.0000,0.0000,0,0,0,0
6586,1640,1822,0.7500,0.0647,0,0,1,1
6587,625,627,0.5000,0.0000,0,0,0,0
6588,801,137,0.3333,0.0500,0,0,1,0
6589,611,1765,0.0000,0.0144,0,0,0,1
6590,41,11,1.0000,0.0000,0,0,0,0
6591,1728,7,0.2500,0.0000,0,0,1,0
6592,317,25,1.0000,0.0000,0,0,0,0
6593,591,4480,0.0000,0.0055,0,0,0,0
6594,250,599,1.0000,0.0000,1,0,0,0
6595,698,726,0.0000,0.0111,0,0,0,0
6596,1579,2483,0.6000,0.1402,0,0,1,1
6597,773,1006,0.5000,0.0238,0,0,0,0
6598,1668,258,1.0000,0.4390,0,0,1,1
6599,1319,5,0.0000,0.0000,0,0,0,0
6600,1249,1668,0.5000,0.1948,0,0,1,1
6601,91,421,1.0000,0.0694,0,0,0,0
6602,775,1864,0.5000,0.0859,1,0,1,1
6603,1744,7,0.2500,0.0000,0,0,1,0
6604,315,2344,0.2500,0.0000,0,0,0,1
6605,219,454,0.0000,0.1447,0,0,0,0
6606,430,62,1.0000,0.0455,0,0,0,0
6607,426,1836,1.0000,0.1368,0,0,0,0
6608,1018,2675,0.5000,0.0907,0,0,1,1
6609,269,1722,0.5000,0.1336,0,0,0,1
6610,450,925,0.0000,0.0368,0,0,0,1
6611,2245,275,0.0000,0.0816,0,0,0,0
6612,92,1972,0.0000,0.0811,0,0,0,1
6613,1032,189,1.0000,0.2632,0,0,0,0
6614,1031,4338,0.3333,0.0000,0,0,0,1
6615,970,2893,0.0000,0.0285,0,0,0,1
6616,1343,6346,0.2500,0.0000,0,0,0,1
6617,233,100,0.3333,0.0000,0,0,1,0
6618,1773,165,1.0000,0.4800,0,0,1,1
6619,875,2105,0.2500,0.0521,0,0,1,0
6620,520,1026,1.0000,0.0000,0,0,1,1
6621,416,1186,0.3333,0.0000,0,0,0,0
6622,102,267,1.0000,0.0213,0,0,0,0
6623,843,2014,0.4000,0.0679,0,0,1,1
6624,1243,3152,0.2500,0.0269,0,0,0,1
6625,1697,43,0.0000,0.0000,0,0,0,0
6626,1210,1782,0.2000,0.1456,0,0,1,1
6627,326,1037,0.0000,0.0424,0,0,0,1
6628,980,2517,0.4000,0.0735,0,0,1,1
6629,2223,227,0.3333,0.0526,0,0,1,0
6630,23,94,1.0000,0.0000,0,0,0,0
6631,472,471,0.0000,0.0476,0,0,0,1
6632,490,1753,0.0000,0.0000,0,0,0,0
6633,526,172,0.6667,0.0000,0,0,1,0
6634,1071,1128,0.2500,0.0000,0,0,1,0
6635,816,3637,0.2500,0.0618,0,0,1,0
6636,374,570,0.5000,0.0899,1,0,0,0
6637,1676,7,0.2500,0.0000,0,0,1,0
6638,52,552,0.5000,0.0094,0,0,0,0
6639,1120,2871,0.5000,0.0662,0,0,1,1
6640,48,7,1.0000,0.0000,0,0,0,0
6641,195,2037,0.0000,0.0136,0,0,0,1
6642,165,1872,0.0000,0.0554,0,0,0,1
6643,139,625,1.0000,0.0543,0,0,0,0
6644,290,2214,0.0000,0.0223,0,0,0,1
6645,1592,915,0.5000,0.0121,0,0,1,1
6646,752,1889,0.0000,0.0038,1,0,0,1
6647,1651,7,0.2500,0.0000,0,0,1,0
6648,364,314,0.0000,0.1296,0,0,0,0
6649,1795,204,1.0000,0.2895,0,0,0,0
6650,1873,7,0.2500,0.0000,0,0,1,0
6651,516,5151,0.0000,0.0043,0,0,0,0
6652,29,184,1.0000,0.0000,0,0,0,0
6653,1354,1054,0.2500,0.0139,0,0,1,0
6654,232,130,0.0000,0.1429,0,0,1,0
6655,1416,3459,0.4000,0.0172,0,0,1,1
6656,1166,3015,0.5000,0.1150,0,0,0,1
6657,321,888,0.3333,0.0400,1,0,0,0
6658,317,27,1.0000,0.0000,0,0,0,0
6659,1502,2986,0.5000,0.1116,0,0,0,1
6660,484,413,1.0000,0.0000,0,0,0,0
6661,368,989,1.0000,0.0000,0,0,0,0
6662,1118,2465,0.4000,0.0685,0,0,1,1
6663,720,870,0.2500,0.0000,0,0,1,0
6664,3790,5995,0.5000,0.0024,0,0,0,1
6665,311,22,1.0000,0.0000,0,0,0,0
6666,320,27,1.0000,0.0000,0,0,0,0
6667,991,2842,0.4000,0.1543,0,0,1,1
6668,43,170,1.0000,0.0000,0,0,0,0
6669,65,1155,0.0000,0.0000,0,0,0,0
6670,440,2140,0.0000,0.0923,0,0,0,0
6671,397,159,0.0000,0.0000,0,0,0,0
6672,456,789,0.0000,0.1440,0,0,0,1
6673,445,113,1.0000,0.0000,0,0,0,0
6674,1300,2881,0.4000,0.1032,0,0,1,1
6675,287,274,1.0000,0.1220,0,0,0,0
6676,62,2423,0.0000,0.0000,0,0,0,1
6677,1622,2741,0.6000,0.0968,0,0,1,1
6678,390,918,0.2500,0.0213,0,0,0,1
6679,1330,2795,0.4000,0.0379,0,0,1,0
6680,1626,1628,1.0000,0.0913,0,0,1,1
6681,591,707,0.6667,0.1277,1,0,0,0
6682,1751,7,0.2500,0.0000,0,0,1,0
6683,543,1652,0.2500,0.0038,0,0,1,0
6684,1690,1363,0.5000,0.0000,0,0,1,1
6685,1818,8,0.2500,0.0000,0,0,1,0
6686,1637,159,0.3333,0.2609,0,0,1,0
6687,378,409,0.0000,0.3333,0,0,0,0
6688,337,1499,0.0000,0.0000,1,0,0,0
6689,476,2784,0.0000,0.0122,0,0,0,1
6690,1076,3832,0.3333,0.0786,0,0,1,1
6691,305,461,0.0000,0.0412,0,0,0,0
6692,3175,100,0.5000,0.0000,0,0,0,0
6693,186,519,0.0000,0.1294,0,0,0,0
6694,2370,2242,0.5000,0.5280,0,0,0,0
6695,426,1526,0.0000,0.0680,0,0,0,0
6696,53,371,1.0000,0.0000,0,0,0,0
6697,60,429,1.0000,0.0000,0,0,0,0
6698,715,83,0.0000,0.0000,0,0,0,0
6699,1402,3972,0.4000,0.0264,0,0,1,1
6700,2248,110,1.0000,0.0769,0,0,0,0
6701,1265,647,0.0000,0.0594,0,0,0,0
6702,133,1104,0.0000,0.0137,0,0,0,1
6703,692,632,0.6667,0.0000,0,0,1,0
6704,469,2003,0.2000,0.0033,0,0,1,1
6705,315,26,1.0000,0.0000,0,0,0,0
6706,81,679,0.0000,0.0522,0,0,0,1
6707,417,1490,0.0000,0.0000,0,0,0,0
6708,312,20,1.0000,0.0000,0,0,0,0
6709,1035,16,0.0000,0.0000,0,0,0,0
6710,90,25,0.0000,0.2000,0,0,0,0
6711,143,1928,0.0000,0.0000,0,0,0,0
6712,1414,2340,0.2000,0.0536,0,0,1,1
6713,179,211,1.0000,0.3377,0,0,0,0
6714,1283,566,0.5000,0.0000,0,0,1,0
6715,354,942,0.0000,0.0889,0,0,0,0
6716,1775,318,0.2500,0.0000,0,0,1,0
6717,317,27,1.0000,0.0000,0,0,0,0
6718,646,13,0.5000,0.0000,0,0,0,0
6719,1752,3581,0.2500,0.0090,0,0,0,1
6720,119,1177,0.0000,0.0154,0,0,0,0
6721,263,1985,0.0000,0.0393,0,0,0,0
6722,944,439,1.0000,0.2459,0,0,0,0
6723,1652,7,0.2500,0.0000,0,0,1,0
6724,294,527,0.0000,0.2083,0,0,0,0
6725,409,145,1.0000,0.0000,0,0,0,0
6726,3278,120,0.0000,0.0000,0,0,0,0
6727,251,551,0.0000,0.0446,0,0,0,0
6728,217,1867,0.0000,0.0000,0,0,0,1
6729,91,226,0.0000,0.0000,0,0,0,0
6730,95,2727,0.0000,0.0120,1,0,0,1
6731,358,258,0.0000,0.0233,0,0,0,1
6732,1174,1437,0.6667,0.0000,0,0,0,0
6733,545,691,1.0000,0.0086,0,0,0,0
6734,377,694,0.0000,0.0366,0,0,0,0
6735,977,4623,0.6000,0.0794,0,0,1,1
6736,2585,462,0.0000,0.0000,0,0,0,0
6737,510,577,1.0000,0.0000,0,0,0,0
6738,286,75,0.0000,0.1333,0,0,1,0
6739,1017,2497,1.0000,0.0000,0,0,0,0
6740,1391,6,0.0000,0.0000,0,0,0,0
6741,664,2233,0.3333,0.0628,0,0,0,0
6742,1179,2815,0.2500,0.0788,0,0,1,0
6743,311,20,1.0000,0.0000,0,0,0,0
6744,631,1053,0.3333,0.0000,1,0,0,1
6745,309,18,1.0000,0.0000,0,0,0,0
6746,1190,2205,0.2000,0.0365,0,0,0,1
6747,53,22,1.0000,0.0000,0,0,0,0
6748,993,744,1.0000,0.0000,0,0,0,0
6749,220,542,0.0000,0.0185,0,0,0,0
6750,474,1688,0.6667,0.0815,1,0,0,0
6751,1610,6603,0.2500,0.0101,1,0,0,1
6752,576,605,0.6667,0.1687,0,0,0,0
6753,530,1268,0.2500,0.1143,0,0,0,1
6754,1647,1236,0.5000,0.0588,0,0,1,1
6755,1809,8,0.2500,0.0000,0,0,1,0
6756,113,2217,0.0000,0.0000,0,0,0,1
6757,1635,1400,0.7500,0.0183,0,0,1,1
6758,131,40,1.0000,0.0000,0,0,0,0
6759,1010,2086,0.2500,0.2927,0,0,1,0
6760,382,358,0.0000,0.1026,0,0,0,0
6761,705,4524,0.2000,0.0061,0,0,0,1
6762,842,461,1.0000,0.0000,0,0,0,0
6763,2325,2,0.0000,0.0000,0,0,1,0
6764,818,1257,0.6667,0.1070,0,0,1,1
6765,29,52,1.0000,0.0000,0,0,0,0
6766,1765,7,0.2500,0.0000,0,0,1,0
6767,931,2533,0.4000,0.0706,0,0,1,1
6768,45,210,1.0000,0.0000,0,0,0,0
6769,1081,342,0.6667,0.0000,0,0,1,0
6770,1131,2895,0.5000,0.1149,0,0,0,1
6771,239,599,0.0000,0.0826,0,0,0,0
6772,471,706,0.0000,0.0459,0,0,0,1
6773,444,1377,0.0000,0.0792,0,0,0,0
6774,1657,5,0.2500,0.0000,0,0,1,0
6775,270,1211,0.3333,0.0647,0,0,0,1
6776,960,1864,0.4000,0.0466,0,0,1,1
6777,790,1034,0.0000,0.1587,0,0,0,0
6778,948,2736,0.2000,0.0271,0,0,1,1
6779,1823,1338,0.5000,0.0000,0,0,1,0
6780,940,1765,0.2000,0.1075,0,0,1,1
6781,175,310,1.0000,0.0000,0,0,0,0
6782,15,978,0.0000,0.0000,0,0,0,0
6783,148,805,0.0000,0.0597,0,0,0,0
6784,91,259,0.0000,0.0000,0,0,0,1
6785,40,1668,0.0000,0.0000,0,0,0,0
6786,161,49,1.0000,1.0000,0,0,0,0
6787,142,381,0.5000,0.0000,0,0,0,0
6788,1277,4091,0.2500,0.0000,1,0,0,1
6789,538,1044,0.0000,0.1761,0,0,0,1
6790,111,1736,0.0000,0.0000,0,0,0,1
6791,600,395,0.5000,0.0000,0,0,0,0
6792,899,7226,0.2000,0.0010,0,0,0,1
6793,57,115,1.0000,0.0000,0,0,0,0
6794,924,1272,0.5000,0.1829,0,0,0,0
6795,913,1642,0.0000,0.0884,0,0,0,0
6796,893,2130,0.2500,0.0000,1,0,1,0
6797,317,24,1.0000,0.0000,0,0,0,0
6798,1323,2295,0.2500,0.1108,0,0,0,1
6799,357,2333,0.0000,0.0048,0,0,0,1
6800,1594,3,0.0000,0.0000,0,0,0,0
6801,369,1138,0.0000,0.0398,0,0,0,0
6802,104,1483,0.0000,0.0142,0,0,0,0
6803,153,299,0.0000,0.0566,0,0,0,0
6804,1388,2801,0.4000,0.1239,0,0,1,1
6805,2077,4708,0.6000,0.1586,0,0,1,1
6806,320,1250,0.0000,0.0769,0,0,0,0
6807,50,272,0.0000,0.0000,0,0,0,0
6808,465,383,0.6667,0.0000,0,0,0,0
6809,388,2429,0.0000,0.0000,0,0,0,0
6810,186,747,0.0000,0.0000,0,0,0,0
6811,111,1732,0.0000,0.0145,0,0,0,0
6812,868,889,0.2000,0.0152,1,0,0,1
6813,344,1960,0.0000,0.0000,1,0,0,0
6814,1803,7,0.2500,0.0000,0,0,1,0
6815,232,364,1.0000,0.0000,0,0,0,0
6816,21,56,0.0000,0.0000,0,0,0,0
6817,1215,351,0.3333,0.0385,0,0,1,0
6818,247,136,0.0000,0.0000,0,0,0,0
6819,1084,2157,0.2500,0.0192,0,0,0,1
6820,951,912,1.0000,0.0333,0,0,1,1
6821,922,696,0.2000,0.4231,0,0,1,0
6822,1496,1802,0.7500,0.0453,0,0,0,0
6823,415,1480,0.0000,0.0149,0,0,0,1
6824,3996,4351,0.2000,0.0155,0,0,0,1
6825,291,492,0.0000,0.2209,0,0,0,0
6826,78,1090,0.0000,0.0327,0,0,0,1
6827,3791,8,0.0000,0.0000,0,0,0,0
6828,621,255,0.6667,0.0000,0,0,0,0
6829,1002,2250,0.4000,0.0224,0,0,1,1
6830,41,619,1.0000,0.0000,0,0,0,0
6831,519,502,0.5000,0.1316,0,0,0,0
6832,89,253,0.0000,0.0000,0,0,0,0
6833,276,2422,0.0000,0.0193,0,0,0,1
6834,643,2128,0.0000,0.0061,0,0,0,1
6835,568,917,0.3333,0.1203,0,0,0,1
6836,171,858,0.2500,0.0150,0,0,0,1
6837,1021,56,0.3333,0.1250,0,0,1,0
6838,1180,226,0.2500,0.0000,0,0,1,0
6839,314,22,1.0000,0.0000,0,0,0,0
6840,1207,1343,0.6667,0.0000,0,0,1,0
6841,397,57,1.0000,0.0000,0,0,0,0
6842,232,77,0.0000,0.0000,0,0,1,0
6843,444,497,1.0000,0.0125,0,0,0,0
6844,317,27,1.0000,0.0000,0,0,0,0
6845,704,1754,0.5000,0.1139,0,0,1,1
6846,319,29,1.0000,0.0000,0,0,0,0
6847,1613,2,0.0000,0.0000,0,0,0,0
6848,403,117,1.0000,0.0000,0,0,0,0
6849,255,987,0.0000,0.0000,0,0,0,0
6850,172,2841,0.0000,0.0023,0,0,0,0
6851,1604,2255,0.3333,0.0355,0,0,0,1
6852,458,892,0.0000,0.1571,0,0,0,1
6853,763,2346,0.5000,0.3341,0,0,1,1
6854,1002,3799,0.3333,0.1027,0,0,0,1
6855,978,164,0.3333,0.0357,0,0,1,0
6856,477,653,0.3333,0.0897,0,0,0,0
6857,44,54,1.0000,0.7059,0,0,0,0
6858,356,1515,0.0000,0.0000,0,0,0,1
6859,315,22,1.0000,0.0000,0,0,0,0
6860,310,19,1.0000,0.0000,0,0,0,0
6861,212,141,0.3333,0.0526,0,0,1,0
6862,592,1702,0.0000,0.0459,0,0,0,0
6863,722,163,1.0000,0.0000,0,0,0,0
6864,319,26,1.0000,0.0000,0,0,0,0
6865,94,2819,0.0000,0.0000,1,0,0,1
6866,47,495,1.0000,0.0533,0,0,0,0
6867,468,142,0.5000,0.0000,0,0,0,0
6868,562,423,0.5000,0.1250,0,0,1,0
6869,1104,2253,0.6667,0.0335,1,0,1,1
6870,98,479,1.0000,0.0000,0,0,0,0
6871,2427,3523,0.5000,0.0911,0,0,1,1
6872,877,2483,0.0000,0.0158,0,0,0,1
6873,643,179,0.0000,0.1579,0,0,0,0
6874,400,419,0.5000,0.0000,0,0,0,0
6875,278,1620,0.2500,0.0236,1,0,0,0
6876,118,677,0.0000,0.0097,0,0,0,0
6877,1627,8,0.2500,0.0000,0,0,1,0
6878,463,38,0.0000,0.0000,0,0,0,0
6879,411,1447,0.0000,0.0279,0,0,0,1
6880,662,2317,0.3333,0.0365,0,0,1,1
6881,1332,2293,0.5000,0.1562,0,0,1,1
6882,1045,269,0.5000,0.0000,0,0,1,0
6883,1636,8,0.2500,0.0000,0,0,1,0
6884,4289,631,0.5000,0.0000,0,0,0,0
6885,707,1510,0.5000,0.0676,0,0,0,1
6886,389,667,0.0000,0.0330,1,0,0,0
6887,12,331,1.0000,0.0000,0,0,0,0
6888,1632,3562,0.4000,0.0716,0,0,1,1
6889,116,400,0.0000,0.0000,0,0,0,1
6890,153,993,0.0000,0.0361,0,0,0,1
6891,1203,2931,0.5000,0.0392,0,0,1,1
6892,115,3067,0.0000,0.0165,0,0,0,1
6893,1172,2125,0.5000,0.0000,0,0,1,0
6894,516,410,0.3333,0.0000,0,0,0,0
6895,1589,1838,0.6000,0.2812,0,0,1,1
6896,525,366,1.0000,0.2200,0,0,0,0
6897,309,459,0.0000,0.0000,0,0,0,0
6898,580,884,0.3333,0.2698,1,0,0,0
6899,793,1332,0.0000,0.0559,0,0,0,1
6900,436,1259,0.0000,0.0255,0,0,0,1
6901,466,2356,0.0000,0.0087,0,0,0,0
6902,129,44,1.0000,0.0000,0,0,0,0
6903,477,121,1.0000,0.0952,0,0,0,0
6904,2212,3333,0.2500,0.1370,0,0,0,1
6905,1735,7,0.2500,0.0000,0,0,1,0
6906,544,1185,0.0000,0.0691,0,0,0,1
6907,714,21,1.0000,0.0000,0,0,0,0
6908,471,1384,0.0000,0.0591,0,0,0,1
6909,1830,87,0.3333,0.1538,0,0,1,0
6910,1462,103,0.0000,0.0556,0,0,0,0
6911,310,21,1.0000,0.0000,0,0,0,0
6912,118,24,0.0000,0.0000,0,0,0,0
6913,183,321,0.0000,0.0357,0,0,0,0
6914,1078,2972,0.2000,0.1084,0,0,1,1
6915,704,2390,0.6667,0.0000,0,0,1,0
6916,163,720,0.0000,0.0000,0,0,0,0
6917,309,20,1.0000,0.0000,0,0,0,0
6918,991,1862,0.2000,0.0915,1,0,1,1
6919,135,387,1.0000,0.0000,0,0,0,0
6920,640,281,1.0000,0.0000,0,0,0,0
6921,329,943,1.0000,0.0078,0,0,0,0
6922,169,931,0.0000,0.0000,0,0,0,1
6923,226,75,0.0000,0.0000,0,0,0,0
6924,653,175,1.0000,0.0000,0,0,0,0
6925,1190,2779,0.5000,0.0214,0,0,1,1
6926,466,651,1.0000,0.0000,0,0,0,0
6927,730,2930,0.0000,0.0376,0,0,0,0
6928,57,934,0.0000,0.0000,0,0,0,0
6929,292,297,1.0000,0.0000,0,0,0,0
6930,1909,1299,0.2500,0.2463,0,0,0,1
6931,1916,5,0.2500,0.0000,0,0,1,0
6932,402,816,1.0000,0.0000,0,0,0,0
6933,408,3139,0.2000,0.0073,0,0,0,1
6934,4276,3094,0.0000,0.0478,0,0,0,1
6935,740,590,0.3333,0.0000,0,0,0,0
6936,1690,1386,0.5000,0.0146,0,0,0,1
6937,1115,2178,0.6667,0.0519,0,0,1,1
6938,978,2025,0.6000,0.0472,0,0,1,1
6939,218,1433,0.0000,0.0814,0,0,0,1
6940,601,2052,0.2500,0.0104,0,0,0,0
6941,127,366,0.0000,0.0000,1,0,0,0
6942,196,517,0.0000,0.0707,0,0,0,0
6943,188,14,0.0000,1.0000,0,0,0,0
6944,309,18,1.0000,0.0000,0,0,0,0
6945,766,844,0.0000,0.0500,0,0,0,0
6946,1240,787,0.2000,0.0000,0,0,1,0
6947,290,996,1.0000,0.0000,0,0,0,0
6948,312,21,1.0000,0.0000,0,0,0,0
6949,457,1437,0.0000,0.0460,0,0,0,1
6950,1755,7,0.2500,0.0000,0,0,1,0
6951,31,306,1.0000,0.0000,0,0,0,0
6952,696,4835,0.1667,0.0000,0,0,0,1
6953,724,338,1.0000,0.0000,0,0,0,0
6954,559,2606,0.3333,0.0031,1,0,0,1
6955,308,15,1.0000,0.0000,0,0,0,0
6956,578,401,1.0000,0.0000,0,0,0,0
6957,316,27,1.0000,0.0000,0,0,0,0
6958,972,1109,0.6667,0.0000,0,0,1,0
6959,317,27,1.0000,1.0000,0,0,0,0
6960,470,1088,0.0000,0.1111,0,0,0,1
6961,593,775,0.5000,0.0444,0,0,1,0
6962,73,3278,0.0000,0.0024,0,0,0,1
6963,391,2859,0.0000,0.0047,0,0,0,1
6964,445,1131,0.2500,0.0988,0,0,0,1
6965,748,2148,1.0000,0.0000,0,0,0,0
6966,750,107,0.5000,0.3684,0,0,0,0
6967,253,600,0.0000,0.0349,0,0,0,1
6968,275,1489,1.0000,0.0000,0,0,0,0
6969,305,14,1.0000,0.0000,0,0,0,0
6970,1796,3772,0.0000,0.0000,0,0,0,0
6971,1630,7,0.2500,0.0000,0,0,1,0
6972,483,4,0.0000,0.0000,0,0,0,0
6973,136,819,0.0000,0.0000,0,0,0,0
6974,1080,2834,0.5000,0.0600,0,0,1,1
6975,881,1960,0.6667,0.0758,0,0,1,1
6976,1052,1711,0.4000,0.1462,0,0,1,1
6977,1046,2753,0.2500,0.1025,0,0,1,0
6978,529,686,0.0000,0.0238,0,0,0,0
6979,280,54,0.5000,0.0000,0,0,0,0
6980,540,5,0.5000,0.0000,0,0,0,0
6981,276,4097,0.0000,0.0000,0,0,0,1
6982,479,173,1.0000,0.0000,0,0,0,0
6983,69,117,1.0000,0.0000,0,0,0,0
6984,1060,501,0.5000,0.0000,0,0,1,0
6985,1851,8,0.2500,0.0000,0,0,1,0
6986,642,1044,0.0000,0.1145,0,0,0,1
6987,956,3017,0.4000,0.0222,0,0,1,1
6988,1433,3128,0.5000,0.0531,0,0,1,1
6989,98,13,0.5000,0.0000,0,0,0,0
6990,281,798,1.0000,0.0368,0,0,0,0
6991,1664,8,0.2500,0.0000,0,0,1,0
6992,722,2442,0.6667,0.0730,0,0,1,1
6993,781,1202,0.0000,0.0844,0,0,0,0
6994,115,367,1.0000,0.0968,0,0,0,0
6995,531,918,0.6667,0.0000,0,0,0,0
6996,319,26,1.0000,0.0000,0,0,0,0
6997,272,1824,0.3333,0.0121,0,0,0,0
6998,803,500,0.4000,0.0299,0,0,1,0
6999,460,30,0.0000,0.0000,0,0,0,0
7000,321,404,0.0000,0.0423,0,0,0,0
7001,669,1307,0.0000,0.0085,0,0,0,1
7002,723,346,0.6667,0.0000,0,0,1,0
7003,1505,28,0.0000,0.0000,0,0,0,0
7004,873,419,0.6667,0.0000,0,0,1,0
7005,27,45,1.0000,0.5000,0,0,0,0
7006,1364,3145,0.4000,0.1257,0,0,1,1
7007,510,165,0.5000,0.0000,0,0,0,0
7008,1057,1532,1.0000,0.0516,0,0,0,0
7009,108,26,1.0000,0.6000,0,0,0,0
7010,311,21,1.0000,0.0000,0,0,0,0
7011,401,1065,0.0000,0.0380,0,0,0,1
7012,1054,2583,0.2000,0.0525,0,0,1,1
7013,1216,2021,0.2000,0.0967,0,0,1,1
7014,1254,1284,0.5000,0.0050,0,0,1,1
7015,306,1349,0.0000,0.0552,0,0,0,1
7016,838,510,0.6667,0.0000,0,0,1,0
7017,749,392,1.0000,0.0000,0,0,0,0
7018,1146,2078,0.4000,0.0925,0,0,1,1
7019,1268,1,0.0000,0.0000,0,0,0,0
7020,310,18,1.0000,0.0000,0,0,0,0
7021,1304,2547,0.0000,0.0399,1,0,0,0
7022,802,168,0.7500,0.0000,0,0,0,0
7023,308,17,1.0000,0.0000,0,0,0,0
7024,308,19,1.0000,0.0000,0,0,0,0
7025,200,17,1.0000,1.0000,0,0,0,0
7026,384,566,0.0000,0.0440,0,0,0,0
7027,338,1228,0.0000,0.0419,1,0,0,0
7028,210,1385,0.0000,0.0000,0,0,0,0
7029,88,366,1.0000,0.0000,0,0,0,0
7030,1842,83,0.3333,0.0769,0,0,1,0
7031,1135,1575,0.5000,0.0609,0,0,1,1
7032,119,1118,0.2500,0.0000,0,0,0,1
7033,499,1161,0.7500,0.0745,0,0,0,1
7034,926,1723,0.0000,0.0262,0,0,0,0
7035,546,3,1.0000,0.0000,0,0,0,0
7036,1716,1240,0.2000,0.0318,0,0,1,0
7037,55,2227,0.0000,0.0000,0,0,0,0
7038,149,19,0.0000,1.0000,0,0,0,0
7039,1665,71,0.3333,0.3333,0,0,1,0
7040,855,2656,0.0000,0.0353,0,0,0,1
7041,793,1364,0.6000,0.0505,0,0,1,1
7042,818,2291,0.5000,0.0760,0,0,1,1
7043,12,588,1.0000,0.0000,0,0,0,0
7044,412,1358,0.5000,0.0507,1,0,0,0
7045,129,1755,0.3333,0.0000,0,0,0,1
7046,530,926,0.0000,0.0638,0,0,0,0
7047,573,1639,0.5000,0.0000,0,0,0,0
7048,1904,7,0.2500,0.0000,0,0,1,0
7049,232,1919,0.0000,0.0000,0,0,0,1
7050,313,21,1.0000,0.0000,0,0,0,0
7051,53,85,1.0000,0.0000,0,0,0,0
7052,310,18,1.0000,0.0000,0,0,0,0
7053,1761,3828,0.5000,0.1711,0,0,1,1
7054,1586,7,0.2500,0.0000,0,0,1,0
7055,1005,742,0.4000,0.0417,0,0,1,0
7056,569,3078,0.0000,0.0023,0,0,0,1
7057,317,24,1.0000,0.0000,0,0,0,0
7058,680,1063,0.2500,0.0950,0,0,0,1
7059,592,40,1.0000,0.0000,0,0,0,0
7060,791,1128,0.0000,0.0714,0,0,0,0
7061,123,1536,0.0000,0.0000,0,0,0,0
7062,88,69,1.0000,0.0833,0,0,0,0
7063,2498,4122,0.2000,0.1191,0,0,0,1
7064,488,3254,0.0000,0.0000,0,0,0,1
7065,80,35,0.0000,0.3333,0,0,0,0
7066,242,1807,0.6667,0.0042,1,0,0,0
7067,132,1026,0.3333,0.0272,1,0,0,0
7068,1488,723,0.0000,0.2294,1,0,0,0
7069,141,40,1.0000,0.0000,0,0,0,0
7070,43,33,1.0000,0.0000,0,0,0,0
7071,965,587,1.0000,0.0000,0,0,0,0
7072,2503,5339,0.2500,0.0144,0,0,0,1
7073,34,178,0.0000,0.0000,0,0,0,0
7074,184,1105,0.0000,0.0000,1,0,0,0
7075,702,1831,0.0000,0.0108,0,0,0,1
7076,1407,7,0.5000,0.0000,0,0,0,0
7077,431,2980,0.0000,0.0051,0,0,0,1
7078,320,30,1.0000,0.0000,0,0,0,0
7079,1432,6523,0.2500,0.0045,0,0,0,1
7080,90,301,0.0000,0.0000,0,0,0,0
7081,1755,1637,0.7500,0.0296,0,0,1,1
7082,238,1,0.0000,0.0000,0,0,0,0
7083,1255,1669,0.0000,0.1128,0,0,0,0
7084,304,596,0.3333,0.0330,1,0,0,0
7085,326,489,0.0000,0.0000,0,0,0,0
7086,501,701,0.3333,0.0000,0,0,0,0
7087,1080,1956,0.3333,0.2552,0,0,0,0
7088,1802,7,0.2500,0.0000,0,0,1,0
7089,196,1142,0.0000,0.0000,0,0,0,0
7090,1362,2483,0.4000,0.0482,0,0,1,1
7091,1190,3852,0.4000,0.0628,0,0,1,1
7092,920,1160,1.0000,0.0000,0,0,0,0
7093,53,370,0.0000,0.0000,0,0,0,1
7094,314,22,1.0000,0.0000,0,0,0,0
7095,747,1002,0.0000,0.0444,0,0,0,1
7096,726,560,0.6667,0.0175,0,0,0,0
7097,601,566,1.0000,0.0000,0,0,0,0
7098,877,1248,0.5000,0.0000,0,0,0,0
7099,1654,2696,0.2500,0.0305,0,0,0,1
7100,283,671,0.0000,0.2126,0,0,0,0
7101,886,892,0.0000,0.0980,0,0,0,0
7102,1274,2818,0.6667,0.1287,0,0,0,1
7103,1680,4540,0.4000,0.2258,0,0,1,1
7104,1303,2650,0.4000,0.0586,0,0,1,1
7105,86,1220,0.0000,0.1658,0,0,0,1
7106,83,239,1.0000,0.0000,0,0,0,0
7107,309,18,1.0000,0.0000,0,0,0,0
7108,318,26,1.0000,0.0000,0,0,0,0
7109,261,2006,0.5000,0.0000,0,0,0,1
7110,319,26,1.0000,0.0000,0,0,0,0
7111,442,48,0.0000,0.0000,0,0,0,0
7112,318,25,1.0000,0.0000,0,0,0,0
7113,171,96,0.0000,0.7692,0,0,0,0
7114,479,89,1.0000,0.0000,0,0,0,0
7115,607,9,0.0000,0.0000,0,0,0,0
7116,314,448,0.0000,0.0000,0,0,0,0
7117,474,1329,0.0000,0.0517,0,0,0,1
7118,1534,2408,0.4000,0.1288,0,0,1,1
7119,322,98,0.5000,0.0000,0,0,0,0
7120,1328,2592,0.4000,0.0801,0,0,1,1
7121,846,2783,0.5000,0.0788,0,0,1,1
7122,178,282,0.0000,0.1176,0,0,0,0
7123,751,882,0.0000,0.1646,0,0,0,1
7124,832,65,0.0000,0.0000,0,0,0,0
7125,127,276,1.0000,0.0227,0,0,0,0
7126,1894,1744,0.7500,0.0541,0,0,1,1
7127,756,1136,0.3333,0.0000,0,0,1,0
7128,969,1701,0.5000,0.1162,0,0,1,1
7129,244,203,0.3333,0.5294,0,0,0,1
7130,860,2052,0.6667,0.0000,0,0,1,0
7131,1287,4828,0.2000,0.1987,0,0,1,1
7132,35,569,0.0000,0.0048,0,0,0,0
7133,388,1023,0.0000,0.0411,0,0,0,0
7134,1311,2152,0.5000,0.1275,0,0,1,1
7135,1591,7,0.2500,0.0000,0,0,1,0
7136,507,958,0.0000,0.0345,0,0,0,0
7137,307,16,1.0000,0.0000,0,0,0,0
7138,1398,1843,0.3333,0.0462,0,0,1,0
7139,299,1373,0.0000,0.0190,0,0,0,1
7140,1067,1443,0.0000,0.0125,0,0,0,1
7141,480,900,0.5000,0.0292,0,0,0,1
7142,792,1211,0.0000,0.0511,0,0,0,0
7143,702,8,1.0000,0.0000,0,0,0,0
7144,598,1556,0.0000,0.0293,0,0,0,1
7145,116,319,0.0000,0.2090,0,0,0,0
7146,1485,2597,0.2000,0.1119,0,0,1,1
7147,325,382,0.5000,0.0847,0,0,0,0
7148,973,4284,0.2500,0.0000,0,0,0,1
7149,853,1021,0.0000,0.0250,0,0,0,0
7150,1064,2335,0.5000,0.0401,0,0,1,1
7151,346,1387,0.0000,0.0114,1,0,0,0
7152,632,1385,0.6667,0.0000,0,0,1,0
7153,462,206,1.0000,0.0000,0,0,0,0
7154,322,1729,0.0000,0.0168,1,0,0,0
7155,525,1353,0.0000,0.0737,0,0,0,1
7156,147,18,0.0000,0.0000,0,0,0,0
7157,258,144,0.0000,0.2083,0,0,1,0
7158,493,1887,0.2500,0.0041,0,0,0,1
7159,327,726,1.0000,0.0381,0,0,0,0
7160,1011,1775,0.4000,0.0964,0,0,1,1
7161,317,24,1.0000,0.0000,0,0,0,0
7162,152,2101,0.0000,0.0099,0,0,0,1
7163,1791,8,0.2500,0.0000,0,0,1,0
7164,55,1361,0.0000,0.0000,0,0,0,1
7165,308,17,1.0000,0.0000,0,0,0,0
7166,879,2512,0.2500,0.0086,0,0,0,1
7167,856,6421,0.5000,0.0413,0,0,1,1
7168,375,33,0.0000,0.0000,0,0,0,0
7169,42,4,1.0000,0.0000,0,0,0,0
7170,89,1038,0.0000,0.0000,0,0,0,0
7171,532,655,0.0000,0.0667,0,0,0,1
7172,82,1076,0.0000,0.0000,0,0,0,0
7173,1358,2932,0.4000,0.0466,0,0,1,1
7174,82,1772,0.0000,0.0000,0,0,0,1
7175,1738,7,0.2500,0.0000,0,0,1,0
7176,80,115,0.0000,0.0000,0,0,0,0
7177,86,658,0.0000,0.0000,0,0,0,0
7178,42,327,1.0000,0.0588,0,0,0,0
7179,59,340,1.0000,0.0667,0,0,0,0
7180,1361,1536,0.5000,0.4510,1,0,1,1
7181,1804,2186,0.7500,0.0323,0,0,1,1
7182,360,559,1.0000,0.0521,0,0,0,0
7183,1667,7,0.2500,0.0000,0,0,1,0
7184,1810,95,0.0000,0.2500,0,0,0,0
7185,796,106,1.0000,0.0000,0,0,0,0
7186,426,48,1.0000,0.0000,0,0,0,0
7187,1836,1094,0.5000,0.0394,0,0,1,1
7188,703,205,1.0000,0.1818,0,0,1,1
7189,308,16,1.0000,0.0000,0,0,0,0
7190,996,3113,0.0000,0.0110,0,0,0,1
7191,533,1214,0.0000,0.0360,0,0,0,0
7192,329,816,0.5000,0.0308,0,0,0,0
7193,55,993,0.0000,0.0000,1,0,0,0
7194,166,215,0.0000,0.0000,0,0,0,0
7195,763,2016,0.3333,0.0115,0,0,0,0
7196,377,46,1.0000,0.0000,0,0,0,0
7197,3664,10,0.0000,0.0000,0,0,0,0
7198,43,2365,0.0000,0.0000,0,0,0,0
7199,555,810,1.0000,0.0000,0,0,0,0
7200,1129,200,0.4000,0.0000,0,0,1,0
7201,1047,3408,0.2500,0.0804,0,0,1,0
7202,510,1464,0.3333,0.0047,0,0,0,0
7203,178,1289,0.0000,0.0265,0,0,0,0
7204,1297,2898,0.2500,0.1171,0,0,1,1
7205,1794,7,0.2500,0.0000,0,0,1,0
7206,1378,2366,0.6667,0.1717,0,0,1,1
7207,2665,2825,0.5000,0.9384,1,0,0,0
7208,345,12,0.0000,0.0000,0,0,0,0
7209,319,29,1.0000,0.0000,0,0,0,0
7210,1222,596,0.3333,0.0000,0,0,0,0
7211,726,321,1.0000,0.0000,0,0,0,0
7212,382,785,0.3333,0.0511,1,0,0,0
7213,2260,8,0.0000,0.0000,0,0,0,0
7214,72,1237,0.0000,0.0000,0,0,0,0
7215,894,1170,0.5000,0.0505,0,0,0,1
7216,715,387,1.0000,0.0000,0,0,0,0
7217,228,115,0.5000,0.0000,0,0,0,0
7218,543,1292,0.3333,0.1070,0,0,0,1
7219,639,227,0.5000,0.0000,0,0,0,0
7220,1047,482,0.6667,0.0000,0,0,1,0
7221,380,844,0.0000,0.0213,0,0,0,1
7222,1004,2792,0.6667,0.1475,0,0,1,1
7223,316,26,1.0000,0.0000,0,0,0,0
7224,967,1527,0.4000,0.0808,0,0,1,1
7225,2148,1918,0.3333,0.2156,1,0,0,0
7226,73,1408,0.0000,0.0082,0,0,0,0
7227,6137,774,0.0000,0.0000,0,0,0,0
7228,960,2370,0.5000,0.0656,0,0,1,0
7229,254,94,1.0000,0.0000,0,0,0,0
7230,209,413,0.0000,0.0385,0,0,0,0
7231,666,30,0.0000,0.0000,0,0,0,0
7232,312,21,1.0000,0.0000,0,0,0,0
7233,892,2516,0.2500,0.0969,1,0,1,0
7234,863,2323,0.5000,0.1046,0,0,1,1
7235,1880,1049,0.5000,0.0163,0,0,1,1
7236,1246,2769,0.7500,0.1358,0,0,1,1
7237,308,17,1.0000,0.0000,0,0,0,0
7238,320,27,1.0000,0.0000,0,0,0,0
7239,731,749,0.4000,0.1333,0,0,1,1
7240,654,1169,0.5000,0.1094,0,0,1,1
7241,134,2036,0.0000,0.0202,0,0,0,1
7242,738,2822,0.4000,0.0479,0,0,1,1
7243,776,664,0.5000,0.0000,0,0,1,0
7244,734,1918,0.3333,0.0000,0,0,0,0
7245,1013,33,0.0000,0.0000,0,0,0,0
7246,616,563,0.5000,0.0000,0,0,0,0
7247,317,24,1.0000,0.0000,0,0,0,0
7248,444,1636,0.3333,0.0585,0,0,0,0
7249,373,873,0.0000,0.0820,0,0,0,0
7250,1736,100,0.3333,0.4444,0,0,1,0
7251,200,1,0.0000,0.0000,0,0,0,0
7252,948,745,0.2500,0.1538,1,0,0,0
7253,329,543,0.6667,0.2099,0,0,0,0
7254,755,356,0.6667,0.0000,0,0,1,0
7255,205,78,0.0000,0.0000,0,0,0,0
7256,250,1593,0.0000,0.0880,0,0,0,1
7257,165,481,1.0000,0.0649,0,0,0,0
7258,158,792,0.0000,0.0828,0,0,0,0
7259,962,2353,0.0000,0.0208,0,0,0,1
7260,1803,5907,0.2500,0.0000,0,0,0,1
7261,315,26,1.0000,0.0000,0,0,0,0
7262,188,385,0.0000,0.1026,0,0,0,0
7263,374,883,0.0000,0.0338,0,0,0,1
7264,458,964,0.0000,0.1419,0,0,0,1
7265,797,117,0.3333,0.6000,0,0,1,0
7266,649,788,0.0000,0.5899,0,0,0,0
7267,35,1237,0.0000,0.0000,0,0,0,1
7268,33,494,0.0000,0.0000,0,0,0,0
7269,866,1883,0.2500,0.0488,0,0,1,0
7270,166,802,0.0000,0.0000,1,0,0,0
7271,832,90,0.3333,0.4286,0,0,1,0
7272,1285,2994,0.4000,0.0550,0,0,1,1
7273,1574,5542,0.5000,0.0000,1,0,1,1
7274,815,1805,0.5000,0.0056,0,0,1,1
7275,246,1749,0.0000,0.0000,0,0,0,0
7276,578,879,0.0000,0.0748,0,0,0,0
7277,1488,1795,0.2000,0.0403,0,0,1,0
7278,728,1003,0.5000,0.1250,0,0,1,1
7279,1465,2516,0.4000,0.0433,0,0,1,1
7280,55,164,1.0000,0.0345,0,0,0,0
7281,363,1830,0.0000,0.0039,0,0,0,0
7282,794,276,0.6667,0.0000,0,0,0,0
7283,441,2,0.0000,0.0000,0,0,0,0
7284,688,1450,0.3333,0.1070,1,0,0,0
7285,1676,7,0.2500,0.0000,0,0,1,0
7286,311,20,1.0000,0.0000,0,0,0,0
7287,631,1195,0.0000,0.0977,0,0,0,1
7288,148,236,0.0000,0.0000,1,0,0,0
7289,315,22,1.0000,0.0000,0,0,0,0
7290,648,1847,0.5000,0.0759,0,0,0,0
7291,545,167,1.0000,0.0000,0,0,0,0
7292,1175,931,0.5000,0.0225,0,0,1,0
7293,230,83,0.0000,0.0000,0,0,0,0
7294,790,3160,0.4000,0.1386,0,0,1,1
7295,224,5041,0.0000,0.0000,0,0,0,1
7296,755,2053,0.0000,0.0138,0,0,0,1
7297,366,1074,0.0000,0.0314,0,0,0,1
7298,1183,3479,0.5000,0.0984,0,0,0,1
7299,76,721,0.0000,0.0061,0,0,0,0
7300,215,851,0.0000,0.0000,1,0,0,0
7301,319,26,1.0000,0.0000,0,0,0,0
7302,2776,1351,0.5000,0.0718,0,0,0,0
7303,1678,1887,0.4000,0.0179,0,0,1,0
7304,77,1257,0.0000,0.0000,0,0,0,0
7305,1228,302,0.0000,0.0000,0,0,0,0
7306,1061,239,0.5000,0.1795,0,0,0,1
7307,1085,2401,0.2500,0.0974,0,0,1,0
7308,210,1848,0.0000,0.0179,0,0,0,0
7309,310,20,1.0000,0.0000,0,0,0,0
7310,2441,2796,1.0000,0.0048,0,0,0,0
7311,317,28,0.5000,0.0000,0,0,0,0
7312,25,18,1.0000,0.0000,0,0,0,0
7313,1232,1250,0.2500,0.1138,1,0,0,0
7314,369,1066,0.0000,0.0378,0,0,0,1
7315,788,1624,1.0000,0.0138,0,0,1,1
7316,768,447,1.0000,0.0000,0,0,0,0
7317,499,651,0.0000,0.1786,0,0,0,0
7318,940,667,0.6000,0.0440,1,0,1,0
7319,308,17,1.0000,0.0000,0,0,0,0
7320,31,742,0.0000,0.0000,0,0,0,1
7321,580,8,0.5000,0.0000,0,0,0,0
7322,1614,8,0.2500,0.0000,0,0,1,0
7323,1739,1120,0.7500,0.0106,0,0,1,1
7324,1080,1739,0.2500,0.1433,0,0,1,0
7325,1288,3398,0.4000,0.0710,0,0,1,1
7326,661,131,0.0000,0.0500,0,0,0,0
7327,1200,2320,0.6667,0.0000,0,0,1,0
7328,542,992,0.0000,0.0357,0,0,0,0
7329,1551,3126,0.4000,0.0706,0,0,1,1
7330,616,4877,0.0000,0.0000,0,0,0,0
7331,186,161,0.0000,0.0385,0,0,1,0
7332,28,1171,0.0000,0.0152,0,0,0,1
7333,502,1041,0.2500,0.1901,1,0,0,0
7334,1318,273,0.2000,0.0000,0,0,1,0
7335,365,404,1.0000,0.1429,0,0,0,0
7336,435,822,0.0000,0.0943,0,0,0,0
7337,1869,942,0.7500,0.0710,0,0,1,1
7338,81,74,0.5000,0.0000,0,0,0,0
7339,805,266,0.5000,0.0000,0,0,0,0
7340,418,1633,0.0000,0.0863,0,0,0,0
7341,765,4745,0.2000,0.0096,0,0,0,1
7342,1478,1730,0.2500,0.1046,0,0,0,1
7343,61,305,1.0000,0.1545,0,0,0,0
7344,310,19,1.0000,0.0000,0,0,0,0
7345,35,6,1.0000,0.0000,0,0,0,0
7346,319,27,1.0000,0.0000,0,0,0,0
7347,197,1995,0.0000,0.1009,0,0,0,1
7348,144,546,0.3333,0.1538,1,0,0,0
7349,310,19,1.0000,0.0000,0,0,0,0
7350,4889,99,0.0000,0.0000,0,0,0,0
7351,1200,3852,0.2500,0.0968,0,0,1,1
7352,1648,2056,0.5000,0.0545,0,0,1,1
7353,900,785,0.3333,0.0000,0,0,0,0
7354,306,1166,0.0000,0.0214,0,0,0,1
7355,318,545,0.0000,0.0874,0,0,0,0
7356,148,114,0.0000,0.0000,0,0,1,0
7357,25,1779,0.0000,0.0000,0,0,0,0
7358,855,678,0.5000,0.1327,0,0,0,1
7359,1844,238,1.0000,0.2791,0,0,1,1
7360,1203,2514,0.8000,0.1871,0,0,1,1
7361,813,2087,0.2500,0.0068,0,0,0,1
7362,1962,136,0.0000,0.5000,0,0,0,0
7363,775,187,0.6667,0.0000,0,0,1,0
7364,856,1833,0.4000,0.1018,0,0,1,1
7365,290,526,0.0000,0.1296,0,0,0,1
7366,512,971,0.0000,0.2254,0,0,0,1
7367,1644,7,0.2500,0.0000,0,0,1,0
7368,1417,354,0.0000,0.0175,0,0,0,0
7369,747,344,1.0000,0.0000,0,0,0,0
7370,317,25,1.0000,0.0000,0,0,0,0
7371,310,18,1.0000,0.0000,0,0,0,0
7372,344,2093,0.0000,0.0120,0,0,0,1
7373,1127,2549,0.2500,0.0764,0,0,1,0
7374,182,456,0.0000,0.0610,0,0,0,0
7375,1020,438,0.0000,0.1299,0,0,0,0
7376,1850,5524,0.3333,0.0224,0,0,0,1
7377,856,2895,0.4000,0.0483,0,0,1,1
7378,734,2855,0.6667,0.0499,0,0,1,1
7379,253,819,1.0000,0.0845,0,0,0,0
7380,139,1265,0.0000,0.0556,0,0,0,0
7381,866,1659,0.6667,0.0000,0,0,0,0
7382,645,1381,1.0000,0.0000,0,0,0,0
7383,391,306,1.0000,0.0000,0,0,0,0
7384,460,660,0.0000,0.0093,0,0,0,0
7385,41,9,1.0000,0.0000,0,0,0,0
7386,1334,30,0.0000,1.0000,0,0,0,0
7387,115,621,1.0000,0.0000,0,0,0,0
7388,1558,3232,0.6000,0.1818,0,0,1,1
7389,604,684,0.0000,0.0645,0,0,0,0
7390,1037,1873,0.5000,0.0041,0,0,1,1
7391,53,943,0.0000,0.0466,0,0,0,0
7392,1457,3945,0.2500,0.0367,0,0,1,0
7393,313,23,1.0000,0.0000,0,0,0,0
7394,936,2315,0.2500,0.0829,0,0,1,0
7395,115,2710,0.0000,0.0047,0,0,0,1
7396,1091,294,0.6667,0.0000,0,0,1,0
7397,314,22,1.0000,0.0000,0,0,0,0
7398,127,1621,0.0000,0.0082,0,0,0,1
7399,139,9718,0.0000,0.0039,0,0,0,1
7400,875,1121,0.6667,0.0000,0,0,1,0
7401,792,1151,0.5000,0.1150,0,0,1,1
7402,896,2773,0.3333,0.0122,0,0,0,1
7403,1249,3751,0.5000,0.1076,0,0,1,1
7404,851,1579,1.0000,0.1285,0,0,1,1
7405,308,90,0.0000,0.1667,0,0,1,0
7406,368,539,1.0000,0.0000,0,0,0,0
7407,1141,3288,0.0000,0.0605,0,0,0,1
7408,179,1871,0.3333,0.0000,0,0,0,1
7409,239,1233,0.1667,0.0000,0,0,0,1
7410,593,1056,0.2500,0.0733,0,0,0,1
7411,318,28,1.0000,0.0000,0,0,0,0
7412,384,653,1.0000,0.0000,0,0,0,0
7413,827,2208,0.7500,0.0627,0,0,1,1
7414,1704,534,0.0000,0.0417,0,0,1,0
7415,206,16,1.0000,1.0000,0,0,0,0
7416,556,491,1.0000,0.0645,0,0,0,0
7417,415,1434,0.0000,0.0000,0,0,0,1
7418,735,889,1.0000,0.0382,0,0,0,0
7419,1803,209,1.0000,0.5312,0,0,1,1
7420,610,1428,0.2000,0.0952,0,0,0,1
7421,182,280,0.0000,0.0000,0,0,0,0
7422,500,1320,0.6667,0.0166,1,0,0,0
7423,216,250,0.0000,0.0000,0,0,0,0
7424,957,1109,0.2500,0.0000,0,0,1,0
7425,764,3129,0.0000,0.0174,0,0,0,1
7426,1037,463,1.0000,0.0000,0,0,0,0
7427,60,387,1.0000,0.0616,0,0,0,0
7428,1706,3171,0.2500,0.0042,0,0,0,1
7429,1797,1497,0.7500,0.0273,0,0,1,1
7430,36,177,1.0000,0.0000,0,0,0,0
7431,189,3524,0.0000,0.0087,1,0,0,0
7432,891,1216,0.2500,0.1682,0,0,1,0
7433,556,47,0.0000,0.0000,0,0,0,0
7434,769,328,0.7500,0.0500,1,0,1,0
7435,340,1013,0.5000,0.0890,1,0,0,0
7436,557,2364,0.0000,0.0278,0,0,0,1
7437,18,676,0.0000,0.0000,0,0,0,0
7438,19,29,1.0000,0.0000,0,0,0,0
7439,36,687,1.0000,0.0091,0,0,0,0
7440,209,1864,0.0000,0.0000,0,0,0,1
7441,800,1065,0.2500,0.1404,0,0,1,0
7442,318,29,1.0000,1.0000,0,0,0,0
7443,1068,2103,0.6000,0.1051,0,0,1,1
7444,208,2286,0.0000,0.1211,0,0,0,1
7445,304,1524,0.0000,0.0000,0,0,0,0
7446,707,881,0.3333,0.0000,0,0,0,0
7447,894,6,0.5000,0.0000,0,0,0,0
7448,924,3216,0.4000,0.0782,0,0,1,1
7449,1199,2692,0.6667,0.0937,0,0,1,1
7450,381,105,0.5000,0.0000,0,0,0,0
7451,614,1653,0.5000,0.0845,0,0,1,1
7452,79,401,1.0000,0.0000,0,0,0,0
7453,372,76,0.6667,0.0000,0,0,1,0
7454,737,257,0.6667,0.0000,0,0,1,0
7455,691,2123,0.2500,0.1392,0,0,1,0
7456,605,507,1.0000,0.0000,0,0,0,0
7457,427,3926,0.0000,0.0081,0,0,0,1
7458,53,140,1.0000,0.0000,0,0,0,0
7459,341,1681,0.3333,0.0000,0,0,0,0
7460,776,640,0.3333,0.0000,0,0,0,0
7461,1033,3669,0.5000,0.0413,0,0,1,1
7462,69,89,0.0000,0.0000,0,0,0,0
7463,1106,2129,0.7500,0.0000,0,0,0,0
7464,560,1471,0.0000,0.0952,0,0,0,1
7465,1450,3007,0.6667,0.0752,0,0,1,1
7466,996,3642,0.2500,0.0276,0,0,1,0
7467,24,812,0.0000,0.0210,0,0,0,0
7468,517,1615,0.0000,0.0000,0,0,0,1
7469,319,27,1.0000,0.0000,0,0,0,0
7470,933,3345,0.4000,0.0448,0,0,1,1
7471,344,761,0.0000,0.0455,0,0,0,0
7472,312,20,1.0000,0.0000,0,0,0,0
7473,282,59,0.5000,0.0000,0,0,0,0
7474,61,393,1.0000,0.0000,0,0,0,0
7475,42,211,1.0000,0.0000,0,0,0,0
7476,43,1558,0.0000,0.0000,0,0,0,1
7477,316,23,1.0000,0.0000,0,0,0,0
7478,53,426,1.0000,0.0000,0,0,0,0
7479,314,22,1.0000,0.0000,0,0,0,0
7480,318,26,1.0000,0.0000,0,0,0,0
7481,800,248,1.0000,0.0000,0,0,0,0
7482,589,570,0.0000,0.0115,0,0,0,1
7483,1037,4653,0.5000,0.0649,0,0,1,1
7484,1252,2177,0.5000,0.0944,0,0,1,1
7485,967,2696,0.4000,0.0096,0,0,1,1
7486,1793,8,0.2500,0.0000,0,0,1,0
7487,1399,3067,0.4000,0.0262,1,0,1,1
7488,70,25,1.0000,0.0000,0,0,0,0
7489,1128,221,0.6000,0.0000,0,0,1,0
7490,397,788,0.0000,0.0752,0,0,0,1
7491,224,533,0.0000,0.1188,0,0,0,1
7492,500,709,0.5000,0.0000,0,0,0,0
7493,575,35,1.0000,0.4000,0,0,0,0
7494,57,918,0.0000,0.0208,0,0,0,0
7495,1152,2186,0.5000,0.1286,0,0,1,1
7496,446,678,0.0000,0.0985,0,0,0,0
7497,209,5303,0.0000,0.0000,0,0,0,0
7498,392,3300,0.0000,0.0021,0,0,0,1
7499,116,9,0.0000,0.0000,0,0,0,0
7500,62,1098,0.0000,0.0387,0,0,0,0
7501,1779,7,0.2500,0.0000,0,0,1,0
7502,35,7,1.0000,0.0000,0,0,0,0
7503,66,334,0.0000,0.0000,0,0,0,1
7504,298,812,0.3333,0.0094,1,0,0,0
7505,701,2188,0.5000,0.0245,0,0,0,1
7506,63,244,1.0000,0.0222,0,0,0,0
7507,239,103,0.0000,0.0000,0,0,1,0
7508,369,22,1.0000,0.0000,0,0,0,0
7509,31,311,1.0000,0.0000,0,0,0,0
7510,1451,1279,0.7500,0.0224,0,0,1,1
7511,319,29,1.0000,0.0000,0,0,0,0
7512,1370,2856,0.8000,0.0680,0,0,1,1
7513,662,1138,0.2500,0.1139,0,0,0,1
7514,84,485,1.0000,0.0833,0,0,0,0
7515,741,1430,0.2500,0.0810,0,0,0,0
7516,897,721,0.3333,0.0000,0,0,1,0
7517,96,101,0.0000,0.0000,0,0,0,0
7518,920,2798,0.3333,0.0066,1,0,1,0
7519,142,1327,0.0000,0.0000,1,0,0,0
7520,316,24,1.0000,0.0000,0,0,0,0
7521,112,1017,0.0000,0.0063,0,0,0,1
7522,418,642,0.0000,0.0641,0,0,0,0
7523,1273,218,0.6667,0.0000,0,0,0,0
7524,1155,2379,0.5000,0.0333,0,0,1,1
7525,404,1407,0.0000,0.0995,0,0,0,1
7526,1480,8,0.2500,0.0000,0,0,1,0
7527,498,139,1.0000,0.0000,0,0,0,0
7528,976,2211,0.4000,0.0530,0,0,1,1
7529,451,528,0.0000,0.0000,0,0,1,0
7530,1038,154,0.5000,0.0000,0,0,0,0
7531,816,2033,0.4000,0.1123,0,0,1,1
7532,411,639,0.0000,0.0741,0,0,0,0
7533,313,21,1.0000,0.0000,0,0,0,0
7534,1719,5,0.2500,0.0000,0,0,1,0
7535,704,268,0.3333,0.0000,0,0,0,0
7536,949,1865,0.3333,0.0630,0,0,0,0
7537,350,1070,0.0000,0.0274,0,0,0,0
7538,335,3,0.0000,0.0000,0,0,0,0
7539,121,321,1.0000,0.0000,0,0,0,0
7540,1739,1285,0.3333,0.0000,0,0,0,0
7541,2668,8,0.0000,0.0000,0,0,0,0
7542,75,1121,0.0000,0.0000,0,0,0,0
7543,1560,457,0.0000,0.0000,0,0,0,0
7544,768,124,1.0000,0.0000,0,0,0,0
7545,473,1222,0.3333,0.1129,1,0,0,0
7546,139,2114,0.0000,0.0000,0,0,0,1
7547,1333,106,0.3333,0.1250,0,0,1,0
7548,120,2361,0.0000,0.0000,0,0,0,1
7549,1020,2321,0.4000,0.0105,0,0,0,1
7550,1208,947,0.5000,0.0245,0,0,0,1
7551,1119,3274,0.2500,0.0640,0,0,1,0
7552,467,1908,0.0000,0.1545,0,0,0,1
7553,766,386,1.0000,0.0000,0,0,0,0
7554,142,2500,0.0000,0.0051,0,0,0,0
7555,1447,987,0.6667,0.0000,0,0,1,0
7556,556,1487,0.0000,0.0541,0,0,0,1
7557,461,2696,0.0000,0.0215,0,0,0,1
7558,297,978,0.5000,0.0260,0,0,0,0
7559,463,1037,0.0000,0.0472,0,0,0,0
7560,33,2239,0.0000,0.0000,0,0,0,1
7561,219,380,0.0000,0.0556,0,0,0,0
7562,1687,8,0.2500,0.0000,0,0,1,0
7563,96,2869,0.0000,0.0133,0,0,0,0
7564,1560,2536,0.3333,0.0082,0,0,0,1
7565,959,3321,0.4000,0.1065,0,0,1,1
7566,470,1537,0.0000,0.0690,0,0,0,1
7567,239,275,1.0000,0.0233,0,0,0,0
7568,478,808,0.0000,0.0917,0,0,0,1
7569,307,16,1.0000,0.0000,0,0,0,0
7570,75,2632,0.0000,0.0024,0,0,0,1
7571,140,528,0.0000,0.0619,0,0,0,0
7572,194,1321,0.5000,0.0051,0,0,0,1
7573,105,913,0.2000,0.0545,0,0,0,1
7574,1164,2046,0.4000,0.1254,0,0,1,1
7575,763,149,1.0000,0.4000,0,0,0,0
7576,466,1261,0.0000,0.1360,0,0,0,0
7577,265,1569,0.0000,0.0179,0,0,0,0
7578,402,20,0.5000,0.0000,0,0,0,0
7579,304,1691,0.5000,0.0037,0,0,0,1
7580,70,34,1.0000,0.0000,0,0,0,0
7581,29,143,0.0000,0.0769,0,0,0,0
7582,770,917,0.0000,0.0714,0,0,0,0
7583,118,285,0.0000,0.0000,0,0,0,0
7584,36,1963,0.0000,0.0000,1,0,0,1
7585,402,860,0.0000,0.0840,0,0,0,0
7586,165,361,0.0000,0.0290,0,0,0,0
7587,70,2697,0.0000,0.0000,0,0,0,1
7588,599,385,1.0000,0.0000,0,0,0,0
7589,860,3762,0.5000,0.0330,0,0,1,1
7590,102,44,1.0000,0.0000,0,0,0,0
7591,2295,3465,0.2000,0.1423,0,0,0,1
7592,2198,6814,0.2500,0.0083,0,0,0,1
7593,842,110,0.4000,0.0000,0,0,1,0
7594,275,1009,1.0000,0.0071,0,0,0,0
7595,418,401,1.0000,0.0000,0,0,0,0
7596,661,174,1.0000,0.0000,0,0,0,0
7597,1278,10,0.5000,0.0000,0,0,0,0
7598,669,2,0.0000,0.0000,0,0,0,0
7599,2336,119,0.5000,0.0000,0,0,0,0
7600,600,309,0.5000,0.0000,0,0,0,0
7601,564,788,0.6667,0.0000,0,0,0,0
7602,582,844,0.0000,0.0909,0,0,0,1
7603,36,308,1.0000,0.0000,0,0,0,0
7604,934,1202,1.0000,0.0053,0,0,0,0
7605,313,21,1.0000,0.0000,0,0,0,0
7606,517,592,1.0000,0.0460,0,0,0,0
7607,450,423,0.6667,0.0000,0,0,1,0
7608,581,1536,0.0000,0.0000,0,0,0,0
7609,190,118,0.3333,0.0000,0,0,1,0
7610,180,303,1.0000,0.0000,0,0,0,0
7611,384,671,0.2500,0.0598,0,0,0,1
7612,309,20,1.0000,0.0000,0,0,0,0
7613,1114,2731,0.7500,0.0986,0,0,1,1
7614,1150,2243,0.6667,0.0063,0,0,0,0
7615,83,727,1.0000,0.0000,0,0,0,0
7616,64,5,1.0000,0.0000,0,0,0,0
7617,76,321,0.5000,0.0000,1,0,0,0
7618,26,46,1.0000,0.0000,0,0,0,0
7619,131,452,1.0000,0.0147,0,0,0,0
7620,317,24,1.0000,0.0000,0,0,0,0
7621,243,83,0.6667,0.0000,0,0,1,0
7622,547,1115,0.0000,0.0121,0,0,0,1
7623,1578,7,0.5000,0.0000,0,0,0,0
7624,1709,1632,0.5000,0.0273,0,0,1,1
7625,928,1423,0.2500,0.0000,0,0,1,0
7626,50,64,0.0000,0.0000,0,0,0,0
7627,650,224,0.5000,0.0000,0,0,0,0
7628,403,293,0.2500,0.0000,0,0,1,0
7629,1598,8,0.2500,0.0000,0,0,1,0
7630,145,69,1.0000,0.2500,0,0,0,0
7631,218,1485,0.0000,0.0779,0,0,0,1
7632,281,672,0.0000,0.0672,0,0,0,0
7633,1378,46,0.0000,0.0000,0,0,0,0
7634,97,318,1.0000,0.0000,0,0,0,0
7635,314,22,1.0000,0.0000,0,0,0,0
7636,863,2262,0.5000,0.0325,0,0,1,1
7637,738,663,0.0000,0.1714,0,0,0,0
7638,103,101,0.5000,0.0909,0,0,0,0
7639,568,1424,0.0000,0.1204,0,0,0,1
7640,1119,969,0.6667,0.0000,0,0,1,0
7641,266,445,0.0000,0.3563,0,0,0,0
7642,75,1296,0.0000,0.0000,0,0,0,0
7643,738,367,0.6667,0.0000,0,0,1,0
7644,393,1182,0.0000,0.0197,0,0,0,1
7645,2845,5144,0.2000,0.0015,0,0,0,1
7646,1047,2449,0.2000,0.1061,0,0,1,1
7647,310,19,1.0000,0.0000,0,0,0,0
7648,1217,2635,0.5000,0.1275,0,0,1,1
7649,1166,2374,1.0000,0.0628,0,0,1,1
7650,80,125,1.0000,0.1707,0,0,0,0
7651,823,2713,0.2500,0.1109,0,0,1,1
7652,669,905,0.0000,0.0885,0,0,0,0
7653,460,109,0.5000,0.0000,0,0,0,0
7654,559,1015,0.5000,0.0694,0,0,0,1
7655,424,914,0.0000,0.0709,0,0,0,1
7656,1378,2495,0.6667,0.1199,0,0,1,1
7657,219,16,1.0000,1.0000,0,0,0,0
7658,90,193,1.0000,0.0000,0,0,0,0
7659,319,266,0.6667,0.0000,0,0,0,0
7660,584,42,0.5000,0.0000,0,0,0,0
7661,158,1678,0.0000,0.0038,0,0,0,0
7662,434,2355,0.0000,0.0864,0,0,0,1
7663,72,1243,0.0000,0.0000,0,0,0,0
7664,48,95,0.0000,0.0000,0,0,0,0
7665,70,34,0.0000,0.0000,0,0,0,0
7666,1321,1843,0.3333,0.0000,0,0,0,0
7667,667,1392,0.5000,0.0086,0,0,0,1
7668,128,454,0.0000,0.1250,0,0,0,0
7669,27,55,1.0000,0.0000,0,0,0,0
7670,1088,826,0.6667,0.0234,0,0,1,0
7671,210,880,0.0000,0.0508,0,0,0,0
7672,459,521,0.0000,0.2133,0,0,0,0
7673,68,32,1.0000,0.0000,0,0,0,0
7674,316,1827,0.0000,0.0042,0,0,0,0
7675,836,2552,0.4000,0.0000,0,0,1,1
7676,624,1546,0.0000,0.0848,0,0,0,1
7677,1856,391,0.3333,0.1017,0,0,1,0
7678,1229,3493,0.5000,0.1227,0,0,1,1
7679,95,697,0.0000,0.0000,0,0,0,0
7680,697,13,0.0000,0.0000,0,0,1,0
7681,263,126,1.0000,1.0000,0,0,0,0
7682,978,1515,0.5000,0.0048,0,0,0,0
7683,773,2670,0.6000,0.1135,0,0,1,1
7684,156,522,0.0000,0.0000,0,0,0,0
7685,2430,2099,0.5000,0.1559,1,0,0,0
7686,595,1739,0.0000,0.0261,0,0,0,0
7687,79,83,1.0000,0.0000,0,0,0,0
7688,1460,5681,0.3333,0.0062,0,0,0,1
7689,1124,513,0.6667,0.1186,0,0,1,0
7690,80,177,1.0000,0.0000,0,0,0,0
7691,2281,1760,1.0000,0.0107,0,0,1,1
7692,806,172,0.5000,0.0000,0,0,1,0
7693,421,1455,0.2000,0.0926,1,0,0,1
7694,28,2023,0.0000,0.0068,0,0,0,1
7695,31,147,1.0000,0.0000,0,0,0,0
7696,516,276,1.0000,0.0000,0,0,0,0
7697,837,1991,0.3333,0.0311,0,0,0,1
7698,432,2770,0.0000,0.0031,0,0,0,1
7699,488,689,0.6667,0.0000,0,0,0,0
7700,870,2098,0.4000,0.0563,0,0,1,1
7701,739,408,0.0000,0.0000,0,0,0,0
7702,317,1861,0.0000,0.0260,0,0,0,1
7703,1081,2887,1.0000,0.1098,0,0,1,1
7704,2442,111,0.0000,0.2500,0,0,0,0
7705,180,2839,0.2000,0.0264,0,0,0,1
7706,337,3135,0.0000,0.0000,0,0,0,1
7707,2484,40,0.5000,0.7500,0,0,0,0
7708,172,125,0.0000,0.0870,0,0,1,0
7709,1004,386,0.6667,0.0000,0,0,1,0
7710,328,144,1.0000,0.5600,0,0,0,0
7711,2196,1907,0.5000,0.2063,1,0,1,1
7712,607,955,0.0000,0.0764,0,0,0,1
7713,121,1901,0.0000,0.0258,0,0,0,1
7714,769,2379,0.2500,0.0000,1,0,0,1
7715,1369,2388,0.4000,0.1882,0,0,1,1
7716,266,505,0.0000,0.4022,0,0,0,1
7717,283,1567,0.0000,0.0088,0,0,0,0
7718,53,17,0.0000,0.0000,0,0,0,0
7719,28,24,1.0000,0.0000,0,0,0,0
7720,1109,3661,0.5000,0.0713,0,0,1,1
7721,228,323,0.0000,0.2344,0,0,0,0
7722,242,3248,0.0000,0.0045,0,0,0,1
7723,2370,2557,0.3333,0.3840,0,0,0,1
7724,310,18,1.0000,0.0000,0,0,0,0
7725,891,395,0.6667,0.0000,0,0,0,0
7726,199,633,0.5000,0.0000,1,0,0,0
7727,309,518,0.0000,0.2414,0,0,0,0
7728,2389,2987,0.0000,0.0097,0,0,0,0
7729,1741,8,0.2500,0.0000,0,0,1,0
7730,1110,3122,0.5000,0.0360,0,0,1,1
7731,152,177,0.6667,0.0000,0,0,0,1
7732,1932,5,0.2500,0.0000,0,0,1,0
7733,1632,2435,0.6667,0.0940,0,0,1,0
7734,149,327,0.0000,0.0000,0,0,0,0
7735,855,1935,0.6000,0.0360,0,0,1,1
7736,1212,3619,0.7500,0.0731,0,0,1,1
7737,702,484,0.6667,0.0000,0,0,1,0
7738,26,830,0.0000,0.0000,0,0,0,0
7739,2229,8,0.0000,0.0000,0,0,0,0
7740,1750,8,0.2500,0.0000,0,0,1,0
7741,159,48,1.0000,0.0000,0,0,0,0
7742,149,421,0.0000,0.0000,0,0,0,0
7743,1856,8,0.2500,0.0000,0,0,1,0
7744,1554,2849,0.4000,0.0709,0,0,1,1
7745,586,450,0.5000,0.0000,0,0,0,0
7746,666,1079,0.5000,0.1156,0,0,0,1
7747,314,22,1.0000,0.0000,0,0,0,0
7748,559,2209,0.0000,0.0407,0,0,0,1
7749,961,2459,0.4000,0.0430,0,0,1,1
7750,650,426,0.6667,0.0000,0,0,1,0
7751,1073,3086,0.4000,0.1748,0,0,1,1
7752,1549,1057,1.0000,0.0983,0,0,1,1
7753,223,1343,0.0000,0.0478,0,0,0,1
7754,373,410,0.6667,0.0635,0,0,0,0
7755,311,22,1.0000,0.0000,0,0,0,0
7756,887,1011,0.3333,0.0256,0,0,1,0
7757,1905,97,0.0000,0.1667,0,0,0,0
7758,310,19,1.0000,0.0000,0,0,0,0
7759,386,1083,0.3333,0.0581,0,0,0,0
7760,2897,3,0.0000,0.0000,0,0,0,0
7761,185,818,0.0000,0.0000,0,0,0,0
7762,87,48,1.0000,0.0000,0,0,0,0
7763,126,150,0.3333,0.0385,0,0,0,1
7764,314,21,1.0000,1.0000,0,0,0,0
7765,1110,1059,0.6667,0.0000,0,0,1,0
7766,449,255,0.5000,0.0000,0,0,0,0
7767,1982,8,0.2500,0.0000,0,0,1,0
7768,1550,1324,0.7500,0.0046,0,0,1,1
7769,527,45,1.0000,0.0000,0,0,0,0
7770,196,783,0.5000,0.0150,1,0,0,0
7771,435,867,0.0000,0.0547,0,0,0,1
7772,1035,4693,0.3333,0.0069,0,0,0,1
7773,124,37,1.0000,1.0000,0,0,0,0
7774,1741,8,0.2500,0.0000,0,0,1,0
7775,1505,486,0.0000,0.0000,0,0,1,0
7776,771,338,0.3333,0.0513,0,0,1,0
7777,742,314,0.6667,0.0000,0,0,1,0
7778,529,3558,0.0000,0.0124,0,0,0,1
7779,318,28,1.0000,0.0000,0,0,0,0
7780,362,7,0.0000,0.0000,0,0,0,0
7781,342,1544,0.2500,0.0357,0,0,0,1
7782,80,754,0.0000,0.0000,0,0,0,0
7783,707,3016,0.3333,0.0000,0,0,0,1
7784,2443,3748,0.4000,0.0582,0,0,0,1
7785,529,873,0.5000,0.0000,0,0,1,0
7786,1765,8,0.2500,0.0000,0,0,1,0
7787,242,3538,0.0000,0.0061,0,0,0,1
7788,1726,682,0.2500,0.0515,0,0,1,0
7789,514,610,0.0000,0.0667,0,0,0,0
7790,86,94,1.0000,0.0000,0,0,0,0
7791,130,219,0.0000,0.1500,0,0,0,0
7792,756,2026,0.5000,0.1903,0,0,1,1
7793,128,1022,0.0000,0.1642,0,0,0,1
7794,540,431,0.6667,0.0000,0,0,1,0
7795,181,365,0.0000,0.2031,0,0,0,0
7796,111,44,1.0000,0.0000,0,0,0,0
7797,692,1344,1.0000,0.0046,0,0,0,0
7798,59,808,0.0000,0.0286,0,0,0,0
7799,503,1777,0.0000,0.0221,0,0,0,0
7800,82,1740,0.0000,0.0043,0,0,0,1
7801,645,8,0.5000,0.0000,0,0,0,0
7802,290,271,0.0000,0.0000,0,0,0,0
7803,1017,1695,0.5000,0.0000,0,0,1,0
7804,518,517,0.0000,0.0704,0,0,0,0
7805,891,2317,0.5000,0.0670,0,0,1,1
7806,1128,41,0.0000,0.0000,0,0,0,0
7807,843,581,1.0000,0.0000,0,0,0,0
7808,381,470,0.0000,0.0978,0,0,0,0
7809,802,554,0.6667,0.0000,0,0,0,0
7810,741,2,0.0000,0.0000,0,0,0,0
7811,920,2864,0.2500,0.0453,0,0,1,0
7812,1028,219,0.2000,0.0000,0,0,1,0
7813,291,1074,0.3333,0.0071,1,0,0,0
7814,2709,66,0.0000,0.0909,0,0,0,0
7815,311,21,1.0000,0.0000,0,0,0,0
7816,99,3741,0.0000,0.0000,0,0,0,1
7817,730,186,0.6667,0.0000,0,0,1,0
7818,1230,1359,0.8000,0.1073,0,0,1,1
7819,1722,7,0.2500,0.0000,0,0,1,0
7820,191,364,0.0000,0.0385,0,0,0,1
7821,132,1379,0.0000,0.1229,0,0,0,1
7822,114,48,1.0000,0.0000,0,0,0,0
7823,1465,2894,0.5000,0.0774,0,0,1,1
7824,1758,1184,0.6000,0.0452,0,0,1,1
7825,512,992,1.0000,0.0061,0,0,0,0
7826,338,199,1.0000,0.0000,0,0,0,0
7827,218,1600,0.0000,0.1186,0,0,0,1
7828,1640,1435,0.5000,0.0194,0,0,1,1
7829,507,1299,0.0000,0.1368,0,0,0,1
7830,1616,8,0.2500,0.0000,0,0,1,0
7831,3772,5116,0.2500,0.0057,0,0,0,1
7832,714,909,0.0000,0.6043,0,0,0,1
7833,1442,1991,0.5000,0.1616,0,0,0,1
7834,1220,2990,0.6667,0.0913,0,0,1,1
7835,155,858,0.0000,0.0531,1,0,0,0
7836,3090,214,0.5000,0.0000,0,0,0,0
7837,1099,2112,0.3333,0.0000,0,0,0,0
7838,561,815,0.0000,0.0308,0,0,0,1
7839,185,1125,0.3333,0.0539,0,0,0,1
7840,128,933,1.0000,0.0000,0,0,0,0
7841,315,26,1.0000,0.0000,0,0,0,0
7842,1745,7,0.2500,0.0000,0,0,1,0
7843,135,40,1.0000,0.0000,0,0,0,0
7844,247,544,0.0000,0.0638,0,0,0,1
7845,1867,7,0.2500,0.0000,0,0,1,0
7846,886,513,0.2500,0.0000,0,0,1,0
7847,12,299,0.0000,0.0000,0,0,0,0
7848,196,264,1.0000,0.3659,0,0,0,0
7849,1965,7,0.2500,0.0000,0,0,1,0
7850,315,22,1.0000,0.0000,0,0,0,0
7851,1163,2951,0.7500,0.1802,0,0,1,1
7852,311,22,1.0000,0.0000,0,0,0,0
7853,729,160,0.6667,0.0000,0,0,0,0
7854,188,334,1.0000,0.0351,0,0,0,0
7855,1085,444,0.5000,0.0000,0,0,0,0
7856,288,84,0.3333,0.0000,0,0,1,0
7857,93,286,1.0000,0.0000,0,0,0,0
7858,1916,7,0.2500,0.0000,0,0,1,0
7859,1505,753,0.5000,0.0110,0,0,1,0
7860,69,1640,0.0000,0.0000,1,0,0,0
7861,1071,439,0.0000,0.0541,0,0,1,0
7862,303,163,0.0000,1.0000,0,0,0,0
7863,1396,331,0.4000,0.0000,0,0,1,0
7864,80,1469,0.0000,0.0522,0,0,0,0
7865,1866,2759,0.4000,0.2998,0,0,0,1
7866,413,397,0.0000,0.0000,0,0,0,0
7867,287,525,0.0000,0.0526,0,0,0,0
7868,2385,3874,0.2000,0.0651,0,0,0,1
7869,1295,2163,0.5000,0.2353,0,0,1,0
7870,434,1145,0.0000,0.0462,0,0,0,1
7871,1735,7,0.2500,0.0000,0,0,1,0
7872,317,24,1.0000,0.0000,0,0,0,0
7873,4752,592,0.0000,0.0000,0,0,0,0
7874,100,730,1.0000,0.0000,1,0,0,0
7875,1458,408,0.0000,0.0000,0,0,1,0
7876,175,4042,1.0000,0.0379,0,0,0,0
7877,943,874,0.5000,0.0182,0,0,1,0
7878,310,18,1.0000,0.0000,0,0,0,0
7879,1963,358,0.5000,0.0909,0,0,0,0
7880,551,109,0.5000,0.0000,0,0,0,0
7881,315,23,1.0000,0.0000,0,0,0,0
7882,53,147,1.0000,0.1500,0,0,0,0
7883,1355,2036,0.2000,0.1320,0,0,1,1
7884,118,3289,0.0000,0.0200,0,0,0,0
7885,1162,2353,0.2500,0.1794,0,0,1,0
7886,84,1139,0.0000,0.0040,0,0,0,0
7887,983,2036,0.5000,0.2700,0,0,1,1
7888,412,1344,0.0000,0.0402,0,0,0,1
7889,3754,4562,0.2500,0.0361,0,0,0,1
7890,196,1382,0.0000,0.0258,0,0,0,1
7891,1007,2352,0.5000,0.1335,0,0,1,1
7892,37,453,1.0000,0.0000,0,0,0,0
7893,1611,1541,0.7500,0.0336,0,0,1,1
7894,1244,1184,0.6667,0.6131,0,0,1,0
7895,247,333,1.0000,0.0000,0,0,0,0
7896,45,59,1.0000,0.6667,0,0,0,0
7897,89,684,1.0000,0.0093,0,0,0,0
7898,70,344,0.0000,0.0000,0,0,0,0
7899,299,1143,0.0000,0.0743,0,0,0,1
7900,570,860,0.6667,0.0072,0,0,0,0
7901,254,99,0.0000,0.7500,0,0,0,0
7902,55,438,0.0000,0.0828,0,0,0,0
7903,154,616,1.0000,0.0000,0,0,0,0
7904,769,797,0.0000,0.0638,0,0,0,0
7905,553,818,0.0000,0.0699,0,0,0,0
7906,179,1396,0.3333,0.0112,0,0,0,1
7907,881,73,0.3333,0.0000,0,0,1,0
7908,1961,7,0.2500,0.0000,0,0,1,0
7909,1021,349,0.6667,0.0339,0,0,1,0
7910,957,2432,0.6000,0.1279,0,0,1,1
7911,476,1234,0.0000,0.1090,0,0,0,0
7912,963,2412,0.4000,0.0265,0,0,1,1
7913,1961,7,0.2500,0.0000,0,0,1,0
7914,2057,7,0.2500,0.0000,0,0,1,0
7915,417,464,1.0000,0.0000,0,0,0,0
7916,1069,9,0.0000,0.0000,0,0,0,0
7917,1855,7,0.2500,0.0000,0,0,1,0
7918,414,206,0.6667,0.0000,0,0,1,0
7919,181,363,1.0000,0.0000,0,0,0,0
7920,778,1669,0.5000,0.0139,0,0,0,0
7921,1554,7,0.2500,0.0000,0,0,1,0
7922,248,1529,0.3333,0.0064,0,0,0,0
7923,497,545,0.6667,0.0000,0,0,0,0
7924,516,2098,0.0000,0.0650,0,0,0,1
7925,2860,426,0.0000,0.0000,0,0,0,0
7926,320,27,1.0000,0.0000,0,0,0,0
7927,304,265,0.6667,0.0000,0,0,0,0
7928,705,984,0.0000,0.0186,0,0,0,0
7929,659,1,0.0000,0.0000,0,0,0,0
7930,1421,2289,0.4000,0.0775,0,0,1,1
7931,606,754,0.0000,0.0301,0,0,0,0
7932,1122,2448,0.2500,0.0759,0,0,1,0
7933,70,44,1.0000,0.0000,0,0,0,0
7934,121,2808,0.0000,0.0000,1,0,0,1
7935,1511,2330,0.6667,0.1339,0,0,0,1
7936,314,22,1.0000,0.0000,0,0,0,0
7937,1572,4792,0.3333,0.0120,0,0,0,0
7938,127,292,0.0000,0.1754,0,0,0,0
7939,308,17,1.0000,0.0000,0,0,0,0
7940,77,209,0.0000,0.0000,0,0,0,0
7941,221,1228,0.0000,0.0631,0,0,0,0
7942,597,106,1.0000,0.3889,0,0,0,0
7943,1715,7,0.2500,0.0000,0,0,1,0
7944,192,1737,0.0000,0.0070,0,0,0,0
7945,329,189,0.0000,0.0000,0,0,0,0
7946,191,326,0.0000,0.1500,0,0,0,0
7947,182,138,0.3333,0.0000,0,0,1,0
7948,928,3235,0.4000,0.0552,1,0,1,1
7949,230,1042,0.3333,0.0299,0,0,0,1
7950,2067,2305,0.4000,0.2893,0,0,0,1
7951,522,751,0.0000,0.0636,0,0,0,1
7952,725,1173,0.0000,0.1395,0,0,0,0
7953,217,71,0.0000,0.0000,0,0,1,0
7954,1042,2260,0.2500,0.0203,0,0,1,0
7955,625,217,1.0000,0.0357,0,0,0,0
7956,457,964,0.3333,0.0690,0,0,0,0
7957,97,2058,0.0000,0.0362,0,0,0,1
7958,291,440,0.3333,0.0435,0,0,0,0
7959,363,547,0.0000,0.0971,0,0,0,0
7960,264,545,0.2500,0.0196,0,0,0,0
7961,752,1855,0.5000,0.0000,0,0,0,1
7962,900,2133,0.4000,0.1671,0,0,1,1
7963,1887,7,0.2500,0.0000,0,0,1,0
7964,605,477,0.0000,0.2245,0,0,0,0
7965,314,305,1.0000,0.0000,0,0,0,0
7966,260,74,1.0000,1.0000,0,0,0,0
7967,730,1169,1.0000,0.0000,0,0,0,0
7968,837,2159,0.0000,0.0543,0,0,0,1
7969,799,2816,0.5000,0.0542,0,0,1,1
7970,613,1283,0.3333,0.1465,0,0,0,1
7971,549,2088,0.5000,0.1370,0,0,1,1
7972,1064,204,0.5000,0.2564,0,0,1,0
7973,1511,2295,0.2500,0.1883,0,0,1,0
7974,341,693,0.0000,0.1667,0,0,0,1
7975,1821,7,0.2500,0.0000,0,0,1,0
7976,3661,8,0.0000,0.0000,0,0,0,0
7977,1724,68,0.3333,0.0833,0,0,1,0
7978,696,1075,0.0000,0.0522,0,0,0,0
7979,192,302,0.5000,0.0227,0,0,0,0
7980,1367,3057,0.2500,0.0539,0,0,1,0
7981,151,298,1.0000,0.0800,0,0,0,0
7982,233,1702,0.5000,0.0586,0,0,0,0
7983,1832,1174,0.2000,0.0308,0,0,1,0
7984,1091,438,1.0000,0.0000,0,0,0,0
7985,508,2373,0.0000,0.0032,0,0,0,1
7986,718,409,0.3333,0.0000,0,0,1,0
7987,133,1948,0.0000,0.0000,0,0,0,1
7988,381,1751,0.0000,0.0036,0,0,0,0
7989,919,1274,0.2500,0.1206,0,0,1,0
7990,1126,285,0.3333,0.0000,0,0,1,0
7991,637,782,0.2500,0.1311,0,0,0,1
7992,1604,4,1.0000,0.0000,0,0,0,0
7993,1685,63,0.3333,0.0769,0,0,1,0
7994,1667,3625,0.2500,0.1699,0,0,1,0
7995,751,228,1.0000,0.0714,0,0,0,0
7996,41,6,1.0000,0.0000,0,0,0,0
7997,62,969,0.0000,0.0000,0,0,0,0
7998,207,2512,0.0000,0.0026,1,0,0,1
7999,427,1108,0.0000,0.0309,0,0,0,1
8000,1227,2066,0.2000,0.0782,0,0,1,1
8001,100,1057,0.0000,0.0062,0,0,0,0
8002,3216,114,0.5000,0.5882,0,0,0,0
8003,74,51,0.0000,0.0000,0,0,0,0
8004,532,1561,0.6667,0.0039,0,0,0,0
8005,564,6213,0.4000,0.0052,0,0,0,1
8006,1606,8,0.2500,0.0000,0,0,1,0
8007,339,899,0.5000,0.0355,1,0,0,0
8008,170,211,0.0000,0.0000,0,0,0,0
8009,265,577,0.0000,0.1321,0,0,0,0
8010,855,1918,0.2000,0.0427,1,0,0,1
8011,239,462,1.0000,0.0000,0,0,0,0
8012,87,87,1.0000,0.0000,0,0,0,0
8013,933,3904,0.4000,0.0211,0,0,1,1
8014,601,118,1.0000,0.0000,0,0,0,0
8015,210,40,1.0000,0.0000,0,0,0,0
8016,314,22,1.0000,0.0000,0,0,0,0
8017,450,479,0.0000,0.1967,0,0,0,0
8018,76,191,0.0000,0.0000,0,0,0,0
8019,1252,2678,0.4000,0.0368,0,0,1,1
8020,1533,125,1.0000,0.0870,0,0,0,0
8021,309,19,1.0000,0.0000,0,0,0,0
8022,17,1269,0.0000,0.0000,0,0,0,0
8023,1745,201,1.0000,0.0606,0,0,0,0
8024,685,787,0.6667,0.1340,0,0,0,0
8025,1843,551,0.4000,0.0455,0,0,1,1
8026,546,575,1.0000,0.0460,0,0,0,0
8027,716,1561,0.0000,0.0345,0,0,0,1
8028,222,1654,0.0000,0.1199,0,0,0,0
8029,1085,2745,0.2000,0.0821,0,0,1,1
8030,74,37,0.0000,0.0000,0,0,0,0
8031,1040,1200,1.0000,0.0702,0,0,0,0
8032,1854,7,0.2500,0.0000,0,0,1,0
8033,1873,2841,0.5000,0.2082,0,0,1,1
8034,512,1282,0.0000,0.0733,0,0,0,1
8035,112,739,0.0000,0.0940,0,0,0,0
8036,1151,1177,0.6667,0.0000,0,0,1,0
8037,93,1418,0.2500,0.0000,0,0,0,1
8038,1870,7,0.2500,0.0000,0,0,1,0
8039,206,378,0.0000,0.1918,0,0,0,0
8040,468,732,0.0000,0.1505,0,0,0,1
8041,66,2173,0.0000,0.0298,1,0,0,1
8042,1005,3317,0.6000,0.0901,0,0,1,1
8043,3043,5671,0.2000,0.0159,0,0,0,1
8044,358,41,0.0000,0.0000,0,0,0,0
8045,1187,668,1.0000,0.0000,0,0,0,0
8046,1501,3762,0.2500,0.1946,0,0,1,0
8047,453,929,0.0000,0.0676,0,0,0,1
8048,558,1123,0.0000,0.0833,0,0,0,1
8049,99,534,1.0000,0.1250,0,0,0,0
8050,1454,7,0.0000,0.0000,0,0,0,0
8051,2005,1028,0.4000,0.0250,0,0,1,0
8052,396,4,0.0000,0.0000,0,0,0,0
8053,345,1074,0.0000,0.0000,0,0,0,1
8054,1780,135,0.3333,0.0769,0,0,1,0
8055,971,2051,0.4000,0.2308,0,0,1,1
8056,607,802,0.0000,0.0929,0,0,0,1
8057,508,1202,0.0000,0.0294,0,0,0,0
8058,310,19,1.0000,0.0000,0,0,0,0
8059,999,2824,0.4000,0.1047,0,0,1,1
8060,1867,15,0.0000,0.0000,0,0,0,0
8061,525,263,0.0000,0.6053,0,0,0,0
8062,1316,5471,0.7500,0.0159,0,0,1,1
8063,309,438,0.0000,0.2468,0,0,0,1
8064,1177,1021,0.5000,0.0213,1,0,1,0
8065,106,501,1.0000,0.0000,0,0,0,0
8066,186,249,1.0000,0.0000,0,0,0,0
8067,1204,1451,0.5000,0.0206,1,0,0,0
8068,997,655,0.6667,0.1842,0,0,1,0
8069,159,235,1.0000,0.0000,0,0,0,0
8070,254,2,0.0000,0.0000,0,0,0,0
8071,1297,1832,0.0000,0.5781,0,0,0,0
8072,618,13,0.0000,0.0000,0,0,0,0
8073,421,80,0.5000,0.0000,0,0,0,0
8074,84,471,1.0000,0.0139,0,0,0,0
8075,84,2397,0.0000,0.0058,0,0,0,1
8076,231,550,0.0000,0.0769,0,0,0,0
8077,165,206,0.0000,0.2000,0,0,0,0
8078,1475,2101,0.2500,0.0083,0,0,0,1
8079,1458,2458,0.8000,0.0464,0,0,1,1
8080,56,750,0.0000,0.0000,0,0,0,0
8081,1384,2885,0.4000,0.0588,0,0,1,1
8082,505,117,0.3333,0.0000,0,0,1,0
8083,156,596,0.0000,0.0550,0,0,0,0
8084,166,721,0.3333,0.0286,1,0,0,0
8085,219,434,1.0000,0.0000,0,0,0,0
8086,1145,1968,0.5000,0.1157,0,0,1,1
8087,87,1724,0.0000,0.0285,0,0,0,1
8088,1339,4097,0.4000,0.0503,1,0,1,1
8089,1009,1264,0.6000,0.0670,1,0,0,1
8090,676,3105,0.2000,0.1650,1,0,0,1
8091,34,304,1.0000,0.0000,0,0,0,0
8092,1723,7,0.2500,0.0000,0,0,1,0
8093,612,823,0.0000,0.0909,0,0,0,1
8094,166,1864,0.0000,0.0000,0,0,0,1
8095,114,3186,0.2000,0.0000,0,0,0,1
8096,673,1541,0.3333,0.0000,0,0,0,0
8097,1759,3479,0.2000,0.0737,0,0,1,1
8098,134,1094,0.0000,0.0000,0,0,0,1
8099,191,501,0.0000,0.1011,0,0,0,0
8100,69,519,1.0000,0.0000,0,0,0,0
8101,1178,265,1.0000,0.0000,0,0,0,0
8102,600,566,0.6667,0.0000,0,0,1,0
8103,1027,1238,0.6667,0.0064,0,0,1,0
8104,188,231,0.3333,0.3333,0,0,0,0
8105,616,2385,0.2000,0.0440,0,0,0,1
8106,1005,2630,0.8333,0.0888,0,0,1,1
8107,167,3459,0.0000,0.0101,0,0,0,1
8108,191,107,0.0000,0.2222,0,0,0,0
8109,181,559,0.2500,0.0309,0,0,0,1
8110,787,1441,1.0000,0.0163,0,0,0,0
8111,56,2478,0.0000,0.0082,1,0,0,1
8112,423,1450,0.0000,0.0556,0,0,0,1
8113,557,1321,0.3333,0.0332,0,0,0,0
8114,446,1086,0.3333,0.0508,0,0,0,0
8115,71,252,1.0000,0.1538,0,0,0,0
8116,1711,1702,0.6667,0.0408,0,0,1,1
8117,1143,2507,0.4000,0.0578,0,0,1,1
8118,431,1241,0.0000,0.0350,1,0,0,0
8119,641,985,1.0000,0.0065,0,0,0,0
8120,43,321,1.0000,0.0000,0,0,0,0
8121,169,276,1.0000,0.0000,0,0,0,0
8122,50,67,1.0000,0.0000,0,0,0,0
8123,529,531,0.3333,0.0000,0,0,1,0
8124,1545,3225,0.2500,0.0516,0,0,1,0
8125,177,1904,0.0000,0.0401,0,0,0,0
8126,446,14,0.0000,0.0000,0,0,0,0
8127,65,374,1.0000,0.0000,0,0,0,0
8128,214,709,0.0000,0.0236,0,0,0,0
8129,1969,2115,1.0000,0.1376,0,0,0,0
8130,281,1057,0.6667,0.0000,1,0,0,0
8131,1688,8,0.2500,0.0000,0,0,1,0
8132,524,375,1.0000,0.0000,0,0,0,0
8133,629,1295,0.2000,0.1782,0,0,0,1
8134,308,128,0.0000,0.3200,0,0,1,0
8135,119,786,0.0000,0.0854,0,0,0,0
8136,266,279,0.0000,0.0200,0,0,0,0
8137,314,22,1.0000,0.0000,0,0,0,0
8138,1742,7,0.2500,0.0000,0,0,1,0
8139,155,526,1.0000,0.0000,0,0,0,0
8140,302,357,0.0000,0.2381,0,0,0,0
8141,1539,5,0.2500,0.0000,0,0,1,0
8142,356,1962,0.0000,0.0302,0,0,0,1
8143,718,444,0.6667,0.0000,0,0,1,0
8144,1812,1718,0.7500,0.0345,0,0,1,1
8145,1488,1132,0.6667,0.1093,0,0,1,1
8146,87,2075,0.0000,0.0544,0,0,0,1
8147,134,210,0.0000,0.1429,0,0,0,0
8148,883,208,0.4000,0.0000,0,0,1,0
8149,256,126,0.5000,0.0000,0,0,0,0
8150,748,2838,0.2000,0.0049,0,0,0,1
8151,110,890,0.0000,0.1986,0,0,0,1
8152,456,741,0.0000,0.0130,0,0,0,0
8153,650,621,0.5000,0.0106,0,0,1,0
8154,310,19,1.0000,0.0000,0,0,0,0
8155,204,852,0.0000,0.0086,0,0,0,1
8156,76,8637,0.0000,0.0000,0,0,0,0
8157,318,25,1.0000,0.0000,0,0,0,0
8158,543,902,0.4000,0.1600,0,0,0,1
8159,1601,2370,0.6667,0.1383,1,0,0,0
8160,213,4071,0.0000,0.0143,0,0,0,1
8161,63,517,0.0000,0.0250,0,0,0,0
8162,752,2864,0.2500,0.0380,0,0,1,0
8163,1282,5233,0.4000,0.0164,0,0,1,1
8164,906,3505,0.3333,0.0063,1,0,0,0
8165,925,2663,0.5000,0.1219,0,0,1,0
8166,757,16,0.0000,1.0000,0,0,0,0
8167,1947,7,0.2500,0.0000,0,0,1,0
8168,546,270,0.6667,0.0000,0,0,1,0
8169,95,329,1.0000,0.0000,0,0,0,0
8170,62,459,1.0000,0.0508,0,0,0,0
8171,219,749,0.5000,0.0000,0,0,0,0
8172,592,1079,0.4000,0.0941,0,0,1,1
8173,311,19,1.0000,0.0000,0,0,0,0
8174,467,1069,0.0000,0.0250,0,0,0,1
8175,85,376,0.0000,0.1053,0,0,0,0
8176,1015,551,0.6000,0.0517,0,0,1,0
8177,3272,2035,0.7500,0.0614,0,0,0,0
8178,412,207,0.0000,0.0000,0,0,0,0
8179,627,1209,0.0000,0.0198,0,0,0,1
8180,721,1960,0.6667,0.0000,1,0,0,0
8181,1572,3354,0.5000,0.0173,0,0,1,1
8182,1589,7,0.2500,0.0000,0,0,1,0
8183,593,1826,0.3333,0.0000,0,0,1,1
8184,861,114,1.0000,0.2308,0,0,1,1
8185,62,150,1.0000,0.0755,0,0,0,0
8186,6,531,0.0000,0.0000,0,0,0,0
8187,2935,2071,0.3333,0.2216,0,0,0,1
8188,268,484,0.5000,0.0000,0,0,0,0
8189,535,964,0.0000,0.0960,0,0,0,1
8190,634,383,1.0000,0.0000,0,0,0,0
8191,137,41,1.0000,0.0000,0,0,0,0
8192,55,294,1.0000,0.0476,0,0,0,0
8193,1686,5,0.2500,0.0000,0,0,1,0
8194,481,1255,0.0000,0.0541,1,0,0,0
8195,5282,1448,1.0000,0.1886,0,0,0,0
8196,1202,499,0.0000,0.0000,0,0,1,0
8197,1008,3593,0.6000,0.0310,0,0,1,1
8198,255,370,0.0000,0.2830,0,0,0,0
8199,316,24,1.0000,0.0000,0,0,0,0
8200,323,819,0.0000,0.0615,0,0,0,1
8201,1106,3458,0.4000,0.0749,0,0,1,1
8202,742,2491,0.2000,0.0668,0,0,1,1
8203,868,170,0.6667,0.0000,0,0,0,0
8204,777,3157,0.0000,0.0168,0,0,0,1
8205,311,20,1.0000,0.0000,0,0,0,0
8206,130,1519,0.0000,0.0081,0,0,0,1
8207,620,1033,0.5000,0.0455,0,0,0,0
8208,2285,2248,0.2500,0.0227,0,0,1,0
8209,794,2362,0.5000,0.0981,0,0,1,1
8210,317,24,1.0000,1.0000,0,0,0,0
8211,312,1209,0.0000,0.0899,0,0,0,1
8212,1451,1651,0.2500,0.0447,0,0,1,1
8213,732,3126,0.2500,0.0387,0,0,0,1
8214,1861,883,0.5000,0.0128,0,0,1,1
8215,1596,2639,0.0000,0.1054,0,0,0,1
8216,265,1377,0.0000,0.0591,0,0,0,0
8217,1235,725,1.0000,0.0000,0,0,0,0
8218,149,2765,1.0000,0.0074,0,0,0,0
8219,4141,2995,0.2000,0.1034,0,0,0,1
8220,204,2515,1.0000,0.0000,0,0,0,0
8221,123,76,0.0000,0.6000,0,0,0,0
8222,945,2027,0.5000,0.0554,0,0,1,1
8223,1161,2586,0.4000,0.0991,0,0,1,1
8224,313,22,1.0000,0.0000,0,0,0,0
8225,974,4537,0.5000,0.0483,0,0,1,1
8226,1510,4,0.5000,0.0000,0,0,0,0
8227,307,16,1.0000,0.0000,0,0,0,0
8228,1161,2293,0.2500,0.1120,0,0,1,0
8229,360,803,0.0000,0.0476,0,0,0,0
8230,308,18,1.0000,0.0000,0,0,0,0
8231,310,20,1.0000,0.0000,0,0,0,0
8232,445,1055,0.0000,0.0584,0,0,0,0
8233,60,2991,0.0000,0.0141,0,0,0,1
8234,1347,3219,0.4000,0.0760,0,0,1,1
8235,590,599,1.0000,0.0000,0,0,0,0
8236,681,757,0.0000,0.1972,0,0,0,0
8237,1164,72,0.0000,0.3810,0,0,0,0
8238,139,914,0.0000,0.0432,0,0,0,0
8239,159,26,0.0000,0.0000,0,0,0,0
8240,290,1049,1.0000,0.0000,0,0,0,0
8241,309,17,1.0000,0.0000,0,0,0,0
8242,564,508,1.0000,0.0000,0,0,0,0
8243,602,622,0.0000,0.0132,0,0,0,0
8244,1606,826,0.0000,0.3293,0,0,0,0
8245,759,1542,0.3333,0.0000,0,0,0,0
8246,915,2406,0.2500,0.0703,0,0,1,1
8247,804,1995,0.6667,0.0089,0,0,0,0
8248,317,27,1.0000,0.0000,0,0,0,0
8249,1379,2476,0.5000,0.0000,0,0,1,0
8250,164,613,1.0000,0.0000,0,0,0,0
8251,192,341,0.0000,0.1356,0,0,0,0
8252,605,1495,0.2500,0.0381,0,0,0,1
8253,336,2137,0.0000,0.0843,0,0,0,1
8254,73,458,1.0000,0.0000,0,0,0,0
8255,1574,2021,0.5000,0.0570,0,0,1,1
8256,77,377,1.0000,0.0000,0,0,0,0
8257,783,2803,0.0000,0.0407,0,0,0,1
8258,67,2010,0.0000,0.0000,0,0,0,1
8259,1657,7,0.2500,0.0000,0,0,1,0
8260,147,522,0.3333,0.0000,0,0,0,1
8261,1036,2348,0.2000,0.0223,0,0,1,0
8262,66,1626,0.0000,0.0111,0,0,0,1
8263,354,515,1.0000,0.0000,0,0,0,0
8264,125,1439,0.0000,0.0000,0,0,0,1
8265,64,3769,0.0000,0.0000,0,0,0,1
8266,37,2085,1.0000,0.0000,0,0,0,0
8267,70,2861,0.0000,0.0000,0,0,0,1
8268,550,219,1.0000,0.0000,0,0,0,0
8269,669,253,1.0000,0.0000,0,0,0,0
8270,113,48,0.0000,0.5714,0,0,0,0
8271,1107,327,0.5000,0.0789,0,0,0,0
8272,373,816,0.0000,0.1154,0,0,0,1
8273,959,444,0.6667,0.0000,0,0,1,1
8274,701,521,0.6667,0.0000,0,0,1,0
8275,1474,5,0.2500,0.0000,0,0,1,0
8276,427,1655,0.0000,0.0124,0,0,0,1
8277,375,5,0.0000,0.0000,0,0,0,0
8278,500,253,1.0000,0.0345,0,0,0,0
8279,150,1921,0.0000,0.0000,1,0,0,0
8280,75,128,1.0000,0.0909,0,0,0,0
8281,653,1226,0.3333,0.1538,0,0,0,1
8282,1642,7,0.2500,0.0000,0,0,1,0
8283,360,68,1.0000,0.0000,0,0,0,0
8284,954,2334,0.5000,0.1552,0,0,1,1
8285,39,463,1.0000,0.0000,0,0,0,0
8286,315,23,1.0000,0.0000,0,0,0,0
8287,554,927,0.0000,0.1316,0,0,0,1
8288,2767,4443,0.2500,0.0162,0,0,0,1
8289,2086,3017,0.2500,0.0154,0,0,0,1
8290,215,481,0.0000,0.0795,0,0,0,1
8291,346,476,0.0000,0.1149,0,0,0,0
8292,540,1650,0.0000,0.1835,0,0,0,1
8293,646,723,0.6667,0.0000,0,0,1,0
8294,62,80,1.0000,0.3636,0,0,0,0
8295,214,59,0.5000,0.0000,0,0,0,0
8296,645,2212,0.0000,0.0264,0,0,0,1
8297,1781,7,0.2500,0.0000,0,0,1,0
8298,637,598,0.6667,0.0000,0,0,1,0
8299,527,320,0.0000,0.0000,0,0,0,0
8300,296,355,1.0000,0.0000,0,0,1,1
8301,684,2942,0.2000,0.1232,0,0,1,1
8302,1218,3376,0.5000,0.1517,0,0,1,1
8303,131,2134,0.0000,0.0052,0,0,0,0
8304,1265,1783,0.2500,0.0000,0,0,1,0
8305,317,24,1.0000,0.0000,0,0,0,0
8306,33,386,0.0000,0.0000,0,0,0,1
8307,729,1322,0.2000,0.0000,0,0,1,1
8308,213,3192,0.0000,0.0315,0,0,0,1
8309,674,2422,0.7500,0.0305,0,0,1,1
8310,413,1958,0.0000,0.0435,0,0,0,1
8311,1956,3485,0.6000,0.1664,0,0,1,1
8312,1307,832,1.0000,0.1450,0,0,0,0
8313,318,28,1.0000,1.0000,0,0,0,0
8314,753,1840,0.2500,0.0097,1,0,1,0
8315,715,1327,0.3333,0.0144,0,0,0,0
8316,204,162,1.0000,0.0909,0,0,0,0
8317,513,804,0.0000,0.0686,0,0,0,0
8318,311,20,1.0000,0.0000,0,0,0,0
8319,308,17,1.0000,0.0000,0,0,0,0
8320,1057,396,1.0000,0.0000,0,0,0,0
8321,1271,2540,0.2500,0.1109,0,0,1,0
8322,974,3,0.5000,0.0000,0,0,0,0
8323,1732,50,0.0000,0.0000,0,0,0,0
8324,511,800,1.0000,0.1034,0,0,0,0
8325,171,920,0.0000,0.0064,0,0,0,0
8326,672,1580,1.0000,0.0000,0,0,0,0
8327,1534,1614,0.7500,0.1471,0,0,1,1
8328,1578,3503,0.5000,0.0596,0,0,1,1
8329,1505,2268,0.2500,0.1234,0,0,1,0
8330,1204,5497,0.2500,0.0646,0,0,0,1
8331,1096,1954,0.4000,0.0417,0,0,1,1
8332,129,1727,0.0000,0.0694,0,0,0,0
8333,425,382,0.0000,0.0000,0,0,0,1
8334,456,1491,0.0000,0.0291,0,0,0,1
8335,1833,4305,0.4000,0.0037,0,0,0,1
8336,1723,8,0.2500,0.0000,0,0,1,0
8337,2040,921,1.0000,0.0000,0,0,0,0
8338,246,402,0.0000,0.2055,0,0,0,0
8339,638,1799,0.0000,0.0034,0,0,0,0
8340,858,857,0.2500,0.0000,0,0,1,0
8341,450,69,0.0000,0.0000,0,0,0,0
8342,207,93,0.0000,0.0000,0,0,0,0
8343,316,26,1.0000,0.0000,0,0,0,0
8344,422,2090,0.0000,0.0588,0,0,0,1
8345,1585,2427,0.6000,0.1221,0,0,1,1
8346,633,1273,0.0000,0.0426,0,0,0,0
8347,221,766,1.0000,0.0103,0,0,0,0
8348,317,24,1.0000,0.0000,0,0,0,0
8349,1911,7,0.2500,0.0000,0,0,1,0
8350,966,1942,0.5000,0.0789,0,0,1,1
8351,259,141,0.3333,0.1852,0,0,0,0
8352,500,1354,0.0000,0.0679,0,0,0,0
8353,412,1270,0.0000,0.0423,0,0,0,1
8354,1031,5173,0.2500,0.0029,0,0,0,1
8355,969,1254,0.2000,0.0735,0,0,0,1
8356,1449,2320,0.6000,0.0385,0,0,1,1
8357,1223,3077,0.2500,0.0621,0,0,1,1
8358,443,89,1.0000,0.1818,0,0,0,0
8359,942,1736,0.8000,0.0116,0,0,1,0
8360,386,1385,0.0000,0.0981,0,0,0,1
8361,944,103,0.0000,0.0000,0,0,0,0
8362,590,352,0.5000,0.0000,0,0,0,0
8363,288,837,0.5000,0.0148,1,0,0,0
8364,1562,1703,0.2500,0.0669,0,0,0,1
8365,104,452,0.0000,0.0538,0,0,0,0
8366,2512,2774,0.3333,0.5167,0,0,0,1
8367,1626,79,0.3333,0.0769,0,0,1,0
8368,1312,3267,0.7500,0.0700,0,0,1,1
8369,64,422,1.0000,0.0000,0,0,0,0
8370,406,924,0.0000,0.1079,0,0,0,1
8371,766,865,0.5000,0.0000,0,0,0,0
8372,55,10531,0.0000,0.0000,0,0,0,0
8373,225,514,0.0000,0.0000,0,0,0,0
8374,42,106,1.0000,0.0769,0,0,0,0
8375,393,1373,0.5000,0.0583,0,0,0,1
8376,48,2895,0.0000,0.0000,1,0,0,1
8377,1070,345,0.6667,0.0000,0,0,0,0
8378,315,435,0.0000,0.1852,0,0,0,0
8379,476,1697,0.0000,0.0913,0,0,0,1
8380,1188,4560,0.6000,0.0876,0,0,1,1
8381,560,637,0.0000,0.0000,0,0,0,1
8382,2305,88,0.0000,0.0000,0,0,0,0
8383,346,1362,0.0000,0.0676,1,0,0,0
8384,1900,7,0.2500,0.0000,0,0,1,0
8385,1080,2759,0.6667,0.0656,0,0,1,1
8386,108,7,0.0000,0.0000,0,0,0,0
8387,311,19,1.0000,0.0000,0,0,0,0
8388,460,737,0.2500,0.1091,0,0,0,1
8389,1703,3733,0.4000,0.1416,1,0,1,1
8390,1155,1195,0.2000,0.0000,0,0,1,0
8391,1239,1298,0.5000,0.0000,0,0,1,0
8392,591,770,0.0000,0.1000,0,0,0,0
8393,753,533,1.0000,0.2388,0,0,0,0
8394,24,117,1.0000,0.0000,0,0,0,0
8395,52,155,1.0000,0.0417,0,0,0,0
8396,1769,2453,0.4000,0.1698,0,0,1,1
8397,1258,2820,0.4000,0.0578,0,0,1,1
8398,1373,2946,0.4000,0.1540,0,0,1,1
8399,986,2230,0.2000,0.1364,0,0,1,1
8400,83,3281,0.0000,0.0000,0,0,0,1
8401,2886,119,1.0000,0.0476,0,0,0,0
8402,38,271,1.0000,0.0000,0,0,0,0
8403,153,48,1.0000,0.0000,0,0,0,0
8404,1450,1353,0.6667,0.2297,0,0,0,0
8405,316,26,1.0000,0.0000,0,0,0,0
8406,509,724,0.0000,0.1786,0,0,0,1
8407,8293,2947,0.5000,0.0769,0,0,1,1
8408,315,925,0.0000,0.0000,0,0,0,0
8409,491,54,1.0000,0.0000,0,0,0,0
8410,939,2581,0.2500,0.0738,0,0,1,0
8411,151,102,1.0000,0.0000,0,0,0,0
8412,3422,12,0.0000,0.0000,0,0,0,0
8413,1784,7,0.2500,0.0000,0,0,1,0
8414,207,1039,0.0000,0.0000,0,0,0,0
8415,486,647,1.0000,0.0000,0,0,0,0
8416,1213,4988,0.6667,0.0343,0,0,1,1
8417,356,529,0.0000,0.1471,0,0,0,0
8418,217,414,0.0000,0.0000,0,0,0,0
8419,132,857,1.0000,0.0000,0,0,0,0
8420,80,371,1.0000,0.0000,0,0,0,0
8421,98,1190,0.0000,0.0000,0,0,0,0
8422,1137,3389,0.4000,0.0418,0,0,1,1
8423,431,1937,0.5000,0.0755,0,0,0,1
8424,116,20,0.0000,1.0000,0,0,0,0
8425,1278,2960,0.4000,0.1074,0,0,1,1
8426,112,1292,0.0000,0.0251,0,0,0,1
8427,1965,3886,0.2000,0.0000,0,0,0,1
8428,284,721,0.0000,0.2640,0,0,0,0
8429,24,71,0.0000,0.0000,0,0,0,0
8430,1428,3080,0.6000,0.0539,0,0,1,1
8431,715,1518,1.0000,0.1486,0,0,0,0
8432,675,2486,0.0000,0.0540,0,0,0,0
8433,62,332,1.0000,0.0328,0,0,0,0
8434,836,289,0.3333,0.0000,0,0,1,0
8435,56,1057,0.0000,0.0000,1,0,0,1
8436,603,1082,0.0000,0.0443,0,0,0,1
8437,246,1851,0.0000,0.0252,0,0,0,1
8438,341,400,0.0000,0.0886,0,0,0,0
8439,834,766,1.0000,0.1321,0,0,0,0
8440,1836,1442,0.7500,0.0000,0,0,1,1
8441,94,27,0.0000,0.0000,0,0,0,0
8442,1542,220,0.2500,0.1471,0,0,1,0
8443,595,522,1.0000,0.0000,0,0,0,0
8444,316,23,1.0000,0.0000,0,0,0,0
8445,186,359,0.0000,0.0615,0,0,0,0
8446,231,42,0.0000,0.0000,0,0,0,0
8447,891,966,0.3333,0.0000,0,0,0,0
8448,362,1658,0.0000,0.0301,0,0,0,1
8449,397,533,0.0000,0.2121,0,0,0,0
8450,1241,1302,0.2500,0.0221,0,0,1,0
8451,1539,134,0.3333,0.0000,0,0,1,0
8452,104,1127,0.0000,0.0778,0,0,0,1
8453,1408,1667,0.7500,0.0269,0,0,0,0
8454,243,699,0.0000,0.0853,0,0,0,0
8455,1692,8,0.2500,0.0000,0,0,1,0
8456,1590,8,0.2500,0.0000,0,0,1,0
8457,670,1309,0.6667,0.0000,0,0,0,0
8458,851,699,0.6667,0.0000,0,0,1,0
8459,1692,7,0.2500,0.0000,0,0,1,0
8460,881,2199,0.0000,0.0090,0,0,0,1
8461,505,102,1.0000,0.0769,0,0,0,0
8462,1450,321,0.5000,0.0000,0,0,1,1
8463,809,17,0.0000,1.0000,0,0,0,0
8464,220,532,0.0000,0.0667,0,0,0,0
8465,504,1187,0.0000,0.0877,0,0,0,1
8466,1573,6120,0.2500,0.0391,0,0,0,1
8467,804,1983,0.3333,0.4918,0,0,0,1
8468,1705,7,0.2500,0.0000,0,0,1,0
8469,332,1239,1.0000,0.0180,0,0,0,0
8470,314,21,1.0000,0.0000,0,0,0,0
8471,629,646,1.0000,0.0217,0,0,0,0
8472,430,1756,0.0000,0.0105,0,0,0,1
8473,1189,204,1.0000,0.4194,0,0,1,1
8474,1513,2894,0.4000,0.0880,0,0,1,1
8475,113,1182,0.0000,0.0102,0,0,0,1
8476,2027,69,0.3333,0.1538,0,0,1,0
8477,1187,1850,0.5000,0.0987,1,0,0,0
8478,696,548,0.0000,0.0000,0,0,0,0
8479,93,3582,0.0000,0.0102,0,0,0,1
8480,440,598,0.0000,0.1220,0,0,0,0
8481,736,2572,0.0000,0.0242,0,0,0,1
8482,1388,3295,0.4000,0.0608,0,0,1,1
8483,1819,1137,0.5000,0.0618,0,0,1,1
8484,590,1368,0.0000,0.1132,0,0,0,1
8485,309,18,1.0000,0.0000,0,0,0,0
8486,799,2015,0.2500,0.0000,0,0,0,1
8487,397,1038,0.0000,0.0000,0,0,0,0
8488,307,635,0.5000,0.0093,0,0,0,0
8489,328,711,0.0000,0.1624,0,0,0,0
8490,350,595,0.0000,0.0265,0,0,0,1
8491,715,1393,0.0000,0.0391,0,0,0,0
8492,848,437,0.0000,0.0000,0,0,0,0
8493,1064,1669,0.6000,0.0039,1,0,0,1
8494,987,1287,0.6667,0.0000,0,0,1,0
8495,1818,2209,0.6000,0.2549,0,0,1,1
8496,447,1606,0.0000,0.0000,0,0,0,1
8497,1759,8,0.2500,0.0000,0,0,1,0
8498,666,772,1.0000,0.0000,0,0,0,0
8499,477,256,0.0000,0.6250,0,0,0,0
8500,1733,5,0.2500,0.0000,0,0,1,0
8501,509,286,1.0000,0.0000,0,0,0,0
8502,1349,2740,0.6667,0.0929,0,0,1,1
8503,684,1826,0.2500,0.0115,0,0,0,1
8504,1598,7,0.2500,0.0000,0,0,1,0
8505,455,429,0.0000,0.3770,0,0,0,0
8506,1161,2209,0.6000,0.0879,0,0,1,1
8507,5208,147,1.0000,0.6818,0,0,0,0
8508,1225,403,0.4000,0.0000,0,0,1,0
8509,710,2315,0.2000,0.0397,0,0,0,1
8510,177,153,0.3333,0.0000,0,0,1,0
8511,567,1791,0.0000,0.0000,0,0,0,1
8512,249,120,0.5000,0.0000,0,0,0,0
8513,1411,1984,0.2000,0.1057,0,0,1,1
8514,1157,1298,0.3333,0.0120,1,0,0,0
8515,79,424,1.0000,0.0312,0,0,0,0
8516,1025,3499,0.5000,0.2156,0,0,1,1
8517,514,1527,0.0000,0.0441,0,0,0,0
8518,106,44,1.0000,0.0000,0,0,0,0
8519,174,1678,0.0000,0.0338,0,0,0,1
8520,821,78,0.6667,0.0000,0,0,1,0
8521,1621,63,0.5000,0.0000,0,0,0,0
8522,317,24,1.0000,0.0000,0,0,0,0
8523,154,2632,0.0000,0.0000,0,0,0,0
8524,2399,2800,0.0000,0.0157,0,0,0,0
8525,1786,4000,0.2500,0.0389,1,0,0,1
8526,864,1407,0.6667,0.5493,0,0,0,0
8527,1214,2142,0.6000,0.2331,0,0,1,1
8528,187,535,0.0000,0.1442,0,0,0,0
8529,846,229,0.5000,0.0000,0,0,0,0
8530,677,520,0.6667,0.0000,0,0,0,0
8531,107,40,1.0000,0.0000,0,0,0,0
8532,655,1594,0.5000,0.0251,0,0,0,1
8533,2073,2622,0.5000,0.0000,0,0,0,1
8534,57,420,1.0000,0.1935,0,0,0,0
8535,828,464,0.6667,0.0926,0,0,1,0
8536,438,2143,0.0000,0.0253,0,0,0,0
8537,123,91,0.0000,0.0000,0,0,1,0
8538,992,2362,0.5000,0.0797,0,0,1,1
8539,821,1103,0.6667,0.0000,0,0,0,0
8540,188,229,1.0000,0.0000,0,0,0,0
8541,182,70,0.0000,0.0000,0,0,0,0
8542,467,219,0.5000,0.0000,0,0,0,0
8543,63,135,1.0000,0.2222,0,0,0,0
8544,755,454,0.5000,0.0172,0,0,0,0
8545,1953,7,0.2500,0.0000,0,0,1,0
8546,642,5428,0.4000,0.0253,0,0,0,1
8547,1447,2786,0.5000,0.1042,0,0,1,0
8548,1226,1078,0.0000,0.0000,0,0,0,0
8549,1656,714,0.2000,0.0000,0,0,1,0
8550,211,1212,0.0000,0.0000,1,0,0,0
8551,827,1382,0.5000,0.0000,0,0,0,0
8552,2730,216,0.0000,0.0000,0,0,0,0
8553,32,53,1.0000,0.0000,0,0,0,0
8554,174,1133,0.0000,0.0062,0,0,0,0
8555,774,175,0.3333,0.5172,0,0,1,0
8556,361,1648,0.0000,0.0192,0,0,0,1
8557,892,2340,0.0000,0.0000,0,0,0,1
8558,833,987,1.0000,0.0204,0,0,1,1
8559,460,1060,0.6667,0.0173,1,0,0,0
8560,1293,2047,0.2500,0.1750,0,0,1,0
8561,710,380,1.0000,0.0000,0,0,0,0
8562,814,3981,0.0000,0.0290,1,0,0,1
8563,206,1061,0.0000,0.0000,0,0,0,1
8564,39,2871,0.0000,0.0000,0,0,0,1
8565,160,40,1.0000,0.0000,0,0,0,0
8566,817,2038,0.5000,0.0579,0,0,1,1
8567,76,135,0.0000,0.0417,0,0,0,0
8568,595,508,1.0000,0.1757,1,0,0,0
8569,1715,1963,0.2500,0.3160,0,0,1,0
8570,137,1400,0.0000,0.0197,0,0,0,1
8571,1249,3061,0.4000,0.0691,0,0,1,1
8572,465,2068,1.0000,0.0000,0,0,0,0
8573,256,358,0.0000,0.0476,0,0,0,0
8574,422,4,0.0000,0.0000,0,0,0,0
8575,1716,8,0.2500,0.0000,0,0,1,0
8576,1914,3129,0.6000,0.1003,0,0,1,1
8577,1171,575,0.2500,0.0000,0,0,1,0
8578,234,1460,0.5000,0.0000,0,0,0,0
8579,1027,2740,1.0000,0.0320,0,0,1,1
8580,529,8,1.0000,0.0000,0,0,0,0
8581,1611,3578,0.5000,0.0088,0,0,1,1
8582,1264,3043,0.5000,0.1359,0,0,1,1
8583,767,280,0.6667,0.0000,0,0,1,0
8584,355,120,1.0000,0.0000,0,0,0,0
8585,312,21,1.0000,0.0000,0,0,0,0
8586,1590,1170,0.2500,0.0122,0,0,1,0
8587,1326,2794,1.0000,0.0240,0,0,1,1
8588,487,689,0.0000,0.0282,0,0,0,0
8589,307,16,1.0000,0.0000,0,0,0,0
8590,36,482,0.0000,0.0000,0,0,0,0
8591,1475,3453,0.5000,0.0716,0,0,1,1
8592,832,226,0.6667,0.0000,0,0,1,0
8593,308,1674,0.0000,0.0464,0,0,0,0
8594,180,1710,0.3333,0.0218,0,0,1,1
8595,862,3005,0.4000,0.1027,0,0,1,1
8596,270,729,1.0000,0.0000,0,0,0,0
8597,897,278,0.2500,0.0000,0,0,1,0
8598,141,270,1.0000,0.0000,0,0,0,0
8599,4650,8,0.0000,0.0000,0,0,0,0
8600,882,638,0.5000,0.0000,0,0,1,0
8601,435,1367,0.5000,0.0535,1,0,0,0
8602,89,2955,0.0000,0.0022,1,0,0,0
8603,414,1352,0.0000,0.0415,0,0,0,0
8604,736,2256,0.5000,0.0861,0,0,1,1
8605,1183,2365,0.0000,0.0519,0,0,0,0
8606,94,45,1.0000,0.0000,0,0,0,0
8607,30,120,1.0000,0.0000,0,0,0,0
8608,102,1216,0.0000,0.1040,0,0,0,1
8609,313,22,1.0000,0.0000,0,0,0,0
8610,631,1611,0.5000,0.0996,0,0,1,1
8611,1198,2131,0.4000,0.0940,0,0,1,1
8612,501,137,0.0000,0.0000,0,0,0,0
8613,186,666,1.0000,0.0472,0,0,0,0
8614,1639,7,0.2500,0.0000,0,0,1,0
8615,1351,677,1.0000,0.1652,0,0,1,1
8616,1409,708,0.6667,0.0000,0,0,1,0
8617,392,208,1.0000,0.5806,0,0,0,0
8618,283,1195,1.0000,0.0229,0,0,0,0
8619,1705,1772,0.0000,0.1799,0,0,0,1
8620,1654,7,0.2500,0.0000,0,0,1,0
8621,134,119,1.0000,0.1053,0,0,0,0
8622,237,502,0.0000,0.1739,0,0,0,0
8623,1300,2560,0.4000,0.1923,0,0,1,1
8624,929,259,1.0000,0.7727,0,0,0,0
8625,1693,146,0.3333,0.0000,0,0,1,0
8626,3640,23,0.0000,0.0000,0,0,0,0
8627,1090,2402,0.7500,0.0390,1,0,1,1
8628,1187,2435,0.5000,0.0840,0,0,0,1
8629,416,521,0.0000,0.0538,0,0,0,1
8630,33,65,1.0000,0.0000,0,0,0,0
8631,59,859,0.0000,0.0000,0,0,0,1
8632,58,491,0.0000,0.0120,1,0,0,0
8633,369,2334,0.0000,0.0030,0,0,0,0
8634,431,634,1.0000,0.0000,0,0,0,0
8635,688,773,1.0000,0.0130,0,0,0,0
8636,306,3280,0.0000,0.0000,0,0,0,0
8637,307,16,1.0000,0.0000,0,0,0,0
8638,460,9,1.0000,0.0000,0,0,0,0
8639,44,663,1.0000,0.0091,0,0,0,0
8640,107,2301,0.0000,0.0000,0,0,0,1
8641,296,1452,0.0000,0.0331,0,0,0,1
8642,92,333,1.0000,0.0000,0,0,0,0
8643,1809,5,0.2500,0.0000,0,0,1,0
8644,90,1284,0.0000,0.0660,0,0,0,0
8645,1031,2444,0.6000,0.1873,0,0,1,1
8646,313,40,1.0000,0.0000,0,0,0,0
8647,143,119,0.0000,0.0000,0,0,0,0
8648,413,1263,0.0000,0.1642,0,0,0,1
8649,4022,74,0.0000,0.0000,0,0,0,0
8650,880,1314,0.7500,0.7409,0,0,1,1
8651,1622,1658,0.6667,0.0252,1,0,0,0
8652,1176,2437,0.8000,0.1134,0,0,1,1
8653,363,184,1.0000,0.0000,0,0,0,0
8654,2524,108,0.0000,0.0000,0,0,0,0
8655,2904,1904,0.2000,0.0040,0,0,0,1
8656,184,260,0.0000,0.0000,0,0,0,0
8657,1867,5090,0.2500,0.0086,0,0,0,1
8658,1280,2624,0.4000,0.1579,0,0,1,1
8659,749,453,0.3333,0.0606,0,0,0,1
8660,232,122,0.3333,0.3529,0,0,1,0
8661,662,721,0.6667,0.0930,0,0,1,0
8662,1880,80,0.3333,0.0714,0,0,1,0
8663,1750,7,0.2500,0.0000,0,0,1,0
8664,1672,5,0.2500,0.0000,0,0,1,0
8665,687,3887,0.2500,0.0600,0,0,1,0
8666,1636,2369,0.2000,0.0899,0,0,0,1
8667,43,517,1.0000,0.0000,0,0,0,0
8668,1187,3769,0.5000,0.0254,0,0,1,1
8669,1520,2018,0.8000,0.7722,0,0,1,1
8670,315,22,1.0000,1.0000,0,0,0,0
8671,233,96,1.0000,1.0000,0,0,0,0
8672,578,1,0.0000,0.0000,0,0,0,0
8673,47,3174,0.0000,0.0000,0,0,0,0
8674,124,212,1.0000,0.0476,0,0,0,0
8675,605,495,0.6667,0.2000,0,0,0,0
8676,214,531,1.0000,0.0000,0,0,1,1
8677,1080,2289,0.5000,0.1560,0,0,0,0
8678,936,793,0.7500,0.2672,1,0,1,0
8679,663,474,0.6667,0.2063,0,0,1,0
8680,163,320,0.0000,0.2167,0,0,0,0
8681,307,16,1.0000,0.0000,0,0,0,0
8682,1187,3124,0.4000,0.0615,0,0,0,1
8683,81,2812,0.0000,0.0000,0,0,0,1
8684,315,22,1.0000,0.0000,0,0,0,0
8685,101,829,0.0000,0.0075,0,0,0,0
8686,310,19,1.0000,0.0000,0,0,0,0
8687,262,2054,0.6667,0.0140,0,0,0,0
8688,1093,233,0.5000,0.0000,0,0,1,0
8689,874,1652,0.5000,0.0498,0,0,1,1
8690,79,1986,0.0000,0.0199,0,0,0,1
8691,153,248,1.0000,0.0000,0,0,0,0
8692,1136,2812,0.5000,0.1018,0,0,1,1
8693,1292,3901,0.7500,0.0837,0,0,1,1
8694,1015,2,0.0000,0.0000,0,0,0,0
8695,938,4653,0.2500,0.0860,0,0,1,0
8696,1890,7,0.2500,0.0000,0,0,1,0
8697,40,121,0.0000,0.0000,0,0,0,0
8698,221,489,1.0000,0.0000,0,0,0,0
8699,162,986,0.0000,0.0351,0,0,0,1
8700,637,311,1.0000,0.0000,0,0,0,0
8701,807,453,0.5000,0.0000,0,0,1,0
8702,1988,3563,0.2000,0.0057,0,0,0,1
8703,54,73,1.0000,0.2727,0,0,0,0
8704,737,530,1.0000,0.0000,0,0,0,0
8705,647,3245,0.3333,0.0197,0,0,0,1
8706,1144,230,0.0000,0.0513,0,0,1,0
8707,1097,2509,0.5000,0.1239,0,0,1,1
8708,401,1060,0.0000,0.1854,0,0,0,1
8709,317,24,1.0000,0.0000,0,0,0,0
8710,1149,3723,0.0000,0.0263,0,0,0,0
8711,1031,2067,0.5000,0.1506,0,0,1,1
8712,523,712,0.3333,0.0000,0,0,1,0
8713,268,198,1.0000,0.0278,0,0,0,0
8714,893,2661,0.4000,0.0687,1,0,1,1
8715,497,246,0.5000,0.0000,0,0,0,0
8716,563,1326,0.5000,0.2500,0,0,0,0
8717,1020,3164,0.0000,0.0022,1,0,0,0
8718,423,134,0.0000,0.0000,0,0,0,0
8719,313,550,0.0000,0.3137,0,0,0,1
8720,208,1317,0.0000,0.0000,0,0,0,0
8721,70,44,1.0000,0.0000,0,0,0,0
8722,117,311,1.0000,0.0000,0,0,0,0
8723,728,113,0.0000,0.0000,0,0,0,0
8724,1648,2630,0.6000,0.1040,0,0,1,1
8725,109,78,1.0000,0.7692,0,0,0,0
8726,506,1164,0.3333,0.0216,0,0,0,0
8727,849,2057,0.6667,0.0463,0,0,1,0
8728,651,966,0.0000,0.1739,0,0,0,0
8729,150,2852,0.0000,0.0117,0,0,0,1
8730,165,49,0.0000,0.0000,0,0,0,0
8731,1592,877,1.0000,0.1217,0,0,0,0
8732,375,3671,0.0000,0.0000,0,0,0,0
8733,312,21,1.0000,0.0000,0,0,0,0
8734,1002,373,1.0000,0.0000,0,0,0,0
8735,1066,1511,0.6667,0.1440,0,0,0,0
8736,1678,7,0.2500,0.0000,0,0,1,0
8737,379,189,1.0000,0.0000,0,0,0,0
8738,117,59,1.0000,0.0000,0,0,0,0
8739,317,25,1.0000,0.0000,0,0,0,0
8740,174,120,0.5000,0.2000,0,0,0,0
8741,1101,2633,0.2500,0.0661,0,0,1,0
8742,2817,194,0.0000,0.0278,0,0,0,0
8743,1429,2845,0.5000,0.1213,0,0,1,1
8744,500,1336,0.5000,0.0000,0,0,0,0
8745,418,3,0.0000,0.0000,0,0,0,0
8746,171,159,0.0000,0.1200,0,0,0,0
8747,317,24,1.0000,0.0000,0,0,0,0
8748,75,1084,0.0000,0.0628,0,0,0,1
8749,1119,3438,0.3333,0.0323,0,0,0,1
8750,318,26,1.0000,0.0000,0,0,0,0
8751,163,280,0.0000,0.1765,0,0,0,0
8752,294,482,0.0000,0.1149,0,0,0,0
8753,1223,1610,0.4000,0.2403,0,0,1,1
8754,976,529,0.0000,0.1325,0,0,0,0
8755,255,712,0.0000,0.1611,0,0,0,1
8756,445,1009,0.2500,0.0106,0,0,0,1
8757,71,189,0.0000,0.1268,0,0,0,0
8758,138,3484,0.0000,0.0076,0,0,0,1
8759,1068,1820,0.4000,0.0603,0,0,1,1
8760,179,665,0.0000,0.0076,0,0,0,0
8761,1582,7,0.2500,0.0000,0,0,1,0
8762,1571,7,0.2500,0.0000,0,0,1,0
8763,715,2,0.0000,0.0000,0,0,0,0
8764,977,370,1.0000,0.0185,0,0,0,0
8765,1443,3301,0.4000,0.0614,0,0,1,1
8766,411,549,0.0000,0.1604,0,0,0,0
8767,1708,3,0.0000,0.0000,0,0,1,0
8768,521,1202,0.6667,0.0733,1,0,0,0
8769,33,8,1.0000,0.0000,0,0,0,0
8770,313,143,1.0000,0.0000,0,0,0,0
8771,276,258,0.0000,0.0000,0,0,1,0
8772,25,11,1.0000,0.0000,0,0,0,0
8773,2168,22,0.0000,0.0000,0,0,0,0
8774,1058,693,1.0000,0.0865,0,0,0,0
8775,503,1,0.0000,0.0000,0,0,0,0
8776,1722,7,0.2500,0.0000,0,0,1,0
8777,314,1218,0.0000,0.1379,0,0,0,0
8778,806,2618,0.2500,0.0246,0,0,1,0
8779,102,1526,0.2500,0.0515,0,0,0,0
8780,949,1283,0.5000,0.0780,0,0,1,1
8781,1046,2185,0.2500,0.1892,0,0,1,1
8782,967,2011,0.5000,0.0609,0,0,1,0
8783,12,174,1.0000,0.0000,0,0,0,0
8784,1420,2765,0.2500,0.0000,0,0,1,0
8785,398,352,0.0000,0.2115,0,0,0,0
8786,441,738,0.0000,0.1193,0,0,0,1
8787,264,1114,0.2000,0.0253,1,0,0,1
8788,132,1148,0.0000,0.0230,0,0,0,1
8789,309,17,1.0000,0.0000,0,0,0,0
8790,110,64,1.0000,0.0000,0,0,0,0
8791,649,209,0.6667,0.0000,0,0,0,0
8792,1930,996,0.5000,0.0056,0,0,1,1
8793,623,16,0.0000,1.0000,0,0,0,0
8794,324,600,0.0000,0.2385,0,0,0,0
8795,306,444,0.0000,0.0854,0,0,0,0
8796,31,474,0.0000,0.0000,0,0,0,0
8797,1953,4609,0.6667,0.0000,0,0,1,1
8798,973,841,0.6667,0.1585,0,0,1,0
8799,77,336,1.0000,0.0000,0,0,0,0
8800,533,266,0.0000,0.0000,0,0,0,0
8801,959,1051,0.3333,0.0702,0,0,1,0
8802,1468,434,1.0000,0.1200,0,0,0,0
8803,416,135,1.0000,0.0000,0,0,0,0
8804,1399,3562,0.4000,0.0688,0,0,1,1
8805,221,489,1.0000,0.0000,0,0,0,0
8806,823,706,1.0000,0.0000,0,0,1,1
8807,216,824,0.3333,0.0467,0,0,0,0
8808,311,20,1.0000,0.0000,0,0,0,0
8809,1293,2194,1.0000,0.0000,0,0,0,0
8810,148,3413,0.0000,0.0000,0,0,0,0
8811,536,966,0.0000,0.0396,0,0,0,0
8812,225,409,0.0000,0.0000,0,0,0,0
8813,1332,2087,0.7500,0.1702,0,0,1,1
8814,1643,3661,0.2000,0.0245,0,0,1,1
8815,1706,7,0.2500,0.0000,0,0,1,0
8816,345,1164,0.0000,0.1429,0,0,0,1
8817,297,145,1.0000,0.0000,0,0,0,0
8818,96,1539,0.0000,0.0000,0,0,0,0
8819,131,1225,0.0000,0.0000,0,0,0,1
8820,837,402,0.7500,0.0000,0,0,0,0
8821,165,535,0.0000,0.0000,0,0,0,0
8822,1406,2738,0.5000,0.1121,0,0,1,1
8823,59,581,0.0000,0.0189,0,0,0,0
8824,264,93,0.0000,0.0000,0,0,0,0
8825,637,281,0.5000,0.0000,0,0,0,0
8826,312,21,1.0000,0.0000,0,0,0,0
8827,441,376,1.0000,0.0000,0,0,0,0
8828,399,1458,0.0000,0.0356,0,0,0,1
8829,508,181,0.6667,0.0000,0,0,0,0
8830,1028,1016,0.7500,0.1852,1,0,0,0
8831,518,1019,0.6667,0.0179,1,0,0,0
8832,502,5077,0.0000,0.0015,0,0,0,0
8833,315,23,1.0000,0.0000,0,0,0,0
8834,2546,5779,0.4000,0.0024,0,0,0,1
8835,953,2793,0.2500,0.1175,0,0,1,0
8836,68,1271,0.0000,0.0000,0,0,0,0
8837,657,758,0.3333,0.0753,0,0,0,0
8838,907,952,0.7500,0.1359,0,0,1,1
8839,3770,38,0.0000,0.0000,0,0,1,0
8840,166,371,0.0000,0.0000,0,0,0,0
8841,233,125,0.6667,0.0000,0,0,1,0
8842,49,65,1.0000,0.6667,0,0,0,0
8843,470,877,0.0000,0.0704,0,0,0,1
8844,115,1605,0.0000,0.0044,0,0,0,0
8845,929,1940,0.2500,0.0909,0,0,1,0
8846,89,2882,0.0000,0.0108,0,0,0,1
8847,1588,2484,1.0000,0.1279,0,0,1,1
8848,807,892,0.6667,0.0000,0,0,1,0
8849,678,165,1.0000,0.0000,0,0,0,0
8850,1191,2351,0.4000,0.1014,0,0,1,1
8851,312,2537,0.0000,0.0000,1,0,0,0
8852,1616,8,0.2500,0.0000,0,0,1,0
8853,148,3357,0.0000,0.0000,0,0,0,0
8854,1516,9,0.0000,0.0000,0,0,0,0
8855,36,1664,0.0000,0.0758,0,0,0,0
8856,351,641,0.0000,0.0781,0,0,0,0
8857,123,454,0.0000,0.0000,0,0,0,0
8858,139,1719,0.0000,0.0866,0,0,0,1
8859,44,1582,0.0000,0.0039,1,0,0,1
8860,1561,645,0.5000,0.0282,0,0,1,0
8861,164,916,0.0000,0.0000,0,0,0,0
8862,819,300,0.6667,0.1429,0,0,0,0
8863,1923,83,0.3333,0.0667,0,0,1,0
8864,316,4,0.0000,0.0000,0,0,0,0
8865,315,1891,0.0000,0.0000,0,0,0,0
8866,839,2534,0.3333,0.0240,0,0,1,0
8867,1743,3390,0.8333,0.0443,0,0,1,1
8868,95,409,0.0000,0.0460,0,0,0,0
8869,1043,1883,0.6667,0.0000,0,0,1,0
8870,949,1086,0.7500,0.0692,1,0,0,0
8871,1597,2896,1.0000,0.0026,0,0,1,1
8872,1093,343,0.6667,0.0000,0,0,0,0
8873,320,27,1.0000,0.0000,0,0,0,0
8874,1685,3996,0.4000,0.0629,0,0,1,1
8875,763,949,0.0000,0.1574,0,0,0,0
8876,710,794,1.0000,0.0315,0,0,1,1
8877,136,786,0.6667,0.0132,0,0,0,1
8878,864,2069,0.5000,0.0437,0,0,1,1
8879,1211,299,0.0000,0.0000,0,0,0,0
8880,453,977,0.0000,0.0672,0,0,0,0
8881,724,318,0.5000,0.1429,0,0,1,0
8882,269,491,1.0000,0.0000,0,0,0,0
8883,1471,998,0.6667,0.0450,0,0,1,0
8884,988,1544,0.8000,0.0879,1,0,1,0
8885,953,3143,0.5000,0.2654,0,0,1,1
8886,323,1127,0.0000,0.0595,0,0,0,0
8887,1208,3448,0.2500,0.0192,0,0,1,0
8888,821,1305,0.4000,0.0270,0,0,1,1
8889,794,622,0.6667,0.0000,0,0,0,0
8890,1739,8,0.2500,0.0000,0,0,1,0
8891,40,235,1.0000,0.0000,0,0,0,0
8892,314,22,1.0000,0.0000,0,0,0,0
8893,1534,749,0.0000,0.1899,0,0,0,0
8894,31,1721,0.0000,0.0000,0,0,0,1
8895,1176,2951,0.4000,0.0631,0,0,1,1
8896,1508,1345,0.7500,0.0088,0,0,1,1
8897,75,1079,0.0000,0.0000,0,0,0,0
8898,31,38,1.0000,0.3333,0,0,0,0
8899,659,399,1.0000,0.0882,0,0,0,0
8900,77,145,1.0000,0.0000,0,0,0,0
8901,1044,886,0.5000,0.0000,0,0,1,1
8902,1163,2241,0.6667,0.0087,0,0,0,1
8903,311,19,1.0000,0.0000,0,0,0,0
8904,47,12,1.0000,0.0000,0,0,0,0
8905,867,1228,0.7500,0.0070,0,0,1,1
8906,69,712,1.0000,0.0000,0,0,0,0
8907,615,1177,0.2500,0.0745,0,0,0,1
8908,311,19,1.0000,0.0000,0,0,0,0
8909,204,81,1.0000,0.1538,0,0,0,0
8910,5116,4300,0.2000,0.0000,0,0,0,1
8911,471,5244,0.2000,0.0085,0,0,0,1
8912,311,20,1.0000,0.0000,0,0,0,0
8913,678,1013,0.0000,0.0320,0,0,0,0
8914,897,1709,0.3333,0.0940,0,0,0,1
8915,625,607,0.0000,0.6667,0,0,0,0
8916,62,2137,0.0000,0.0000,0,0,0,1
8917,49,60,1.0000,0.6667,0,0,0,0
8918,219,777,0.0000,0.0000,0,0,0,0
8919,121,222,0.0000,0.0000,0,0,0,0
8920,735,3560,0.5000,0.0021,0,0,0,0
8921,1534,150,0.0000,0.2143,0,0,0,0
8922,306,15,1.0000,0.0000,0,0,0,0
8923,476,1554,0.0000,0.0714,0,0,0,0
8924,70,865,0.0000,0.0000,0,0,0,0
8925,1170,717,0.5000,0.0000,0,0,1,0
8926,393,891,0.0000,0.0657,0,0,0,1
8927,523,2844,0.0000,0.0996,0,0,0,1
8928,648,1010,0.0000,0.1073,0,0,0,0
8929,558,2042,0.2500,0.0196,0,0,0,1
8930,1153,2558,0.5000,0.0384,0,0,0,1
8931,207,364,1.0000,0.0000,0,0,0,0
8932,326,376,0.0000,0.1538,0,0,0,0
8933,953,326,0.6667,0.0000,0,0,0,0
8934,551,1265,0.3333,0.0000,0,0,0,0
8935,541,727,0.6667,0.0000,0,0,0,0
8936,932,2607,0.4000,0.0349,0,0,1,1
8937,189,2185,0.0000,0.0266,0,0,0,1
8938,1295,1838,0.2000,0.0141,0,0,0,1
8939,26,143,1.0000,0.0000,0,0,0,0
8940,800,2833,0.6667,0.0779,0,0,1,1
8941,311,19,1.0000,0.0000,0,0,0,0
8942,1019,3743,0.2000,0.0397,0,0,1,1
8943,257,898,0.0000,0.0878,0,0,0,1
8944,1683,1123,0.7500,0.0387,0,0,1,1
8945,807,840,0.0000,0.2020,0,0,0,1
8946,319,27,1.0000,0.0000,0,0,0,0
8947,506,1790,0.0000,0.0200,0,0,0,0
8948,844,226,0.0000,0.0000,0,0,0,0
8949,1694,7,0.2500,0.0000,0,0,1,0
8950,692,635,1.0000,0.1979,0,0,0,0
8951,130,539,1.0000,0.0294,0,0,0,0
8952,1601,1932,0.2500,0.2288,0,0,1,1
8953,441,489,0.5000,0.0159,0,0,0,0
8954,1657,7,0.2500,0.0000,0,0,1,0
8955,1691,7,0.2500,0.0000,0,0,1,0
8956,204,928,0.0000,0.1149,0,0,0,0
8957,504,1007,0.2500,0.0675,0,0,0,1
8958,227,945,1.0000,0.0085,0,0,0,0
8959,226,1246,0.0000,0.0316,0,0,0,0
8960,233,216,0.5000,0.0000,0,0,0,0
8961,568,1192,0.0000,0.0806,0,0,0,0
8962,1638,3233,0.2500,0.0459,0,0,1,1
8963,348,909,0.0000,0.0779,0,0,0,1
8964,744,8,0.0000,0.0000,0,0,0,0
8965,507,1114,0.0000,0.0925,0,0,0,1
8966,60,505,1.0000,0.0000,0,0,0,0
8967,1051,972,0.6667,0.0000,0,0,1,0
8968,631,185,1.0000,0.0000,0,0,0,0
8969,315,23,1.0000,0.0000,0,0,0,0
8970,1623,1555,0.5000,0.0509,0,0,1,1
8971,309,22,0.0000,0.0000,0,0,0,0
8972,309,17,1.0000,0.0000,0,0,0,0
8973,934,1193,1.0000,0.0000,0,0,0,0
8974,3612,652,0.0000,0.0204,0,0,0,0
8975,631,418,0.6667,0.0000,0,0,1,0
8976,559,2195,0.0000,0.0248,0,0,0,0
8977,1570,5,0.2500,0.0000,0,0,1,0
8978,1654,7,0.2500,0.0000,0,0,1,0
8979,315,25,1.0000,0.0000,0,0,0,0
8980,962,2263,0.6667,0.1059,0,0,1,1
8981,87,1278,0.0000,0.0290,0,0,0,0
8982,846,666,0.6667,0.0000,0,0,1,0
8983,79,536,1.0000,0.0000,0,0,0,0
8984,1741,255,1.0000,0.2826,0,0,1,1
8985,1606,8,0.2500,0.0000,0,0,1,0
8986,321,28,1.0000,0.0000,0,0,0,0
8987,735,1731,0.5000,0.0251,1,0,0,1
8988,861,2,0.0000,0.0000,0,0,0,0
8989,1563,2901,0.6667,0.0146,0,0,1,1
8990,1382,27,0.0000,0.0000,0,0,0,0
8991,1579,636,1.0000,0.2857,0,0,0,0
8992,318,26,1.0000,0.0000,0,0,0,0
8993,308,17,1.0000,0.0000,0,0,0,0
8994,1120,412,0.3333,0.0250,0,0,1,0
8995,874,375,0.6667,0.0000,0,0,1,0
8996,1409,2425,0.4000,0.0762,0,0,1,1
8997,275,1745,0.0000,0.0404,0,0,0,1
8998,924,3,0.0000,0.0000,0,0,0,0
8999,814,2530,0.2500,0.0419,0,0,0,1
9000,317,296,0.0000,0.0909,0,0,0,0
9001,935,182,0.3333,0.2222,0,0,1,0
9002,1091,883,0.2500,0.0000,0,0,1,0
9003,725,572,1.0000,0.0125,0,0,0,0
9004,422,2166,0.0000,0.0215,0,0,0,1
9005,305,14,1.0000,0.0000,0,0,0,0
9006,223,976,0.6667,0.0000,0,0,0,0
9007,276,503,0.5000,0.1884,0,0,0,0
9008,1030,6,1.0000,0.0000,0,0,0,0
9009,957,2093,0.4000,0.0382,0,0,1,1
9010,1067,2526,0.2000,0.0880,0,0,1,1
9011,1762,7,0.2500,0.0000,0,0,1,0
9012,696,109,1.0000,0.3125,0,0,0,0
9013,314,22,1.0000,0.0000,0,0,0,0
9014,319,1591,0.0000,0.0000,1,0,0,0
9015,722,444,0.3333,0.0000,0,0,1,0
9016,1689,106,1.0000,0.0588,0,0,0,0
9017,1769,7,0.2500,0.0000,0,0,1,0
9018,319,556,0.0000,0.0439,0,0,0,0
9019,137,137,0.0000,0.0909,0,0,0,0
9020,322,1549,0.0000,0.0183,0,0,0,1
9021,335,1424,0.0000,0.0443,0,0,0,1
9022,750,521,1.0000,0.0854,0,0,0,0
9023,105,836,0.0000,0.0000,0,0,0,1
9024,324,345,1.0000,0.0000,0,0,0,0
9025,560,1220,0.0000,0.0216,0,0,0,0
9026,576,1213,0.0000,0.0260,0,0,0,0
9027,2307,2701,0.2500,0.0000,0,0,0,1
9028,94,474,1.0000,0.0000,0,0,0,0
9029,1128,2505,0.5000,0.2660,0,0,1,1
9030,1073,596,0.2500,0.0000,0,0,1,0
9031,524,367,1.0000,0.0000,0,0,0,0
9032,406,563,0.5000,0.0000,0,0,0,0
9033,312,20,1.0000,0.0000,0,0,0,0
9034,908,2046,0.2000,0.0000,0,0,0,1
9035,289,977,0.0000,0.0000,0,0,0,0
9036,316,2672,0.2500,0.0131,0,0,0,1
9037,1562,2780,0.4000,0.0431,0,0,1,1
9038,1197,1862,0.2500,0.1748,0,0,1,0
9039,116,1272,0.0000,0.0000,0,0,0,0
9040,216,317,0.0000,0.2034,0,0,0,0
9041,691,1272,0.7500,0.0682,0,0,0,1
9042,784,576,1.0000,0.0000,0,0,0,0
9043,533,871,0.0000,0.0476,0,0,0,0
9044,23,1331,0.0000,0.0000,0,0,0,0
9045,855,3217,0.6667,0.0685,0,0,0,0
9046,24,54,0.0000,0.0000,0,0,0,0
9047,44,167,1.0000,0.0909,0,0,0,0
9048,1124,2478,0.4000,0.1103,0,0,1,1
9049,1306,5312,0.2000,0.0186,0,0,0,1
9050,310,93,0.0000,0.0000,0,0,0,0
9051,90,917,0.2500,0.0138,1,0,0,0
9052,1884,8,0.2500,0.0000,0,0,1,0
9053,1723,213,0.0000,0.0000,0,0,0,0
9054,871,294,0.3333,0.0000,0,0,0,0
9055,200,309,1.0000,0.0000,0,0,0,0
9056,919,1599,0.2500,0.2035,0,0,1,0
9057,70,967,1.0000,0.0141,0,0,0,0
9058,111,113,1.0000,0.4000,0,0,0,0
9059,1285,1407,0.6000,0.0066,0,0,1,0
9060,267,1219,0.0000,0.0049,1,0,0,0
9061,26,365,1.0000,0.0000,0,0,0,0
9062,1654,1474,0.5000,0.0055,0,0,1,0
9063,190,147,0.0000,0.0500,0,0,0,0
9064,1722,261,0.5000,0.0278,0,0,0,0
9065,294,126,0.5000,0.0000,0,0,0,0
9066,653,391,0.5000,0.0000,0,0,1,0
9067,513,1470,0.0000,0.0699,0,0,0,0
9068,1448,3333,0.6000,0.1435,0,0,1,1
9069,1375,2565,0.5000,0.1770,0,0,1,1
9070,113,487,1.0000,0.0000,0,0,0,0
9071,663,309,1.0000,0.1111,0,0,0,0
9072,376,151,1.0000,0.0000,0,0,0,0
9073,1116,3085,0.5000,0.1310,0,0,1,1
9074,867,3031,0.5000,0.1496,0,0,1,1
9075,1613,4453,0.2500,0.0034,0,0,0,1
9076,207,766,1.0000,0.0000,0,0,0,0
9077,1841,4132,0.2500,0.0698,0,0,0,1
9078,1242,3752,0.5000,0.0256,0,0,0,1
9079,56,1673,0.0000,0.0000,0,0,0,1
9080,350,1230,0.0000,0.0105,0,0,0,1
9081,309,19,1.0000,0.0000,0,0,0,0
9082,326,2035,0.0000,0.0236,0,0,0,1
9083,3140,33,0.5000,0.0000,0,0,1,0
9084,1341,1957,0.2000,0.0985,0,0,1,1
9085,396,1008,0.0000,0.0714,0,0,0,1
9086,435,350,1.0000,0.0000,0,0,0,0
9087,788,1554,0.2000,0.0578,0,0,1,1
9088,1511,2267,0.4000,0.0886,1,0,1,1
9089,31,798,0.0000,0.0522,0,0,0,0
9090,107,24,0.0000,0.0000,0,0,0,0
9091,121,382,0.0000,0.0714,0,0,0,0
9092,869,1971,0.2000,0.0975,1,0,1,1
9093,201,527,0.5000,0.0000,0,0,0,0
9094,51,1040,1.0000,0.0254,0,0,0,0
9095,91,2010,0.0000,0.0036,1,0,0,0
9096,309,18,1.0000,0.0000,0,0,0,0
9097,487,797,0.0000,0.0721,0,0,0,0
9098,312,20,1.0000,0.0000,0,0,0,0
9099,464,5292,0.0000,0.0000,1,0,0,1
9100,856,1034,0.3333,0.0000,0,0,0,0
9101,150,1365,0.0000,0.0238,0,0,0,0
9102,1184,1911,0.3333,0.1572,0,0,0,0
9103,654,618,1.0000,0.0000,0,0,0,0
9104,581,1556,0.4000,0.2015,0,0,1,1
9105,268,109,0.3333,0.1875,0,0,1,0
9106,242,2487,0.2000,0.0152,0,0,0,1
9107,207,499,0.0000,0.0000,0,0,0,0
9108,1816,5,0.2500,0.0000,0,0,1,0
9109,173,392,0.0000,0.1176,0,0,0,1
9110,58,2660,0.0000,0.0117,1,0,0,0
9111,403,286,0.5000,0.0000,0,0,0,0
9112,959,102,0.3333,0.3333,0,0,1,0
9113,982,2226,0.0000,0.0222,0,0,0,0
9114,12,566,0.0000,0.0000,0,0,0,1
9115,850,517,1.0000,0.0112,0,0,0,0
9116,646,1376,0.6667,0.1000,0,0,0,0
9117,743,1163,0.0000,0.0574,0,0,0,1
9118,98,202,0.0000,0.0000,0,0,0,0
9119,1170,6692,0.7500,0.0549,0,0,1,1
9120,1577,1122,0.4000,0.0047,0,0,1,1
9121,1266,2976,0.2000,0.0536,0,0,1,1
9122,534,8,0.0000,0.0000,0,0,0,0
9123,310,18,1.0000,0.0000,0,0,0,0
9124,278,792,0.0000,0.0764,0,0,0,0
9125,1344,2415,0.7500,0.0399,0,0,1,1
9126,322,133,1.0000,0.0000,0,0,0,0
9127,1701,8,0.2500,0.0000,0,0,1,0
9128,179,2069,0.0000,0.0367,0,0,0,0
9129,408,1485,0.6667,0.0045,0,0,0,0
9130,808,1893,0.5000,0.0950,0,0,1,1
9131,1609,8,0.2500,0.0000,0,0,1,0
9132,720,415,0.5000,0.0000,0,0,1,0
9133,201,127,0.6667,0.3182,0,0,1,0
9134,1150,3132,0.4000,0.0089,0,0,1,1
9135,344,591,0.0000,0.0000,0,0,0,1
9136,438,972,0.0000,0.0588,0,0,0,1
9137,715,934,0.5000,0.0342,0,1,0,1
9138,521,269,0.5000,0.0000,0,0,0,0
9139,1812,72,0.3333,0.2857,0,0,1,0
9140,65,77,1.0000,0.4545,0,0,0,0
9141,1059,2609,0.4000,0.1644,0,0,1,1
9142,485,2796,0.0000,0.1157,0,0,0,1
9143,737,473,0.0000,0.1954,1,0,0,0
9144,1371,1624,0.2000,0.1855,0,0,1,1
9145,69,258,1.0000,0.0244,0,0,0,0
9146,304,1106,0.0000,0.0121,0,0,0,0
9147,250,1708,0.0000,0.0129,0,0,0,1
9148,501,1003,0.0000,0.0604,0,0,0,1
9149,117,250,0.0000,0.1429,0,0,0,0
9150,865,3115,0.6667,0.0685,0,0,0,0
9151,366,88,0.0000,0.0000,0,0,0,0
9152,28,309,1.0000,0.0000,0,0,0,0
9153,1067,3012,0.5000,0.0464,0,0,1,1
9154,22,188,1.0000,0.0000,0,0,0,0
9155,105,282,1.0000,0.0000,0,0,0,0
9156,47,1202,0.0000,0.0047,1,0,0,1
9157,595,834,0.5000,0.0661,1,0,0,1
9158,86,1585,0.0000,0.0000,1,0,0,0
9159,1050,124,0.5000,0.8235,0,0,0,0
9160,381,1147,0.0000,0.1204,0,0,0,1
9161,313,284,0.6667,0.1026,0,0,1,0
9162,1115,2996,0.4000,0.0343,0,0,0,1
9163,836,408,0.6667,0.0000,0,0,1,0
9164,854,2566,0.5000,0.1674,0,0,1,1
9165,303,447,1.0000,0.0000,0,0,0,0
9166,920,2003,0.5000,0.0000,0,0,1,0
9167,1622,1304,0.7500,0.0000,0,0,1,1
9168,329,1159,0.0000,0.0000,0,0,0,0
9169,39,920,0.0000,0.0000,0,0,0,0
9170,316,23,1.0000,0.0000,0,0,0,0
9171,225,932,0.0000,0.0367,0,0,0,0
9172,390,219,0.5000,0.0312,0,0,1,1
9173,279,1782,0.0000,0.0075,0,0,0,0
9174,206,1814,0.0000,0.0410,0,0,0,0
9175,249,2254,0.0000,0.0000,0,0,0,0
9176,307,16,1.0000,0.0000,0,0,0,0
9177,84,14,1.0000,0.0000,0,0,0,0
9178,1325,236,0.6667,0.0000,0,0,0,0
9179,2752,18,1.0000,0.0000,0,0,0,0
9180,522,1115,0.0000,0.1235,0,0,0,1
9181,168,1469,0.2500,0.0419,0,0,0,0
9182,425,103,0.5000,0.0000,0,0,0,0
9183,1069,2986,0.4000,0.0889,0,0,1,1
9184,342,1865,0.0000,0.0256,0,0,0,1
9185,182,146,0.3333,0.0000,0,0,0,1
9186,1497,3676,0.4000,0.1804,0,0,1,1
9187,585,309,1.0000,0.0000,0,0,0,0
9188,951,3571,0.2000,0.0878,0,0,1,1
9189,106,1251,0.6667,0.0000,0,0,0,0
9190,860,975,0.5000,0.1069,0,0,1,0
9191,492,884,0.0000,0.1096,0,0,0,1
9192,314,32,0.0000,0.0000,0,0,0,0
9193,1455,208,0.3333,0.0645,1,0,1,0
9194,1282,2790,0.4000,0.0364,0,0,1,1
9195,1003,172,0.5000,0.0000,0,0,0,0
9196,769,1133,1.0000,0.1118,1,0,0,0
9197,1030,3347,0.6000,0.0530,0,0,1,1
9198,1661,3788,0.4000,0.1608,0,0,1,1
9199,547,974,1.0000,0.0000,0,0,0,0
9200,92,669,0.3333,0.0660,1,0,0,0
9201,296,565,0.0000,0.0758,0,0,0,0
9202,337,661,1.0000,0.0263,0,0,0,0
9203,179,448,1.0000,0.0667,0,0,0,0
9204,1171,1958,0.4000,0.1214,0,0,1,1
9205,93,1295,0.0000,0.0000,0,0,0,0
9206,1437,3180,0.4000,0.0657,0,0,1,1
9207,121,596,0.0000,0.0427,0,0,0,0
9208,918,55,0.5000,1.0000,0,0,0,0
9209,2371,101,1.0000,0.1818,0,0,0,0
9210,12575,426,0.5000,0.1692,0,0,0,0
9211,761,2062,0.2000,0.0819,0,0,1,1
9212,893,586,1.0000,0.0222,0,0,0,0
9213,171,183,1.0000,0.3600,0,0,0,0
9214,202,288,0.0000,0.2679,0,0,0,0
9215,23,116,1.0000,0.0000,0,0,0,0
9216,1683,8,0.0000,0.0000,0,0,0,0
9217,560,186,1.0000,0.0000,0,0,0,0
9218,19,920,0.0000,0.0000,0,0,0,1
9219,636,1363,1.0000,0.0000,0,0,0,0
9220,1582,9004,0.2000,0.0007,0,0,1,0
9221,331,809,0.0000,0.0750,0,0,0,0
9222,496,196,0.6667,0.0000,0,0,1,0
9223,1835,5,0.2500,0.0000,0,0,1,0
9224,1648,8,0.2500,0.0000,0,0,1,0
9225,147,1576,0.0000,0.0081,0,0,0,1
9226,523,3095,0.5000,0.0478,1,0,0,0
9227,126,892,0.2500,0.0288,0,0,0,0
9228,734,606,0.6000,0.0000,0,0,1,0
9229,1231,1671,1.0000,0.0504,0,0,1,1
9230,113,1914,0.0000,0.0147,0,0,0,1
9231,113,1593,0.0000,0.0000,0,0,0,1
9232,25,727,0.0000,0.0000,0,0,0,0
9233,1275,2196,0.2500,0.2464,0,0,1,0
9234,744,551,0.3333,0.0273,0,0,0,1
9235,414,772,1.0000,0.0000,0,0,1,1
9236,920,730,0.3333,0.0000,0,0,1,0
9237,2647,34,1.0000,0.0000,0,0,0,0
9238,229,301,0.5000,0.0000,0,0,0,0
9239,612,1190,1.0000,0.0120,0,0,1,1
9240,566,723,0.0000,0.0809,0,0,0,0
9241,366,865,0.0000,0.0100,0,0,0,0
9242,584,616,1.0000,0.0000,0,0,0,0
9243,1865,1257,0.5000,0.0000,0,0,1,0
9244,34,102,1.0000,0.0000,0,0,0,0
9245,518,922,0.0000,0.0853,0,0,0,1
9246,294,1771,0.0000,0.0645,0,0,0,0
9247,1237,4657,0.2500,0.0000,0,0,0,1
9248,3239,696,0.0000,0.0791,0,0,0,0
9249,63,2637,0.0000,0.0000,1,0,0,0
9250,564,1150,0.0000,0.0365,0,0,0,1
9251,1276,1926,0.2000,0.0864,1,0,1,1
9252,331,352,0.0000,0.1429,0,0,0,0
9253,105,1505,0.0000,0.0542,0,0,0,1
9254,1530,2151,0.6667,0.1331,0,0,0,1
9255,332,1504,0.2500,0.1009,0,0,1,1
9256,525,674,0.0000,0.0326,0,0,0,0
9257,510,1466,0.2500,0.0787,0,0,0,1
9258,199,211,0.5000,0.0000,0,0,0,0
9259,864,3861,0.2500,0.0362,0,0,1,1
9260,1220,706,0.6667,0.2128,0,0,1,0
9261,181,121,1.0000,0.1500,0,0,0,0
9262,1490,1869,0.6667,0.0268,1,0,0,0
9263,229,1275,0.0000,0.0056,1,0,0,0
9264,985,2022,0.5000,0.0000,0,0,1,0
9265,771,556,1.0000,0.2059,0,0,0,0
9266,45,48,1.0000,0.8000,0,0,0,0
9267,42,382,0.0000,0.0189,0,0,0,1
9268,531,349,0.0000,0.0244,0,0,0,1
9269,273,750,0.0000,0.0797,0,0,0,0
9270,805,153,0.0000,0.0000,0,0,0,0
9271,845,337,0.6667,0.0000,0,0,1,0
9272,257,1333,0.0000,0.0333,0,0,0,1
9273,1069,4041,0.2500,0.0459,0,0,1,0
9274,740,1846,0.3333,0.0861,0,0,0,1
9275,588,657,0.0000,0.0533,0,0,0,1
9276,1510,3612,0.6000,0.0725,0,0,1,1
9277,639,557,0.5000,0.0000,0,0,0,1
9278,960,1010,0.3333,0.0660,0,0,1,0
9279,1857,26,0.0000,1.0000,0,0,1,0
9280,82,1955,0.0000,0.0252,0,0,0,1
9281,79,226,0.0000,0.0000,0,0,0,0
9282,1959,7,0.2500,0.0000,0,0,1,0
9283,427,131,1.0000,0.0000,0,0,0,0
9284,135,1953,0.0000,0.0000,0,0,0,0
9285,724,1138,0.6667,0.0683,0,0,1,0
9286,1441,1371,0.2500,0.0923,0,0,1,1
9287,343,2402,0.3333,0.0035,1,0,0,0
9288,127,2245,0.0000,0.0464,0,0,0,1
9289,42,1040,0.0000,0.0309,0,0,0,1
9290,248,994,0.5000,0.0205,0,0,1,1
9291,842,2013,0.4000,0.1054,0,0,1,1
9292,313,21,1.0000,0.0000,0,0,0,0
9293,466,1092,0.0000,0.2632,0,0,0,1
9294,374,1317,0.0000,0.0766,0,0,0,1
9295,135,44,1.0000,0.0000,0,0,0,0
9296,60,361,1.0000,0.0000,0,0,0,0
9297,347,1191,1.0000,0.0613,0,0,0,0
9298,271,3231,0.0000,0.0526,0,0,0,1
9299,476,609,0.0000,0.0000,0,0,0,1
9300,1608,2417,0.4000,0.0579,0,0,1,1
9301,7120,3,0.0000,0.0000,0,0,0,0
9302,53,122,1.0000,0.0000,0,0,0,0
9303,121,1307,0.5000,0.0000,0,0,0,0
9304,252,221,0.0000,0.2162,0,0,0,0
9305,213,2069,0.0000,0.0186,0,0,0,1
9306,753,2389,0.0000,0.0280,0,0,0,1
9307,842,2330,0.0000,0.1872,0,0,0,0
9308,501,1040,0.0000,0.0494,0,0,0,1
9309,355,1238,0.0000,0.0000,0,0,0,1
9310,912,168,0.0000,0.1034,0,0,1,0
9311,749,1441,0.2500,0.0186,0,0,1,0
9312,1388,2811,0.6000,0.0596,0,0,1,1
9313,1552,1524,0.6000,0.0712,0,0,1,1
9314,182,879,0.5000,0.0000,0,0,0,0
9315,806,2201,0.5000,0.0194,0,0,1,1
9316,1223,3508,0.5000,0.1622,0,0,1,1
9317,69,941,0.0000,0.0000,0,0,0,0
9318,90,4500,0.0000,0.0000,0,0,0,1
9319,50,746,0.0000,0.0000,0,0,0,1
9320,318,28,1.0000,0.0000,0,0,0,0
9321,1154,1581,0.5000,0.0498,0,0,1,1
9322,166,342,0.3333,0.0263,1,0,0,0
9323,413,1783,0.5000,0.0415,0,0,0,0
9324,226,514,0.0000,0.0281,0,0,0,0
9325,173,3124,0.0000,0.0000,0,0,0,0
9326,796,236,0.6667,0.0000,0,0,1,0
9327,314,22,1.0000,0.0000,0,0,0,0
9328,668,748,1.0000,0.0090,0,0,0,0
9329,560,1432,0.3333,0.0000,0,0,1,1
9330,919,3062,0.3333,0.0355,0,0,0,1
9331,1605,1016,0.5000,0.0469,0,0,1,1
9332,614,186,0.6667,0.0000,0,0,0,0
9333,302,857,0.0000,0.0515,0,0,0,1
9334,677,1655,0.3333,0.0184,0,0,0,0
9335,1437,65,0.0000,0.0000,0,0,0,0
9336,118,461,0.0000,0.0870,0,0,0,1
9337,319,1390,0.5000,0.1014,0,0,0,0
9338,1768,5,0.2500,0.0000,0,0,1,0
9339,527,898,0.0000,0.0759,0,0,0,1
9340,1347,2707,0.5000,0.1066,0,0,1,0
9341,576,1339,0.0000,0.1546,0,0,0,1
9342,431,372,1.0000,0.0000,0,0,0,0
9343,103,139,1.0000,0.5357,0,0,0,0
9344,288,63,0.0000,0.9000,0,0,0,0
9345,967,1658,0.2000,0.0903,0,0,1,1
9346,1744,3615,0.5000,0.2065,0,0,1,1
9347,70,565,1.0000,0.0000,0,0,0,0
9348,654,376,1.0000,0.0000,0,0,0,0
9349,137,1934,0.0000,0.0000,0,0,0,1
9350,1022,2187,0.5000,0.0033,0,0,0,1
9351,150,1962,0.0000,0.0785,0,0,0,0
9352,55,1888,0.0000,0.0038,0,0,0,1
9353,1232,7527,0.4000,0.0387,0,0,1,1
9354,1773,7,0.2500,0.0000,0,0,1,0
9355,133,1322,0.0000,0.0571,0,0,0,0
9356,524,2228,0.0000,0.0389,0,0,0,0
9357,488,439,1.0000,0.0000,0,0,0,0
9358,266,1025,0.0000,0.0234,0,0,0,1
9359,282,1413,0.0000,0.0000,0,0,0,0
9360,523,1109,0.6667,0.0000,0,0,0,0
9361,586,1347,0.3333,0.0558,0,0,0,1
9362,1582,7,0.2500,0.0000,0,0,1,0
9363,180,480,0.0000,0.1795,0,0,0,0
9364,1372,2768,0.2000,0.0895,0,0,0,1
9365,538,502,1.0000,0.0000,0,0,0,0
9366,1283,2634,0.5000,0.0632,0,0,1,0
9367,508,212,1.0000,0.0000,0,0,0,0
9368,1725,2709,0.2500,0.0319,0,0,1,0
9369,438,454,0.6667,0.0000,0,0,0,0
9370,316,26,1.0000,0.0000,0,0,0,0
9371,309,17,1.0000,0.0000,0,0,0,0
9372,67,781,1.0000,0.0000,0,0,0,0
9373,321,28,1.0000,0.0000,0,0,0,0
9374,627,3,0.0000,0.0000,0,0,0,0
9375,1652,8,0.2500,0.0000,0,0,1,0
9376,889,3041,0.6667,0.1073,0,0,1,1
9377,166,399,0.0000,0.0282,0,0,0,0
9378,38,44,1.0000,0.0000,0,0,0,0
9379,681,1352,1.0000,0.0047,0,0,1,1
9380,1011,1837,0.0000,0.0469,0,0,0,1
9381,689,1271,0.2500,0.0948,0,0,1,0
9382,963,1843,0.4000,0.1120,0,0,0,1
9383,660,1378,0.4000,0.0763,0,0,1,1
9384,1527,5,0.2500,0.0000,0,0,1,0
9385,1038,4144,0.5000,0.0763,0,0,1,1
9386,1292,8,0.5000,0.0000,0,0,0,0
9387,659,1567,0.4000,0.0584,0,0,1,1
9388,1824,979,0.5000,0.0063,0,0,1,1
9389,1722,7,0.2500,0.0000,0,0,1,0
9390,1801,8,0.2500,0.0000,0,0,1,0
9391,1200,2893,0.5000,0.1004,0,0,1,1
9392,399,1601,1.0000,0.0037,0,0,0,0
9393,380,1550,0.0000,0.0769,0,0,0,1
9394,313,22,1.0000,0.0000,0,0,0,0
9395,204,683,0.0000,0.0116,0,0,0,0
9396,157,1141,1.0000,0.0573,0,0,0,0
9397,310,1677,0.2000,0.0000,0,0,0,1
9398,756,1551,0.6667,0.0042,0,0,0,0
9399,456,152,1.0000,0.0000,0,0,0,0
9400,1907,5,0.2500,0.0000,0,0,1,0
9401,1397,2615,0.6000,0.1205,0,0,1,1
9402,1686,936,0.5000,0.0529,0,0,1,1
9403,15,56,1.0000,0.0000,0,0,0,0
9404,114,387,1.0000,0.0328,0,0,0,0
9405,128,2638,0.0000,0.0000,0,0,0,1
9406,957,563,0.3333,0.0968,0,0,1,0
9407,354,6,1.0000,0.0000,0,0,0,0
9408,1735,5,0.2500,0.0000,0,0,1,0
9409,445,12,0.5000,0.0000,0,0,0,0
9410,33,21,1.0000,0.0000,0,0,0,0
9411,3780,132,0.0000,1.0000,0,0,0,0
9412,3171,179,0.0000,0.1071,0,0,0,0
9413,174,569,0.0000,0.2054,0,0,0,1
9414,314,22,1.0000,0.0000,0,0,0,0
9415,142,416,1.0000,0.0000,0,0,0,0
9416,456,797,0.0000,0.1667,0,0,0,0
9417,932,343,0.3333,0.0000,0,0,1,0
9418,775,285,0.3333,0.0000,0,0,1,0
9419,32,156,1.0000,0.0000,0,0,0,0
9420,104,26,1.0000,0.0000,0,0,0,0
9421,430,482,1.0000,0.0000,0,0,0,0
9422,189,313,0.0000,0.0172,0,0,0,0
9423,486,2343,0.2500,0.0203,0,0,0,1
9424,58,267,1.0000,0.0000,0,0,0,0
9425,575,1327,0.0000,0.0952,0,0,0,1
9426,1162,187,0.5000,0.0800,0,0,0,0
9427,49,154,1.0000,0.0000,0,0,0,0
9428,267,1536,0.5000,0.0000,0,0,0,1
9429,311,19,1.0000,0.0000,0,0,0,0
9430,618,242,1.0000,0.0000,0,0,0,0
9431,1753,5,0.2500,0.0000,0,0,1,0
9432,7,2843,0.0000,0.0000,0,0,0,0
9433,400,480,0.0000,0.0667,0,0,0,0
9434,642,1861,0.0000,0.0259,0,0,0,1
9435,1451,2830,0.2500,0.1136,0,0,1,0
9436,1150,2768,0.2500,0.0000,0,0,1,0
9437,1147,3115,0.5000,0.0403,0,0,1,1
9438,48,407,0.0000,0.0000,0,0,0,0
9439,1638,2744,0.4000,0.0678,0,0,1,1
9440,858,56,0.0000,0.0000,0,0,0,0
9441,856,2094,0.6000,0.2044,0,0,1,1
9442,1779,3521,0.6000,0.0553,0,0,1,1
9443,540,2091,0.0000,0.0821,0,0,0,1
9444,321,31,1.0000,0.0000,0,0,0,0
9445,1026,1883,0.5000,0.0920,0,0,1,1
9446,1322,2956,0.4000,0.0600,0,0,1,1
9447,7626,568,0.0000,0.0000,0,0,0,0
9448,181,399,0.0000,0.1452,0,0,0,0
9449,134,876,0.3333,0.0000,0,0,0,0
9450,1695,8,0.2500,0.0000,0,0,1,0
9451,1712,8,0.2500,0.0000,0,0,1,0
9452,88,6756,0.0000,0.0044,0,0,0,0
9453,604,523,0.7500,0.1176,0,0,1,0
9454,1309,3056,0.6000,0.2215,0,0,1,1
9455,1715,44,0.6667,0.0000,0,0,1,0
9456,1252,1886,0.2500,0.0492,0,0,1,0
9457,56,6839,0.0000,0.0012,0,0,0,0
9458,898,1180,1.0000,0.1436,0,0,1,1
9459,621,861,0.0000,0.1963,0,0,0,0
9460,109,89,1.0000,0.0000,0,0,0,0
9461,42,173,1.0000,0.0303,0,0,0,0
9462,238,821,1.0000,0.0000,0,0,1,1
9463,1229,705,0.6667,0.0000,0,0,1,0
9464,106,1276,0.0000,0.0484,0,0,0,1
9465,839,692,1.0000,0.0000,0,0,0,0
9466,128,992,0.0000,0.0000,0,0,0,0
9467,1524,5,0.2500,0.0000,0,0,1,0
9468,731,1573,0.0000,0.3311,0,0,0,0
9469,1564,440,0.5000,0.0267,0,0,1,1
9470,44,25,0.0000,0.0000,0,0,0,0
9471,317,25,1.0000,0.0000,0,0,0,0
9472,192,2923,0.0000,0.0051,0,0,0,1
9473,1445,8,0.2500,0.0000,0,0,1,0
9474,1507,3419,0.4000,0.0523,0,0,1,1
9475,2051,2381,0.5000,0.8358,1,0,0,0
9476,567,1257,0.0000,0.0701,0,0,0,1
9477,412,991,0.0000,0.1258,0,0,0,1
9478,909,2402,0.4000,0.0661,0,0,1,1
9479,1045,3588,0.2500,0.1248,0,0,1,0
9480,1998,8,0.2500,0.0000,0,0,1,0
9481,1308,1406,0.4000,0.0645,1,0,1,0
9482,507,355,1.0000,0.0000,0,0,0,0
9483,193,711,0.0000,0.0000,0,0,0,0
9484,783,2495,0.2500,0.1965,0,0,0,1
9485,510,640,0.0000,0.0794,0,0,0,0
9486,628,770,0.6667,0.2821,1,0,0,0
9487,595,3402,0.2500,0.0111,0,0,0,1
9488,514,741,1.0000,0.0000,0,0,0,0
9489,1033,2468,0.6667,0.0704,1,0,1,1
9490,1424,89,0.0000,0.1765,0,0,1,0
9491,1117,2290,0.4000,0.1538,0,0,1,1
9492,96,3806,0.0000,0.0273,0,0,0,0
9493,1370,503,0.6667,0.0000,0,0,1,0
9494,1289,186,0.0000,0.3125,0,0,1,0
9495,106,46,1.0000,0.0000,0,0,0,0
9496,312,21,1.0000,0.0000,0,0,0,0
9497,4752,7408,0.2000,0.0048,0,0,0,1
9498,810,717,0.5000,0.0000,0,0,1,0
9499,1250,2378,0.8000,0.0236,0,0,1,1
9500,1119,2300,0.4000,0.2411,0,0,1,1
9501,2952,2,0.0000,0.0000,0,0,1,0
9502,817,2889,0.0000,0.0000,0,0,0,0
9503,729,1573,0.2000,0.1160,0,0,1,1
9504,219,1532,0.0000,0.0967,0,0,0,1
9505,224,540,0.0000,0.0337,0,0,0,0
9506,305,14,1.0000,0.0000,0,0,0,0
9507,45,227,1.0000,0.0000,0,0,0,0
9508,699,2456,0.0000,0.0000,0,0,0,0
9509,37,40,1.0000,0.6667,0,0,0,0
9510,411,661,0.0000,0.1000,0,0,0,1
9511,401,1226,0.0000,0.0404,0,0,0,0
9512,849,3540,0.5000,0.0735,0,0,1,1
9513,31,1657,0.0000,0.0157,0,0,0,1
9514,196,1443,0.0000,0.0050,0,0,0,0
9515,909,2546,0.2500,0.0767,0,0,1,0
9516,1061,2706,0.7500,0.0532,0,0,1,1
9517,1112,446,1.0000,0.0000,0,0,0,0
9518,229,726,0.0000,0.0942,0,0,0,0
9519,535,561,0.0000,0.0909,0,0,0,1
9520,561,2122,0.0000,0.0303,1,0,0,0
9521,1897,130,0.3333,0.5000,0,0,1,0
9522,750,561,1.0000,0.0897,0,0,0,0
9523,316,24,1.0000,0.0000,0,0,0,0
9524,707,3262,0.0000,0.0041,1,0,0,1
9525,322,1997,0.0000,0.0361,0,0,0,1
9526,401,694,0.0000,0.0673,0,0,0,0
9527,104,4107,0.0000,0.0056,0,0,0,1
9528,667,1437,0.0000,0.1468,0,0,0,1
9529,517,1973,0.5000,0.0000,0,0,0,1
9530,308,16,1.0000,0.0000,0,0,0,0
9531,688,1171,1.0000,0.0050,0,0,0,0
9532,1564,3682,0.5000,0.0978,0,0,1,1
9533,447,1494,0.0000,0.0282,0,0,0,0
9534,1704,7,0.2500,0.0000,0,0,1,0
9535,339,133,1.0000,0.0000,0,0,0,0
9536,254,493,0.0000,0.0632,0,0,0,0
9537,299,308,1.0000,0.0000,0,0,0,0
9538,536,925,1.0000,0.0000,0,0,0,0
9539,1209,1633,0.4000,0.2867,0,0,1,1
9540,708,1363,1.0000,0.2689,0,0,0,0
9541,5,2089,0.0000,0.0000,0,0,0,0
9542,3130,9,0.0000,0.0000,0,0,0,0
9543,3598,8,0.0000,0.0000,0,0,0,0
9544,876,795,1.0000,0.0000,0,0,0,0
9545,1638,2467,0.2000,0.0203,0,0,0,1
9546,85,751,0.0000,0.0614,0,0,0,0
9547,202,185,1.0000,0.0000,0,0,0,0
9548,1025,2874,0.4000,0.0696,0,0,1,1
9549,112,287,0.0000,0.2075,0,0,0,0
9550,1104,140,0.3333,0.0000,0,0,1,0
9551,126,479,0.0000,0.0380,1,0,0,0
9552,312,20,1.0000,0.0000,0,0,0,0
9553,162,824,0.0000,0.0442,0,0,0,0
9554,43,197,1.0000,0.0000,0,0,0,0
9555,1339,2876,0.4000,0.0776,0,0,1,1
9556,619,791,0.5000,0.0000,0,0,0,1
9557,587,2065,0.0000,0.0000,0,0,0,0
9558,1128,839,0.6667,0.0000,0,0,1,0
9559,2812,5,1.0000,0.0000,0,0,0,0
9560,126,13,1.0000,0.0000,0,0,0,0
9561,488,932,0.0000,0.1757,0,0,0,1
9562,578,410,1.0000,0.0000,0,0,0,0
9563,398,1626,0.0000,0.0000,0,0,0,0
9564,456,365,0.5000,0.0000,0,0,0,0
9565,1156,1682,0.7500,0.1262,0,0,1,1
9566,609,762,0.0000,0.1529,0,0,0,0
9567,284,436,0.0000,0.0723,0,0,0,0
9568,79,125,1.0000,0.0667,0,0,0,0
9569,918,1352,0.0000,0.0417,0,0,0,1
9570,1046,2358,0.8000,0.1048,0,0,1,1
9571,54,1491,0.0000,0.0000,0,0,0,1
9572,35,10,1.0000,0.0000,0,0,0,0
9573,672,950,0.0000,0.1200,0,0,0,0
9574,965,230,0.0000,0.0000,0,0,0,0
9575,1010,1696,0.5000,0.0448,0,0,1,1
9576,1853,982,0.5000,0.0407,0,0,1,1
9577,1657,1238,0.5000,0.0485,0,0,1,1
9578,1846,5,0.2500,0.0000,0,0,1,0
9579,210,694,0.0000,0.0426,0,0,0,0
9580,385,528,1.0000,0.0235,0,0,0,0
9581,491,612,0.0000,0.0000,0,0,0,0
9582,204,569,0.0000,0.2049,0,0,0,0
9583,1754,484,0.4000,0.0000,0,0,1,0
9584,468,661,0.0000,0.0250,0,0,0,0
9585,457,1041,0.3333,0.0604,0,0,0,1
9586,1584,8,0.2500,0.0000,0,0,1,0
9587,907,2060,0.5000,0.1009,0,0,1,1
9588,70,24,0.0000,0.0000,0,0,0,0
9589,642,1262,0.0000,0.0488,0,0,0,1
9590,604,849,0.6667,0.0000,0,0,1,0
9591,28,39,0.0000,0.2500,0,0,0,0
9592,2397,2776,0.0000,0.0201,0,0,0,0
9593,157,1242,0.3333,0.0047,1,0,0,0
9594,848,2653,0.4000,0.0789,0,0,0,1
9595,308,16,1.0000,0.0000,0,0,0,0
9596,1066,1135,0.5000,0.0108,0,0,1,0
9597,782,3542,1.0000,0.0055,0,0,0,0
9598,320,27,1.0000,0.0000,0,0,0,0
9599,1324,1190,0.4000,0.0312,0,0,1,0
9600,828,1354,0.6667,0.0118,0,0,1,1
9601,1477,3838,0.2500,0.1287,0,0,1,0
9602,1239,1216,0.5000,0.0000,0,0,1,0
9603,371,1058,0.0000,0.0645,0,0,0,1
9604,375,850,0.0000,0.0320,0,0,0,1
9605,1789,1746,0.3333,0.0401,0,0,0,1
9606,790,830,0.0000,0.1604,0,0,0,1
9607,831,2287,0.5000,0.1088,0,0,1,1
9608,979,3626,0.4000,0.1017,0,0,1,1
9609,225,897,0.0000,0.0000,0,0,0,0
9610,1437,3805,0.4000,0.1205,1,0,1,1
9611,854,37,0.0000,0.1429,0,0,0,0
9612,965,2152,0.4000,0.1016,1,0,1,1
9613,1626,1644,0.7500,0.0143,0,0,1,1
9614,1873,1062,0.5000,0.0359,0,0,1,1
9615,73,1838,0.0000,0.0198,0,0,0,1
9616,918,2789,0.4000,0.0164,0,0,1,1
9617,310,21,1.0000,0.0000,0,0,0,0
9618,1817,881,0.7500,0.0647,0,0,1,1
9619,1142,2278,0.4000,0.0448,0,0,1,1
9620,572,1444,0.6667,0.0709,0,0,0,1
9621,36,238,1.0000,0.0000,0,0,0,0
9622,49,546,0.0000,0.0357,0,0,0,0
9623,95,1141,0.0000,0.0000,0,0,0,1
9624,317,24,1.0000,0.0000,0,0,0,0
9625,462,1443,0.0000,0.0356,0,0,0,1
9626,494,1168,1.0000,0.0860,0,0,0,0
9627,581,558,1.0000,0.1011,0,0,0,0
9628,1254,90,0.3333,0.0000,0,0,1,0
9629,568,574,0.7500,0.0619,1,0,0,1
9630,711,2539,0.4000,0.0506,0,0,1,1
9631,896,912,0.6667,0.0000,0,0,0,0
9632,308,113,1.0000,0.0000,0,0,0,0
9633,1064,1627,0.0000,0.0394,0,0,0,0
9634,250,1040,0.0000,0.0485,0,0,0,0
9635,1019,6596,0.2500,0.0070,0,0,0,1
9636,315,23,1.0000,0.0000,0,0,0,0
9637,1476,7,0.2500,0.0000,0,0,1,0
9638,1017,2963,0.5000,0.0677,0,0,1,1
9639,848,2808,0.4000,0.0662,0,0,1,1
9640,530,13,0.0000,1.0000,0,0,0,0
9641,990,2513,0.5000,0.1798,0,0,1,1
9642,1639,587,0.2500,0.0090,0,0,1,1
9643,1739,5,0.5000,0.0000,0,0,0,0
9644,1911,7,0.2500,0.0000,0,0,1,0
9645,1396,2796,0.5000,0.0639,0,0,1,1
9646,318,25,1.0000,0.0000,0,0,0,0
9647,1776,6622,0.4000,0.1770,0,0,1,1
9648,1468,2951,0.0000,0.0163,0,0,0,1
9649,2408,3021,0.5000,0.0273,0,0,0,1
9650,339,918,0.0000,0.1017,0,0,0,0
9651,1276,2432,0.5000,0.0258,0,0,1,1
9652,409,1260,0.0000,0.0693,0,0,0,1
9653,1603,203,0.6667,0.0000,0,0,0,0
9654,1553,2093,0.0000,0.0833,0,0,0,1
9655,647,2591,0.3333,0.0428,0,0,0,1
9656,453,328,1.0000,0.0000,0,0,0,0
9657,415,1093,0.5000,0.0000,0,0,0,0
9658,1384,2767,0.3333,0.0425,0,0,1,1
9659,320,28,1.0000,0.0000,0,0,0,0
9660,221,363,1.0000,0.0000,0,0,0,0
9661,1816,1044,0.5000,0.0000,0,0,1,1
9662,359,257,0.0000,0.0000,0,0,0,0
9663,314,575,0.6667,0.0132,0,0,0,0
9664,529,538,0.3333,0.0000,0,0,0,0
9665,655,196,0.6667,0.0000,0,0,1,0
9666,284,571,0.0000,0.2832,0,0,0,0
9667,366,441,0.0000,0.8824,0,0,0,0
9668,305,14,1.0000,0.0000,0,0,0,0
9669,504,5856,0.2000,0.0000,0,0,0,1
9670,771,492,0.6667,0.0000,0,0,0,0
9671,1145,3533,0.6000,0.1283,0,0,1,1
9672,484,17,1.0000,1.0000,0,0,0,0
9673,877,291,0.6667,0.0000,0,0,0,0
9674,851,2962,0.0000,0.0485,0,0,0,1
9675,69,263,1.0000,0.0000,0,0,0,0
9676,729,395,0.2500,0.0000,0,0,1,0
9677,425,1561,0.0000,0.0000,1,0,0,1
9678,924,2622,0.5000,0.0843,0,0,1,1
9679,397,2005,0.0000,0.0341,0,0,0,0
9680,824,3,0.0000,0.0000,0,0,0,0
9681,812,2163,0.4000,0.1335,0,0,1,1
9682,965,2775,0.5000,0.0446,0,0,1,1
9683,163,1050,0.0000,0.0552,0,0,0,0
9684,1790,7,0.2500,0.0000,0,0,1,0
9685,322,61,1.0000,0.0000,0,0,0,0
9686,942,2993,0.2500,0.0987,0,0,1,0
9687,323,2326,0.5000,0.0162,0,0,0,0
9688,1055,1733,0.6667,0.1036,0,0,1,1
9689,999,1485,0.4000,0.1270,0,0,1,1
9690,2370,3016,0.0000,0.0282,0,0,0,0
9691,1032,2404,1.0000,0.1169,0,0,0,0
9692,769,3601,0.2500,0.0322,0,0,0,1
9693,32,164,1.0000,0.0000,0,0,0,0
9694,9,289,0.0000,0.0000,0,0,0,1
9695,1396,1852,0.4000,0.0035,0,0,1,1
9696,338,2503,0.0000,0.0000,0,0,0,1
9697,866,1417,0.6667,0.0000,0,0,1,0
9698,508,744,0.0000,0.1880,0,0,0,1
9699,1148,1856,0.3333,0.0798,0,0,1,0
9700,61,120,0.0000,0.0000,0,0,0,0
9701,1687,1770,0.5000,0.0389,0,0,1,1
9702,699,331,1.0000,0.1111,0,0,0,0
9703,77,2548,0.0000,0.0000,0,0,0,1
9704,310,19,1.0000,0.0000,0,0,0,0
9705,1874,1442,0.7500,0.0339,0,0,1,1
9706,242,1276,0.0000,0.0000,0,0,0,0
9707,12572,1543,0.8000,0.1010,0,0,1,0
9708,870,2590,0.2500,0.0567,0,0,0,1
9709,1709,8,0.2500,0.0000,0,0,1,0
9710,1398,2585,0.2500,0.0195,0,0,0,1
9711,309,17,1.0000,0.0000,0,0,0,0
9712,237,388,0.0000,0.0875,0,0,0,0
9713,33,96,1.0000,0.0000,0,0,0,0
9714,271,574,0.0000,0.2222,0,0,0,0
9715,52,2255,0.0000,0.0063,0,0,0,1
9716,840,1749,0.5000,0.1174,0,0,1,1
9717,995,2516,0.2500,0.0078,0,0,0,1
9718,38,9,1.0000,0.0000,0,0,0,0
9719,252,968,0.0000,0.0655,0,0,0,0
9720,586,4278,0.0000,0.0191,0,0,0,1
9721,189,42,1.0000,0.0000,0,0,0,0
9722,94,4047,0.0000,0.0016,0,0,0,1
9723,5,1,1.0000,0.0000,0,0,0,0
9724,27,495,1.0000,0.0000,0,0,0,0
9725,451,1216,0.0000,0.1505,0,0,0,1
9726,572,912,0.2500,0.0263,0,0,0,1
9727,1293,3783,0.7500,0.0381,0,0,1,1
9728,1132,10,0.5000,0.0000,0,0,0,0
9729,1128,915,0.2500,0.0136,0,0,1,1
9730,180,320,1.0000,0.0435,0,0,0,0
9731,730,2082,0.5000,0.0653,0,0,1,0
9732,959,172,0.2000,0.0000,0,0,1,0
9733,477,2204,0.0000,0.0099,0,0,0,1
9734,424,1267,0.0000,0.1627,0,0,0,1
9735,601,1575,0.3333,0.0939,0,0,0,1
9736,1882,5,0.2500,0.0000,0,0,1,0
9737,600,575,0.0000,0.1029,0,0,0,0
9738,1851,8,0.2500,0.0000,0,0,1,0
9739,1352,2047,0.5000,0.0883,0,0,1,1
9740,488,362,0.6667,0.0000,0,0,1,0
9741,1066,2437,0.4000,0.0892,0,0,1,1
9742,307,469,0.0000,0.1750,0,0,0,0
9743,1508,2180,0.4000,0.1401,0,0,1,1
9744,287,2404,0.0000,0.0000,0,0,0,1
9745,268,201,1.0000,0.0000,0,0,0,0
9746,190,253,0.0000,0.3617,0,0,0,0
9747,1580,989,0.6667,0.0073,0,0,1,1
9748,3347,2470,0.2500,0.4654,0,0,0,1
9749,185,1287,0.0000,0.0524,0,0,0,1
9750,1370,1757,0.4000,0.0000,0,0,1,0
9751,33,11,0.0000,0.0000,0,0,0,0
9752,1632,3077,0.2000,0.0417,0,0,0,1
9753,970,2144,0.5000,0.0810,0,0,0,1
9754,144,697,0.0000,0.0154,0,0,0,0
9755,637,524,0.0000,0.0862,0,0,0,0
9756,1780,8,0.2500,0.0000,0,0,1,0
9757,1989,59,0.3333,0.1667,0,0,1,0
9758,472,1286,0.0000,0.1406,0,0,0,1
9759,1350,3,0.0000,0.0000,0,0,1,0
9760,262,1396,0.0000,0.0000,0,0,0,0
9761,536,376,0.5000,0.1458,0,0,0,0
9762,891,2748,0.6000,0.0610,0,0,1,1
9763,1600,184,0.2500,0.0000,0,0,1,0
9764,269,265,0.0000,0.0385,0,0,0,0
9765,379,1771,0.0000,0.0547,0,0,0,1
9766,1369,1533,0.3333,0.0195,0,0,1,0
9767,154,1256,0.0000,0.0566,0,0,0,1
9768,1316,1748,0.5000,0.0000,0,0,1,0
9769,270,1357,0.5000,0.0000,0,0,0,1
9770,1250,725,0.5000,0.0177,0,0,1,0
9771,958,2746,0.2000,0.0871,0,0,1,1
9772,1162,169,1.0000,0.0417,0,0,0,0
9773,2275,274,0.2500,0.0000,0,0,0,1
9774,335,684,0.0000,0.1493,0,0,0,0
9775,1760,5,0.2500,0.0000,0,0,1,0
9776,868,480,1.0000,0.0263,0,0,0,0
9777,224,510,0.0000,0.1596,0,0,0,1
9778,80,21,0.0000,0.0000,0,0,0,0
9779,180,1239,0.0000,0.0500,0,0,0,0
9780,1281,2673,0.4000,0.0907,0,0,1,1
9781,3543,13,0.5000,0.0000,0,0,0,0
9782,337,396,0.0000,0.0000,0,0,0,0
9783,235,924,0.0000,0.0534,1,0,0,1
9784,949,205,0.3333,0.0000,0,0,1,0
9785,1716,2829,0.6000,0.0309,0,0,1,1
9786,3350,3126,0.2000,0.2141,0,0,0,1
9787,62,374,1.0000,0.0189,0,0,0,0
9788,309,18,1.0000,0.0000,0,0,0,0
9789,1233,3751,0.2500,0.1390,0,0,1,0
9790,1087,2913,0.6667,0.0758,0,0,1,1
9791,1181,2161,0.6667,0.0158,0,0,0,1
9792,211,24,0.0000,1.0000,0,0,0,0
9793,826,10,0.0000,0.0000,0,0,0,0
9794,34,40,1.0000,0.0000,0,0,0,0
9795,356,870,0.6667,0.1128,0,0,0,0
9796,240,1194,0.5000,0.0054,1,0,0,1
9797,769,2906,0.2500,0.0213,0,0,0,1
9798,628,496,0.5000,0.0000,0,0,0,0
9799,183,293,0.0000,0.0370,0,0,0,0
9800,308,17,1.0000,0.0000,0,0,0,0
9801,546,534,0.0000,0.0758,0,0,0,0
9802,233,754,0.3333,0.0000,1,0,0,0
9803,66,224,1.0000,0.0000,0,0,0,0
9804,902,704,0.7500,0.1505,0,0,1,0
9805,1265,2664,0.4000,0.1462,0,0,1,1
9806,581,1625,0.6667,0.0731,0,0,0,0
9807,933,2829,0.5000,0.0224,0,0,1,1
9808,86,1094,0.0000,0.0000,0,0,0,0
9809,1402,2449,0.3333,0.0109,0,0,0,1
9810,907,1888,0.2000,0.0538,0,0,1,1
9811,125,44,1.0000,0.0000,0,0,0,0
9812,176,51,0.0000,0.7143,0,0,0,0
9813,586,669,1.0000,0.0000,0,0,0,0
9814,379,862,0.0000,0.0360,0,0,0,0
9815,983,143,0.3333,0.1000,0,0,1,0
9816,1739,3013,0.5000,0.0258,0,0,1,1
9817,1101,2580,0.2000,0.0553,0,0,1,1
9818,1213,3190,0.5000,0.0614,0,0,1,1
9819,106,391,1.0000,0.0000,0,0,0,0
9820,229,1545,0.0000,0.0260,0,0,0,1
9821,1783,5,0.2500,0.0000,0,0,1,0
9822,441,193,0.6667,0.0000,0,0,0,0
9823,3029,502,0.0000,0.0000,0,0,1,0
9824,1688,8,0.2500,0.0000,0,0,1,0
9825,1267,4034,0.5000,0.1388,0,0,1,1
9826,118,1474,0.0000,0.0248,0,0,0,1
9827,1156,669,0.6667,0.0455,0,0,1,0
9828,349,40,1.0000,0.0000,0,0,0,0
9829,1579,1397,0.7500,0.0393,0,0,1,1
9830,46,1303,1.0000,0.0020,0,0,0,0
9831,378,87,0.6667,0.0714,0,0,1,0
9832,855,253,1.0000,0.4048,0,0,1,1
9833,643,1094,0.0000,0.0753,0,0,0,1
9834,57,2423,0.0000,0.0000,0,0,0,0
9835,1690,771,0.5000,0.0000,0,0,1,0
9836,439,435,1.0000,0.0000,0,0,0,0
9837,823,1591,0.2000,0.1172,0,0,1,1
9838,523,216,0.5000,0.0000,0,0,0,0
9839,282,681,0.0000,0.0102,0,0,0,1
9840,821,2105,0.5000,0.0513,0,0,1,1
9841,1167,2167,0.2500,0.1358,0,0,0,1
9842,575,1440,0.2500,0.0711,0,0,0,1
9843,181,324,0.0000,0.0678,0,0,0,0
9844,802,3,0.0000,0.0000,0,0,0,0
9845,94,4,0.0000,0.0000,0,0,0,0
9846,109,433,0.0000,0.2778,0,0,0,0
9847,309,19,1.0000,0.0000,0,0,0,0
9848,182,1933,0.0000,0.0031,0,0,0,1
9849,2236,161,0.3333,0.1429,0,0,1,0
9850,319,26,1.0000,0.0000,0,0,0,0
9851,60,1338,0.0000,0.0120,0,0,0,0
9852,349,1088,0.2500,0.0516,0,0,1,1
9853,33,102,1.0000,0.0000,0,0,0,0
9854,286,8153,0.5000,0.0000,0,0,0,1
9855,143,2018,0.0000,0.0035,0,0,0,1
9856,314,990,0.0000,0.0224,0,0,0,0
9857,511,1080,0.0000,0.0150,0,0,0,0
9858,603,8290,0.0000,0.0508,0,0,0,1
9859,323,1041,0.0000,0.0000,0,0,0,1
9860,216,277,1.0000,0.0588,0,0,0,0
9861,1045,17,0.5000,0.0000,0,0,0,0
9862,953,578,0.3333,0.0000,0,0,1,0
9863,1035,2092,0.4000,0.0692,0,0,1,1
9864,48,393,0.0000,0.0000,0,0,0,0
9865,1068,5162,0.5000,0.0026,0,0,0,1
9866,115,150,1.0000,0.0000,0,0,0,0
9867,153,683,0.0000,0.0620,0,0,0,1
9868,573,1402,0.0000,0.0857,0,0,0,0
9869,1090,2463,0.2500,0.0860,0,0,1,0
9870,878,1469,0.2500,0.1089,0,0,1,0
9871,2350,231,0.3333,0.4324,0,0,1,0
9872,186,570,0.0000,0.0874,0,0,0,0
9873,940,3159,0.5000,0.0632,0,0,1,1
9874,1743,7,0.2500,0.0000,0,0,1,0
9875,436,16,0.0000,0.0000,0,0,0,0
9876,302,448,0.0000,0.2800,0,0,0,0
9877,399,467,1.0000,0.0000,0,0,0,0
9878,640,1355,0.3333,0.0718,0,0,0,0
9879,441,1259,0.6667,0.0000,0,0,0,0
9880,598,559,0.6667,0.0000,0,0,0,0
9881,862,1825,0.0000,0.0537,0,0,0,0
9882,4665,6335,0.2500,0.0180,0,0,0,1
9883,960,637,0.6667,0.0000,0,0,0,0
9884,452,749,0.0000,0.0917,0,0,0,1
9885,1872,1273,0.7500,0.0156,0,0,1,1
9886,324,112,0.5000,0.0000,0,0,0,0
9887,990,2644,0.2500,0.0678,0,0,1,0
9888,1693,8,0.2500,0.0000,0,0,1,0
9889,252,1779,1.0000,0.0102,0,0,0,0
9890,1708,7,0.2500,0.0000,0,0,1,0
9891,1786,7,0.2500,0.0000,0,0,1,0
9892,320,28,1.0000,0.0000,0,0,0,0
9893,1020,2709,0.6667,0.1240,0,0,0,0
9894,375,236,0.0000,0.0000,0,0,0,0
9895,414,584,0.0000,0.1446,0,0,0,0
9896,51,637,0.0000,0.0000,0,0,0,0
9897,1123,1054,0.5000,0.0000,0,0,1,0
9898,337,1782,0.0000,0.0036,0,0,0,0
9899,48,922,0.0000,0.0000,0,0,0,0
9900,311,22,1.0000,0.0000,0,0,0,0
9901,221,2056,0.3333,0.0510,0,0,0,0
9902,865,2364,0.2500,0.0415,0,0,1,0
9903,1660,1183,0.4000,0.0045,0,0,1,1
9904,2816,4315,0.4000,0.0282,0,0,0,1
9905,77,452,0.3333,0.0448,0,0,0,0
9906,309,17,1.0000,0.0000,0,0,0,0
9907,1673,47,0.0000,0.0000,0,0,0,0
9908,1821,7,0.2500,0.0000,0,0,1,0
9909,526,1745,0.4000,0.0000,1,0,0,1
9910,588,1328,0.0000,0.0845,0,0,0,1
9911,1171,2449,0.2000,0.0585,0,0,1,1
9912,950,726,0.6667,0.0000,0,0,0,0
9913,700,1527,0.0000,0.0696,0,0,0,1
9914,504,713,1.0000,0.0000,0,0,0,0
9915,36,413,0.0000,0.0000,0,0,0,0
9916,912,1445,0.2500,0.0704,0,0,1,0
9917,122,2573,0.0000,0.0078,0,0,0,1
9918,90,1170,0.0000,0.0695,0,0,0,0
9919,63,140,1.0000,0.0526,0,0,0,0
9920,594,921,0.0000,0.0270,0,0,0,0
9921,639,4770,0.0000,0.0201,0,0,0,1
9922,841,2153,0.4000,0.0602,0,0,1,0
9923,787,672,0.6667,0.0000,0,0,0,0
9924,315,791,0.5000,0.0928,0,0,0,0
9925,3270,2036,0.3333,0.1812,0,0,0,1
9926,920,349,1.0000,0.0833,1,0,0,0
9927,2070,8,0.2500,0.0000,0,0,1,0
9928,1004,2945,0.0000,0.0147,0,0,0,1
9929,1659,1784,0.7500,0.0036,0,0,1,1
9930,367,380,0.6667,0.0000,0,0,0,0
9931,1617,7,0.2500,0.0000,0,0,1,0
9932,597,238,1.0000,0.0000,0,0,0,0
9933,1944,5098,0.2500,0.0129,0,0,0,1
9934,175,825,0.0000,0.0500,0,0,0,0
9935,1252,2502,0.4000,0.1070,0,0,1,1
9936,312,21,1.0000,0.0000,0,0,0,0
9937,29,230,0.0000,0.0000,0,0,0,0
9938,1576,1856,1.0000,0.0962,0,0,1,1
9939,1185,4678,0.2000,0.1282,0,0,1,1
9940,73,919,0.0000,0.1316,0,0,0,1
9941,575,2649,0.0000,0.0185,1,0,0,1
9942,39,13,1.0000,0.0000,0,0,0,0
9943,1394,506,0.0000,0.2500,0,0,0,0
9944,442,60,0.0000,0.0000,0,0,0,0
9945,204,310,0.5000,0.1020,0,0,0,0
9946,318,25,1.0000,0.0000,0,0,0,0
9947,46,104,1.0000,0.0714,0,0,0,0
9948,141,1796,0.0000,0.0000,0,0,0,1
9949,92,1204,0.6667,0.0565,1,0,0,0
9950,236,1160,0.3333,0.0495,0,0,0,0
9951,1318,3238,0.0000,0.0252,0,0,0,0
9952,1284,2987,0.5000,0.0000,0,0,0,0
9953,288,388,0.0000,0.1622,0,0,0,0
9954,1727,5,0.2500,0.0000,0,0,1,0
9955,308,17,1.0000,0.0000,0,0,0,0
9956,178,378,0.0000,0.1912,0,0,0,0
9957,183,127,0.3333,0.0000,0,0,1,0
9958,311,19,1.0000,0.0000,0,0,0,0
9959,963,589,0.3333,0.0000,0,0,0,0
9960,1205,2383,0.6667,0.0890,0,0,1,1
9961,1301,2324,0.4000,0.1099,0,0,0,1
9962,460,1740,0.0000,0.1065,0,0,0,1
9963,557,927,0.3333,0.2968,0,0,0,1
9964,269,201,1.0000,0.0000,0,0,0,0
9965,159,496,0.0000,0.0103,0,0,0,0
9966,1052,3210,0.5000,0.1091,0,0,1,0
9967,306,1138,0.0000,0.0659,0,0,0,0
9968,72,818,0.0000,0.0216,0,0,0,0
9969,548,1368,0.3333,0.1409,1,0,0,0
9970,1451,1461,0.6667,0.0702,0,0,1,0
9971,362,68,0.0000,0.6000,0,0,0,0
9972,1077,485,1.0000,0.0000,0,0,0,0
9973,587,541,1.0000,0.1803,0,0,0,0
9974,1697,3113,0.2000,0.2429,0,0,0,1
9975,24,1375,0.0000,0.0099,0,0,0,1
9976,919,3023,0.5000,0.0662,0,0,1,0
9977,1661,5,0.2500,0.0000,0,0,1,0
9978,44,87,0.0000,0.0000,0,0,0,1
9979,672,2233,0.6667,0.0875,0,0,1,1
9980,1392,1938,0.5000,0.0500,0,0,1,1
9981,199,25,0.0000,0.0000,0,0,0,0
9982,358,1077,0.0000,0.0813,0,0,0,0
9983,166,655,0.0000,0.0000,0,0,0,0
9984,650,3,0.0000,0.0000,0,0,0,0
9985,891,542,1.0000,0.0430,0,0,0,0
9986,998,1745,0.4000,0.1277,0,0,1,1
9987,1306,1019,0.3333,0.0195,0,0,0,1
9988,315,23,1.0000,0.0000,0,0,0,0
9989,1248,3553,0.4000,0.0333,0,0,1,1
9990,210,310,0.0000,0.0000,0,0,0,0
9991,140,1436,0.0000,0.0514,1,0,0,0
9992,424,1636,0.0000,0.0223,0,0,0,0
9993,865,1676,0.6667,0.0410,0,0,1,1
9994,67,214,0.0000,0.0625,0,0,0,0
9995,1365,1670,0.2500,0.1231,0,0,1,0
9996,788,654,1.0000,0.1089,0,0,1,1
9997,1898,239,0.5000,0.0488,0,0,0,0
9998,1659,564,0.2000,0.1304,0,0,1,0
9999,8853,1689,0.8000,0.0340,0,0,1,0
